"p_val","avg_log2FC","pct.1","pct.2","p_val_adj","cluster","gene","supergroup"
0,2.09904257185119,0.91,0.472,0,"0","Zm00001eb427470","leaf_meso"
0,2.05330218491082,0.908,0.429,0,"0","Zm00001eb074530","leaf_meso"
8.30911348935894e-262,2.03496781397513,0.488,0.148,1.91508447702745e-257,"0","Zm00001eb261790","leaf_meso"
2.17339887170701e-101,1.95176636420815,0.254,0.086,5.00924971951031e-97,"0","Zm00001eb019480","leaf_meso"
3.95816551555245e-188,1.82414990887943,0.427,0.143,9.12277988024529e-184,"0","Zm00001eb039810","leaf_meso"
1.88948609702586e-176,1.76475389353688,0.418,0.142,4.3548875564252e-172,"0","Zm00001eb101120","leaf_meso"
2.03039572057367e-169,1.74419610044362,0.442,0.162,4.6796560567782e-165,"0","Zm00001eb060950","leaf_meso"
4.64725391586305e-201,1.61778941078684,0.567,0.233,1.07109908252812e-196,"0","Zm00001eb195760","leaf_meso"
7.6220701045059e-127,1.61396143625672,0.375,0.144,1.75673471768652e-122,"0","Zm00001eb420410","leaf_meso"
4.68698956174956e-99,1.61195371313496,0.268,0.094,1.08025735419204e-94,"0","Zm00001eb075520","leaf_meso"
0,4.37785424488311,0.954,0.167,0,"1","Zm00001eb154280","co_epi_ab"
0,4.37428927215932,0.648,0.074,0,"1","Zm00001eb115840","co_epi_ab"
0,4.34931874774721,0.951,0.61,0,"1","Zm00001eb245610","co_epi_ab"
0,4.33470032613244,0.97,0.296,0,"1","Zm00001eb026500","co_epi_ab"
0,4.31798881417348,0.976,0.197,0,"1","Zm00001eb191480","co_epi_ab"
0,4.24378512191633,0.998,0.287,0,"1","Zm00001eb190060","co_epi_ab"
0,4.23506844343395,0.926,0.158,0,"1","Zm00001eb269960","co_epi_ab"
0,4.21739184662344,0.954,0.197,0,"1","Zm00001eb361000","co_epi_ab"
0,4.21685934184784,0.999,0.475,0,"1","Zm00001eb163880","co_epi_ab"
0,4.20801683705047,0.338,0.036,0,"1","Zm00001eb384740","co_epi_ab"
0,3.16518831402452,0.754,0.251,0,"10","Zm00001eb175860","leaf_vein"
5.16262821524522e-188,2.96690273162216,0.65,0.277,1.18988255104972e-183,"10","Zm00001eb083610","leaf_vein"
1.46686880756447e-223,2.94576770756122,0.318,0.051,3.3808392276746e-219,"10","Zm00001eb186280","leaf_vein"
2.93422357639425e-184,2.86169301354635,0.261,0.041,6.76279849887346e-180,"10","Zm00001eb112750","leaf_vein"
5.34795107585529e-208,2.72211108775884,0.349,0.065,1.23259576396313e-203,"10","Zm00001eb148440","leaf_vein"
4.70571457490194e-151,2.60747380178288,0.257,0.047,1.0845730952234e-146,"10","Zm00001eb069700","leaf_vein"
3.28614247453421e-136,2.58904603365611,0.382,0.11,7.57390117530644e-132,"10","Zm00001eb036880","leaf_vein"
4.67695272345713e-182,2.5508274280156,0.322,0.061,1.0779440637024e-177,"10","Zm00001eb075170","leaf_vein"
1.45325234141676e-120,2.5477275384013,0.276,0.065,3.34945599649736e-116,"10","Zm00001eb164120","leaf_vein"
4.60141144830342e-262,2.52892192473518,0.578,0.152,1.06053331060497e-257,"10","Zm00001eb266370","leaf_vein"
8.41424567056045e-91,2.12269788384721,0.265,0.071,1.93931534215077e-86,"11","Zm00001eb161390","co_meso_ab"
8.5239892957356e-155,1.78507629899629,0.693,0.289,1.96460905288114e-150,"11","Zm00001eb357740","co_meso_ab"
2.57148588288685e-192,1.70078268425706,0.755,0.295,5.92676066287762e-188,"11","Zm00001eb101660","co_meso_ab"
1.27812863879175e-57,1.59711512912634,0.263,0.092,2.94583088668723e-53,"11","Zm00001eb188120","co_meso_ab"
1.06045489862892e-53,1.57277014635201,0.269,0.1,2.44413645035995e-49,"11","Zm00001eb212520","co_meso_ab"
7.12062162076292e-167,1.57088604310385,0.682,0.256,1.64116087115344e-162,"11","Zm00001eb213560","co_meso_ab"
4.50332971787228e-204,1.56535750691289,0.896,0.448,1.0379274333752e-199,"11","Zm00001eb092540","co_meso_ab"
5.13137416109954e-173,1.54596816054522,0.816,0.381,1.18267911665022e-168,"11","Zm00001eb123240","co_meso_ab"
9.07733123832814e-59,1.5373752733594,0.314,0.122,2.09214330380987e-54,"11","Zm00001eb356600","co_meso_ab"
2.49223376891969e-196,1.51261800643204,0.874,0.415,5.74410039060611e-192,"11","Zm00001eb379570","co_meso_ab"
1.6720029441514e-31,1.20958376695239,0.312,0.155,3.85363238568016e-27,"12","Zm00001eb399100","co_meso_core"
3.42826770298198e-57,1.07513657894055,0.515,0.269,7.90147140183288e-53,"12","Zm00001eb023070","co_meso_core"
3.10120681410742e-62,1.07195005839282,0.672,0.398,7.14766146515478e-58,"12","Zm00001eb417150","co_meso_core"
6.10320335687025e-20,1.03927652064064,0.251,0.134,1.40666630969145e-15,"12","Zm00001eb391730","co_meso_core"
2.69023207621722e-43,1.00374272491229,0.504,0.281,6.20044688926544e-39,"12","Zm00001eb041970","co_meso_core"
1.12289784496512e-18,0.989637282976424,0.254,0.14,2.5880549530756e-14,"12","Zm00001eb316580","co_meso_core"
7.82703093664047e-47,0.988413795942625,0.511,0.28,1.8039740902769e-42,"12","Zm00001eb184830","co_meso_core"
1.75214484486197e-20,0.973006321923061,0.382,0.245,4.03834343843788e-16,"12","Zm00001eb192910","co_meso_core"
6.34200565191024e-84,0.966914707417783,0.872,0.643,1.46170546265227e-79,"12","Zm00001eb162620","co_meso_core"
1.04926996492015e-159,0.943477894436707,1,0.898,2.41835741514796e-155,"12","Zm00001eb265890","co_meso_core"
2.54747802936413e-102,1.38433723004663,0.611,0.265,5.87142736207845e-98,"13","Zm00001eb023070","co_meso_core"
5.35940707125737e-44,1.27175993369772,0.284,0.113,1.2352361417834e-39,"13","Zm00001eb162970","co_meso_core"
7.24710913891411e-32,1.23739153098771,0.269,0.121,1.67031371433692e-27,"13","Zm00001eb366850","co_meso_core"
1.6395798595836e-38,1.21043696966918,0.258,0.103,3.77890366036828e-34,"13","Zm00001eb040730","co_meso_core"
4.7873185958998e-88,1.20208109111404,0.656,0.315,1.10338118998299e-83,"13","Zm00001eb198140","co_meso_core"
2.43728484935106e-38,1.17296392986923,0.333,0.155,5.61745412078432e-34,"13","Zm00001eb399100","co_meso_core"
1.41442944477856e-77,1.1205081678723,0.606,0.295,3.25997698432562e-73,"13","Zm00001eb229460","co_meso_core"
8.86000783509994e-101,1.0306355278206,0.841,0.481,2.04205460583383e-96,"13","Zm00001eb300360","co_meso_core"
6.06476432950603e-161,1.02777556102882,0.994,0.897,1.39780688266455e-156,"13","Zm00001eb265900","co_meso_core"
2.08934956220748e-41,0.993947877170997,0.403,0.196,4.81553287097579e-37,"13","Zm00001eb404040","co_meso_core"
3.57377370767848e-52,1.45341063774149,0.636,0.449,8.23683364145737e-48,"14","Zm00001eb296870","leaf_most"
1.27582157920335e-06,1.08727512216409,0.273,0.226,0.0294051357574789,"14","Zm00001eb255670","leaf_most"
3.27008999396991e-84,1.02452671677466,0.965,0.624,7.53690341810184e-80,"14","Zm00001eb073810","leaf_most"
1.62072961528135e-40,1.02250370325104,0.679,0.467,3.73545761730047e-36,"14","Zm00001eb404260","leaf_most"
9.71926356191126e-77,1.01551693260596,0.94,0.64,2.24009586574931e-72,"14","Zm00001eb363810","leaf_most"
1.63126078618259e-65,0.993035835580797,0.86,0.541,3.75972985999364e-61,"14","Zm00001eb297760","leaf_most"
2.8803479140997e-10,0.987860617697467,0.431,0.384,6.63862587241698e-06,"14","Zm00001eb408800","leaf_most"
4.51772118072572e-51,0.97765773715545,0.878,0.61,1.04124437773366e-46,"14","Zm00001eb142540","leaf_most"
1.00609989757388e-81,0.960299460040523,0.985,0.664,2.31885904392828e-77,"14","Zm00001eb188180","leaf_most"
1.59982085769149e-29,0.957526712092495,0.678,0.533,3.68726711280734e-25,"14","Zm00001eb054200","leaf_most"
0,3.73184845033175,0.971,0.269,0,"15","Zm00001eb184830","co_epi_ad"
0,3.53485665530283,0.72,0.102,0,"15","Zm00001eb162970","co_epi_ad"
9.72623228678983e-267,3.50623403159964,0.324,0.032,2.24170201745932e-262,"15","Zm00001eb210390","co_epi_ad"
0,3.39860676593009,0.717,0.125,0,"15","Zm00001eb162960","co_epi_ad"
3.6467465654639e-267,3.27262538663607,0.446,0.063,8.4050214840812e-263,"15","Zm00001eb225510","co_epi_ad"
5.61334118380949e-288,2.67457130458179,0.88,0.272,1.29376287604441e-283,"15","Zm00001eb041970","co_epi_ad"
8.76000982934175e-122,2.55323845971485,0.308,0.059,2.01900706546669e-117,"15","Zm00001eb431780","co_epi_ad"
1.09686786407414e-264,2.37816898172804,0.934,0.393,2.52806105311809e-260,"15","Zm00001eb417150","co_epi_ad"
1.38932511803612e-98,2.22832250779376,0.31,0.07,3.20211653204966e-94,"15","Zm00001eb015080","co_epi_ad"
1.54073131980567e-253,2.06207252790863,0.962,0.427,3.55107754588811e-249,"15","Zm00001eb221130","co_epi_ad"
1.02661577093906e-57,2.04303995739059,0.277,0.079,2.36614402886036e-53,"16","Zm00001eb228500","co_meso_core"
1.18251025782867e-63,1.9841840625571,0.319,0.095,2.72544964224351e-59,"16","Zm00001eb228510","co_meso_core"
1.47414096312037e-103,1.92155433525905,0.586,0.211,3.39760009179983e-99,"16","Zm00001eb079730","co_meso_core"
2.6151555841205e-56,1.88916813236173,0.329,0.108,6.02741059028093e-52,"16","Zm00001eb053700","co_meso_core"
9.05661913990421e-67,1.78271631452773,0.465,0.175,2.08736957936512e-62,"16","Zm00001eb404760","co_meso_core"
1.72611919836707e-58,1.75803560374616,0.321,0.099,3.97835952839642e-54,"16","Zm00001eb131630","co_meso_core"
2.7567594858896e-106,1.75768567735574,0.576,0.19,6.35377926307835e-102,"16","Zm00001eb270300","co_meso_core"
2.76020250808358e-63,1.74366065818331,0.358,0.114,6.36171474063105e-59,"16","Zm00001eb003240","co_meso_core"
8.22218405149477e-43,1.71132962172504,0.257,0.084,1.89504898018852e-38,"16","Zm00001eb071090","co_meso_core"
2.46801688431125e-60,1.69976274519785,0.677,0.378,5.68828531496056e-56,"16","Zm00001eb355980","co_meso_core"
3.59896596532095e-257,3.30980845511111,0.816,0.23,8.29489675687174e-253,"17","Zm00001eb202200","co_meso_nearvein"
5.45685486478404e-224,3.11338404276447,0.591,0.121,1.25769590923542e-219,"17","Zm00001eb169480","co_meso_nearvein"
1.52408708912849e-141,2.47073378290611,0.476,0.108,3.51271592302336e-137,"17","Zm00001eb044060","co_meso_nearvein"
9.29625100754662e-74,2.36930183035688,0.27,0.062,2.14259993221934e-69,"17","Zm00001eb006660","co_meso_nearvein"
5.7765223439266e-62,2.26784076422185,0.304,0.087,1.3313728698282e-57,"17","Zm00001eb249200","co_meso_nearvein"
1.75622941861886e-104,2.26382982685864,0.415,0.105,4.04775756403275e-100,"17","Zm00001eb068160","co_meso_nearvein"
3.9520324961674e-110,2.25213312096912,0.432,0.109,9.10864449716663e-106,"17","Zm00001eb057440","co_meso_nearvein"
1.73094268551704e-86,2.15760392640262,0.268,0.054,3.98947670157967e-82,"17","Zm00001eb077130","co_meso_nearvein"
7.02402794111538e-79,2.13031626519845,0.306,0.073,1.61889795986827e-74,"17","Zm00001eb359290","co_meso_nearvein"
4.84074740068277e-174,2.03924209843716,0.981,0.686,1.11569546090936e-169,"17","Zm00001eb242690","co_meso_nearvein"
1.59052012806863e-63,2.06344580361488,0.319,0.089,3.66583079117258e-59,"18","Zm00001eb382940","sample_vari"
2.2630025108664e-87,1.95922302872765,0.539,0.192,5.21576818704487e-83,"18","Zm00001eb367250","sample_vari"
4.37415026754017e-94,1.95283021078341,0.546,0.183,1.00815415366266e-89,"18","Zm00001eb310760","sample_vari"
2.23930973202724e-97,1.90556785760983,0.679,0.288,5.16116107037637e-93,"18","Zm00001eb142230","sample_vari"
4.91165308978808e-63,1.87136699992614,0.36,0.111,1.13203780413436e-58,"18","Zm00001eb364940","sample_vari"
3.01598776043068e-72,1.85735275785797,0.413,0.128,6.95124859024063e-68,"18","Zm00001eb205210","sample_vari"
8.83521411413597e-53,1.82494854393218,0.284,0.081,2.03634014902606e-48,"18","Zm00001eb401080","sample_vari"
7.79872680996223e-45,1.78190845383078,0.279,0.089,1.7974505551601e-40,"18","Zm00001eb134870","sample_vari"
7.68652613084107e-49,1.77323799805086,0.299,0.094,1.77159054263625e-44,"18","orf99-d-XLOC-043654","sample_vari"
1.15078030934414e-112,1.74267758052281,0.729,0.292,2.65231845697637e-108,"18","Zm00001eb127460","sample_vari"
1.28479853139942e-203,2.03361219712434,0.93,0.318,2.96120365516938e-199,"19","Zm00001eb190060","co_epi_ab"
3.66497425407187e-47,2.01557137249267,0.291,0.086,8.44703266078485e-43,"19","Zm00001eb198080","co_epi_ab"
1.46229193153336e-175,1.8806956579228,1,0.666,3.37029044379808e-171,"19","Zm00001eb090830","co_epi_ab"
6.03417611481277e-95,1.8443179701979,0.598,0.199,1.39075691094205e-90,"19","Zm00001eb176110","co_epi_ab"
2.15633745805744e-133,1.82132818712186,0.915,0.625,4.96992657333079e-129,"19","Zm00001eb245610","co_epi_ab"
5.94365969518175e-48,1.80509312998854,0.329,0.105,1.36989468654549e-43,"19","Zm00001eb115840","co_epi_ab"
6.14032356687544e-164,1.78898092785538,1,0.794,1.41522177569345e-159,"19","Zm00001eb080380","co_epi_ab"
1.4864713693822e-162,1.78408526574425,0.99,0.68,3.42601921215209e-158,"19","Zm00001eb136750","co_epi_ab"
6.26437395040734e-173,1.74541837438516,1,0.599,1.44381290808988e-168,"19","Zm00001eb245620","co_epi_ab"
1.0392835344987e-32,1.72327969748158,0.299,0.113,2.3953406903126e-28,"19","Zm00001eb392870","co_epi_ab"
0,3.06044651547589,0.594,0.14,0,"2","Zm00001eb087960","co_meso_polar"
3.8150321555078e-181,2.35872006178458,0.299,0.066,8.79288611201439e-177,"2","Zm00001eb287770","co_meso_polar"
0,2.34491928832136,0.931,0.498,0,"2","Zm00001eb429480","co_meso_polar"
0,2.12277387503041,0.952,0.536,0,"2","Zm00001eb356910","co_meso_polar"
1.30496667596929e-270,2.08850106928903,0.545,0.153,3.00768719477402e-266,"2","Zm00001eb011940","co_meso_polar"
6.51941570468005e-286,2.08442962203064,0.665,0.228,1.50259493161466e-281,"2","Zm00001eb224430","co_meso_polar"
1.21355172817586e-156,2.05882246330075,0.301,0.074,2.79699402309971e-152,"2","Zm00001eb300130","co_meso_polar"
0,1.98606552712054,0.936,0.427,0,"2","Zm00001eb002270","co_meso_polar"
0,1.96868276643305,0.851,0.341,0,"2","Zm00001eb039010","co_meso_polar"
1.42413958101227e-181,1.96712106768687,0.44,0.137,3.28235690631709e-177,"2","Zm00001eb018040","co_meso_polar"
0,5.77606424448338,0.751,0.044,0,"20","Zm00001eb279030","co_vein_ab"
0,5.62833675280342,0.475,0.018,0,"20","Zm00001eb043170","co_vein_ab"
0,5.62572993394076,0.467,0.019,0,"20","Zm00001eb373380","co_vein_ab"
0,5.61205225428286,0.449,0.016,0,"20","Zm00001eb027390","co_vein_ab"
0,5.57485047694407,0.261,0.006,0,"20","Zm00001eb416830","co_vein_ab"
0,5.51088074382426,0.49,0.022,0,"20","Zm00001eb267230","co_vein_ab"
0,5.49977344043072,0.431,0.013,0,"20","Zm00001eb166490","co_vein_ab"
0,5.47363822558577,0.569,0.017,0,"20","Zm00001eb261900","co_vein_ab"
0,5.43738103287289,0.647,0.039,0,"20","Zm00001eb336100","co_vein_ab"
0,5.43312484645853,0.614,0.031,0,"20","Zm00001eb408900","co_vein_ab"
3.41428336907942e-54,2.23677884280044,0.474,0.199,7.86924030905424e-50,"21","Zm00001eb294180","co_meso_ab"
1.13034722304665e-33,1.88906376841596,0.405,0.191,2.60522427967793e-29,"21","Zm00001eb230820","co_meso_ab"
1.37828394698961e-44,1.79469069975802,0.376,0.137,3.17666884102166e-40,"21","Zm00001eb310270","co_meso_ab"
2.63027043794325e-32,1.74275004952688,0.353,0.148,6.06224730537161e-28,"21","Zm00001eb249690","co_meso_ab"
6.43423543566313e-39,1.74267036243024,0.366,0.141,1.48296258321164e-34,"21","Zm00001eb148310","co_meso_ab"
1.84182446489975e-35,1.70603083467662,0.495,0.254,4.24503702670095e-31,"21","Zm00001eb391600","co_meso_ab"
7.6852300733083e-26,1.68284795884364,0.307,0.132,1.7712918272961e-21,"21","Zm00001eb339970","co_meso_ab"
2.57892785735459e-24,1.55066440869131,0.284,0.119,5.94391292563086e-20,"21","Zm00001eb021350","co_meso_ab"
3.79721764603815e-30,1.52234282950559,0.466,0.246,8.75182723058873e-26,"21","Zm00001eb192910","co_meso_ab"
1.16813286242902e-39,1.5189651991303,0.58,0.31,2.6923126213264e-35,"21","Zm00001eb348520","co_meso_ab"
2.02949052613509e-84,2.54559610873917,0.311,0.062,4.67756976463617e-80,"22","Zm00001eb431780","leaf_most"
1.12325065335426e-148,2.33757227754255,0.703,0.197,2.5888681058509e-144,"22","Zm00001eb206510","leaf_most"
1.21165110918319e-188,2.24402644485106,0.955,0.406,2.79261347644541e-184,"22","Zm00001eb288310","leaf_most"
2.99549644106551e-204,2.23723066494404,1,0.667,6.90402019736779e-200,"22","Zm00001eb333780","leaf_most"
5.66842025630956e-163,2.11943158043987,0.866,0.291,1.30645750067423e-158,"22","Zm00001eb127460","leaf_most"
2.38993742498293e-184,2.09874115778675,0.966,0.431,5.50832777710067e-180,"22","Zm00001eb221130","leaf_most"
1.63488551299666e-57,2.06469813476472,0.297,0.075,3.7680841303547e-53,"22","Zm00001eb373520","leaf_most"
3.25551475904198e-81,2.05638372398851,0.674,0.282,7.50331041663996e-77,"22","Zm00001eb041970","leaf_most"
8.25724206862864e-192,2.0534425501289,0.995,0.568,1.90312915197753e-187,"22","Zm00001eb053160","leaf_most"
1.87402274288272e-142,2.02352252112958,0.861,0.339,4.31924761779609e-138,"22","Zm00001eb291190","leaf_most"
0,4.79891808490896,0.487,0.032,0,"23","Zm00001eb067740","leaf_meso"
4.90199175617206e-254,4.39208648071954,0.332,0.024,1.12981105996254e-249,"23","Zm00001eb067800","leaf_meso"
7.66953335714879e-128,3.82820837300349,0.321,0.044,1.76767404815565e-123,"23","Zm00001eb184780","leaf_meso"
2.37196368392121e-238,3.46636233788748,0.711,0.133,5.4669018987016e-234,"23","Zm00001eb388750","leaf_meso"
5.37608861580641e-104,2.99567731499562,0.446,0.1,1.23908090417106e-99,"23","Zm00001eb349810","leaf_meso"
1.27229636992873e-112,2.90840227564159,0.539,0.136,2.93238867341173e-108,"23","Zm00001eb184610","leaf_meso"
1.37989931406066e-41,2.86901808580062,0.28,0.083,3.18039193904702e-37,"23","Zm00001eb008680","leaf_meso"
2.16696625986465e-90,2.83760319256801,0.289,0.048,4.99442383573605e-86,"23","Zm00001eb051450","leaf_meso"
1.85507803065387e-123,2.810807899888,0.778,0.289,4.27558384505104e-119,"23","Zm00001eb142230","leaf_meso"
7.43352517296226e-77,2.78401621301235,0.294,0.057,1.71327888186434e-72,"23","Zm00001eb400000","leaf_meso"
1.04087451645785e-11,0.955442198251416,0.736,0.451,2.39900758553204e-07,"24","Zm00001eb296870","sample_vari"
2.56181519784041e-14,0.906774440056851,0.524,0.285,5.90447166798257e-10,"24","Zm00001eb069040","sample_vari"
9.65331167177038e-10,0.872375089723816,0.692,0.45,2.22489527410964e-05,"24","Zm00001eb169580","sample_vari"
4.77326475473703e-12,0.809803858376144,0.919,0.572,1.10014206067179e-07,"24","Zm00001eb140890","sample_vari"
3.6565500470361e-08,0.77083240615102,0.912,0.602,0.00084276165484088,"24","Zm00001eb362860","sample_vari"
5.11074121857518e-15,0.725909973421346,0.846,0.504,1.17792363605721e-10,"24","Zm00001eb378600","sample_vari"
3.94206485822571e-11,0.686022120224343,0.824,0.507,9.08567108523861e-07,"24","Zm00001eb084890","sample_vari"
1.67746101574598e-16,0.666414495611341,0.824,0.483,3.86621214909134e-12,"24","Zm00001eb079360","sample_vari"
3.71012822033425e-12,0.656781253789331,0.879,0.574,8.55110352222637e-08,"24","Zm00001eb019470","sample_vari"
3.00984580065624e-11,0.649415477873882,0.139,0.377,6.9370926013525e-07,"24","Zm00001eb062220","sample_vari"
0,5.44491575807841,0.455,0.016,0,"25","Zm00001eb328340","co_vein_ad"
0,5.32880633423255,0.719,0.04,0,"25","Zm00001eb258520","co_vein_ad"
0,5.19708572073641,0.893,0.073,0,"25","Zm00001eb244910","co_vein_ad"
0,5.00533607453678,0.664,0.047,0,"25","Zm00001eb408350","co_vein_ad"
0,4.970984569746,0.482,0.024,0,"25","Zm00001eb251130","co_vein_ad"
3.62217031759305e-272,4.83732106700388,0.344,0.018,8.34837814798846e-268,"25","Zm00001eb005460","co_vein_ad"
0,4.78649534145619,0.98,0.14,0,"25","Zm00001eb083840","co_vein_ad"
0,4.72189898153311,0.874,0.113,0,"25","Zm00001eb342500","co_vein_ad"
0,4.7039730558363,0.767,0.059,0,"25","Zm00001eb021470","co_vein_ad"
2.49657267749963e-207,4.67310841469991,0.32,0.021,5.75410070710116e-203,"25","Zm00001eb367900","co_vein_ad"
5.27672878342514e-07,0.983939338026502,0.27,0.153,0.0121618045000383,"26","Zm00001eb038560","co_meso_core"
1.56666367191101e-07,0.937573720063653,0.515,0.395,0.00361084643102049,"26","Zm00001eb324270","co_meso_core"
1.02612838575547e-08,0.902323007227902,0.288,0.156,0.000236502070348921,"26","Zm00001eb020970","co_meso_core"
4.88926988938436e-11,0.899502704999996,0.472,0.283,1.12687892410531e-06,"26","Zm00001eb156190","co_meso_core"
1.84101743383233e-12,0.889224810691136,0.258,0.107,4.24317698149676e-08,"26","Zm00001eb411520","co_meso_core"
9.3427295749238e-11,0.828939531791155,0.845,0.753,2.15331231242844e-06,"26","rrn26-XLOC-043610","co_meso_core"
5.45955066566214e-08,0.725614439202614,0.373,0.224,0.00125831723742181,"26","Zm00001eb104190","co_meso_core"
2.2982787145169e-07,0.702702694200535,0.348,0.212,0.00529707278121855,"26","Zm00001eb061320","co_meso_core"
2.44016733749563e-08,0.668019830962162,0.468,0.298,0.000562409767945992,"26","Zm00001eb079790","co_meso_core"
1.10012461568512e-15,0.662316112343589,0.803,0.596,2.53556721423107e-11,"26","Zm00001eb066060","co_meso_core"
0,5.81630910075997,0.302,0.008,0,"27","Zm00001eb416770","co_epi_ab"
1.35444153311155e-274,5.28492764024365,0.481,0.031,3.1217168455155e-270,"27","Zm00001eb207550","co_epi_ab"
0,5.21642416342948,0.41,0.016,0,"27","Zm00001eb278010","co_epi_ab"
0,5.11800512696287,0.524,0.031,0,"27","Zm00001eb282040","co_epi_ab"
3.0189867516286e-210,4.4820694530279,0.255,0.011,6.9581606651536e-206,"27","Zm00001eb127240","co_epi_ab"
8.22626671503863e-119,4.10160852209515,0.698,0.161,1.8959899524821e-114,"27","Zm00001eb087960","co_epi_ab"
7.39943343370285e-89,4.01235077396703,0.325,0.043,1.70542141779983e-84,"27","Zm00001eb137380","co_epi_ab"
3.96127325644173e-128,3.7551052510192,0.321,0.029,9.12994260144691e-124,"27","Zm00001eb293010","co_epi_ab"
8.00031777335552e-142,3.65308377300897,0.708,0.135,1.84391324040298e-137,"27","Zm00001eb071050","co_epi_ab"
9.46319651375284e-97,3.62145810686764,0.486,0.087,2.18107753248976e-92,"27","Zm00001eb174420","co_epi_ab"
0,6.68870662158034,0.473,0.006,0,"28","Zm00001eb286970","sample_vari"
0,6.36677852669297,0.814,0.02,0,"28","Zm00001eb396340","sample_vari"
0,6.33256281135506,0.318,0.004,0,"28","Zm00001eb043080","sample_vari"
0,6.17258299718718,0.372,0.006,0,"28","Zm00001eb065620","sample_vari"
0,6.13079099665373,0.791,0.027,0,"28","Zm00001eb228340","sample_vari"
2.19760399270186e-320,6.11497137628243,0.271,0.005,5.06503768237926e-316,"28","Zm00001eb123910","sample_vari"
0,6.08604211912572,0.45,0.009,0,"28","Zm00001eb245480","sample_vari"
0,6.01222797454336,0.597,0.013,0,"28","Zm00001eb297200","sample_vari"
0,5.90717547498068,0.426,0.011,0,"28","Zm00001eb189370","sample_vari"
0,5.90344547037335,0.465,0.01,0,"28","Zm00001eb100800","sample_vari"
5.11299442341255e-226,3.38605843230708,0.651,0.043,1.17844295470812e-221,"29","Zm00001eb137380","sample_vari"
1.78701699228112e-45,2.98590517011421,0.31,0.045,4.11871676380952e-41,"29","Zm00001eb300670","sample_vari"
7.10499947516041e-85,2.95271004048724,0.587,0.089,1.63756027903497e-80,"29","Zm00001eb076260","sample_vari"
6.02115431783177e-83,2.95262157960658,0.96,0.324,1.38775564717387e-78,"29","Zm00001eb198140","sample_vari"
2.25127175543234e-77,2.93361970872509,0.984,0.487,5.18873114192047e-73,"29","Zm00001eb186570","sample_vari"
4.74488240043531e-38,2.9261239417888,0.262,0.038,1.09360049565233e-33,"29","Zm00001eb250040","sample_vari"
4.36087719287196e-103,2.69981259574874,0.706,0.105,1.00509497541313e-98,"29","Zm00001eb411520","sample_vari"
5.44020223357091e-73,2.66561760015213,0.992,0.577,1.25385781079342e-68,"29","Zm00001eb306400","sample_vari"
1.17895471221828e-68,2.51775633437581,0.857,0.281,2.7172548207207e-64,"29","Zm00001eb156190","sample_vari"
3.4377554828868e-37,2.49241857315002,0.349,0.065,7.9233388369575e-33,"29","Zm00001eb006660","sample_vari"
8.47124956359401e-320,2.55235676162065,0.523,0.125,1.95245359941715e-315,"3","Zm00001eb025690","co_meso_core"
1.64125195240464e-42,2.29286931684985,0.334,0.183,3.78275749990222e-38,"3","Zm00001eb335210","co_meso_core"
1.03599975072169e-174,2.22126076523066,0.369,0.1,2.38777222546335e-170,"3","Zm00001eb185300","co_meso_core"
1.78129679332296e-234,2.17376695648235,0.683,0.284,4.10553284925076e-230,"3","Zm00001eb229460","co_meso_core"
3.57240234122884e-188,2.06915453207206,0.623,0.257,8.23367291606423e-184,"3","Zm00001eb023070","co_meso_core"
9.92752182921184e-267,2.03993985585097,0.549,0.153,2.28809523119674e-262,"3","Zm00001eb087230","co_meso_core"
9.66292612094352e-285,2.01571892928031,0.87,0.467,2.22711121235506e-280,"3","Zm00001eb186570","co_meso_core"
0,2.00280068650424,0.832,0.311,0,"3","Zm00001eb163830","co_meso_core"
3.54587806636874e-153,1.82903180955893,0.689,0.368,8.17253976736667e-149,"3","Zm00001eb355980","co_meso_core"
2.05384009441308e-114,1.76416306237433,0.327,0.106,4.73369064960327e-110,"3","Zm00001eb324230","co_meso_core"
0,7.27939008121955,0.528,0.012,0,"30","Zm00001eb381280","sample_vari"
0,6.62371628798849,0.301,0.004,0,"30","Zm00001eb388220","sample_vari"
0,6.43650090690262,0.504,0.012,0,"30","Zm00001eb289190","sample_vari"
0,6.37263111579675,0.797,0.044,0,"30","Zm00001eb150050","sample_vari"
3.36545398085388e-300,6.28392177230762,0.252,0.004,7.75669833507201e-296,"30","Zm00001eb113200","sample_vari"
0,6.14924587519049,0.528,0.019,0,"30","Zm00001eb079530","sample_vari"
1.59314286586403e-147,6.13966952398333,0.488,0.037,3.67187567724342e-143,"30","Zm00001eb157820","sample_vari"
1.6303878095873e-278,5.89871549647988,0.276,0.005,3.7577178235368e-274,"30","Zm00001eb308650","sample_vari"
7.61211326626147e-184,5.84805076961161,0.26,0.008,1.75443986560794e-179,"30","Zm00001eb012570","sample_vari"
0,5.75785296064003,0.407,0.011,0,"30","Zm00001eb298310","sample_vari"
7.48042903330942e-119,5.22248430625574,0.778,0.09,1.72408928359715e-114,"31","Zm00001eb154550","sample_vari"
1.09254917956893e-180,5.13332640692413,0.815,0.062,2.51810734907047e-176,"31","Zm00001eb327110","sample_vari"
3.93928832431538e-204,4.97785915935019,0.741,0.044,9.07927172988208e-200,"31","Zm00001eb137380","sample_vari"
3.00249979521639e-98,4.85285920434047,0.284,0.013,6.92016152801474e-94,"31","Zm00001eb298580","sample_vari"
3.79610907489249e-95,4.84805126162495,0.259,0.011,8.7492721958122e-91,"31","Zm00001eb153660","sample_vari"
7.69744547322784e-167,4.54341296815658,0.79,0.063,1.77410723266955e-162,"31","Zm00001eb332570","sample_vari"
2.16396876768332e-144,4.21015930896699,0.556,0.033,4.98751521575653e-140,"31","Zm00001eb088150","sample_vari"
2.65087430172549e-51,4.12215953088919,0.815,0.264,6.10973509061692e-47,"31","Zm00001eb208760","sample_vari"
9.88857094701468e-133,4.11096449187159,0.741,0.067,2.27911783186794e-128,"31","Zm00001eb104470","sample_vari"
6.91248118888761e-133,4.01458159504329,0.765,0.071,1.59318866441482e-128,"31","Zm00001eb285960","sample_vari"
0,10.3312378081322,0.683,0.001,0,"32","Zm00001eb013810","sample_vari"
0,9.83594073693788,0.667,0.002,0,"32","Zm00001eb123800","sample_vari"
0,9.77181039951817,0.524,0.001,0,"32","Zm00001eb026630","sample_vari"
0,9.50502385882327,0.603,0.001,0,"32","Zm00001eb372230","sample_vari"
0,9.23294431338647,0.524,0.001,0,"32","Zm00001eb150540","sample_vari"
0,9.0849682847778,0.873,0.004,0,"32","Zm00001eb254540","sample_vari"
0,8.87360663280967,0.889,0.005,0,"32","Zm00001eb332160","sample_vari"
0,8.72741628015971,0.556,0.002,0,"32","Zm00001eb028760","sample_vari"
0,8.64285198490124,0.794,0.004,0,"32","Zm00001eb290330","sample_vari"
0,8.63430687576823,0.825,0.004,0,"32","Zm00001eb249210","sample_vari"
4.70120089775712e-177,2.62744646943498,0.3,0.066,1.08353278291506e-172,"4","Zm00001eb161390","co_epi_ab"
2.08637071327261e-309,2.50434894722816,0.574,0.149,4.80866721995072e-305,"4","Zm00001eb036850","co_epi_ab"
8.26700240732878e-108,2.34986164069808,0.259,0.074,1.90537871484114e-103,"4","Zm00001eb228500","co_epi_ab"
0,2.28721965211995,0.918,0.399,0,"4","Zm00001eb200050","co_epi_ab"
9.97123286436804e-320,2.28538728019236,0.691,0.22,2.29816975057955e-315,"4","Zm00001eb067380","co_epi_ab"
0,2.26290415056197,0.779,0.243,0,"4","Zm00001eb213560","co_epi_ab"
3.00172251616864e-178,2.22879212199624,0.332,0.079,6.91837005526548e-174,"4","Zm00001eb040350","co_epi_ab"
8.74201351026011e-196,2.20928283374537,0.555,0.201,2.01485927384475e-191,"4","Zm00001eb079730","co_epi_ab"
0,2.2091901807261,0.843,0.266,0,"4","Zm00001eb419530","co_epi_ab"
6.98902342048294e-184,2.20322311727549,0.432,0.129,1.61083011795291e-179,"4","Zm00001eb405160","co_epi_ab"
0,4.12989867431196,0.271,0.02,0,"5","Zm00001eb032920","SAM_P4"
2.1476850005617e-198,3.81049509127379,0.325,0.072,4.9499843892946e-194,"5","Zm00001eb048540","SAM_P4"
0,3.78471090953308,0.278,0.022,0,"5","Zm00001eb144140","SAM_P4"
0,3.7037697997367,0.564,0.07,0,"5","Zm00001eb005740","SAM_P4"
0,3.48465343306163,0.402,0.049,0,"5","Zm00001eb217540","SAM_P4"
0,3.16375905877592,0.595,0.098,0,"5","Zm00001eb217780","SAM_P4"
0,3.14676441611478,0.541,0.084,0,"5","Zm00001eb331880","SAM_P4"
0,3.13801308628317,0.782,0.165,0,"5","Zm00001eb010460","SAM_P4"
0,3.10649041260903,0.402,0.055,0,"5","Zm00001eb071990","SAM_P4"
3.95252516672997e-323,3.09029455225302,0.317,0.042,9.10978000427924e-319,"5","Zm00001eb071850","SAM_P4"
1.67996962083939e-310,2.69753953264334,0.708,0.254,3.87199398211062e-306,"6","Zm00001eb023070","co_meso_core"
2.52246340771305e-171,1.9675554486403,0.438,0.131,5.81377366209705e-167,"6","Zm00001eb025690","co_meso_core"
0,1.77233211746305,1,0.895,0,"6","Zm00001eb265900","co_meso_core"
4.67208392961935e-98,1.76344638417541,0.314,0.104,1.07682190409867e-93,"6","Zm00001eb185300","co_meso_core"
2.89870509924252e-256,1.72691164874425,0.778,0.316,6.68093551273416e-252,"6","Zm00001eb163830","co_meso_core"
4.03250514926634e-106,1.69986367062862,0.362,0.126,9.29411786802907e-102,"6","Zm00001eb391730","co_meso_core"
1.2367082056147e-90,1.61094270783196,0.31,0.105,2.85036507230075e-86,"6","Zm00001eb039920","co_meso_core"
1.25492901766601e-137,1.58891281239138,0.513,0.201,2.89236039991663e-133,"6","Zm00001eb292010","co_meso_core"
2.78074645722145e-96,1.58589066262866,0.384,0.149,6.40906443460401e-92,"6","Zm00001eb399100","co_meso_core"
1.87925649440144e-113,1.55731969114317,0.429,0.161,4.33131036829645e-109,"6","Zm00001eb087230","co_meso_core"
1.45868861788599e-135,1.29646351511871,0.699,0.352,3.36198552650363e-131,"7","Zm00001eb039010","co_meso_core"
1.67825974293883e-181,1.21988039474997,0.852,0.475,3.86805305552542e-177,"7","Zm00001eb300360","co_meso_core"
2.73023349133582e-234,1.16406868410067,0.998,0.733,6.2926421508308e-230,"7","Zm00001eb404790","co_meso_core"
5.34172108091736e-67,1.14999110734548,0.464,0.236,1.23115987472983e-62,"7","Zm00001eb369710","co_meso_core"
4.07392941374689e-08,1.1002442531955,0.25,0.188,0.000938959251280382,"7","Zm00001eb335210","co_meso_core"
2.31968325604239e-110,1.0634945783907,0.716,0.387,5.34640596852649e-106,"7","Zm00001eb314570","co_meso_core"
4.80159503401926e-48,1.04702618011687,0.355,0.173,1.10667162344076e-43,"7","Zm00001eb404760","co_meso_core"
6.21150482598847e-132,1.03747038228877,0.881,0.636,1.43162763229382e-127,"7","Zm00001eb013430","co_meso_core"
2.19841133047025e-30,1.03304139554798,0.257,0.132,5.06689843446783e-26,"7","Zm00001eb299050","co_meso_core"
8.49869921602948e-118,1.031718430771,0.776,0.439,1.95878019531048e-113,"7","Zm00001eb192470","co_meso_core"
0,2.72537637740462,0.547,0.103,0,"8","Zm00001eb001630","leaf_meso"
0,2.61890573480082,0.761,0.217,0,"8","Zm00001eb113170","leaf_meso"
1.58038591658729e-172,2.52368099294563,0.285,0.052,3.64247346055038e-168,"8","Zm00001eb364920","leaf_meso"
5.84560622817961e-256,2.51470352212741,0.528,0.129,1.34729532347084e-251,"8","Zm00001eb292690","leaf_meso"
2.34630230775612e-152,2.49788209223339,0.269,0.052,5.40775755891632e-148,"8","Zm00001eb321030","leaf_meso"
6.36661976547703e-204,2.47967025758221,0.394,0.085,1.46737852354715e-199,"8","Zm00001eb090850","leaf_meso"
4.20175734378714e-154,2.41153206946603,0.278,0.054,9.6842103259606e-150,"8","Zm00001eb286720","leaf_meso"
8.5130136190189e-136,2.25445967009578,0.271,0.057,1.96207937891148e-131,"8","Zm00001eb366880","leaf_meso"
7.72063195660485e-245,2.2054259288626,0.533,0.131,1.77945125335829e-240,"8","Zm00001eb036480","leaf_meso"
3.0888029405263e-117,2.11583928043724,0.27,0.064,7.11907301732501e-113,"8","Zm00001eb143570","leaf_meso"
1.5506142630114e-17,1.17624802717308,0.253,0.154,3.57385575338867e-13,"9","Zm00001eb262690","co_meso_core"
1.54897996480217e-122,1.09207906557239,0.843,0.547,3.57008902287603e-118,"9","Zm00001eb356910","co_meso_core"
4.93976353883663e-143,1.04558205110034,0.888,0.505,1.13851670043107e-138,"9","Zm00001eb001950","co_meso_core"
7.80172806568011e-64,0.973408000610312,0.564,0.297,1.79814228457795e-59,"9","Zm00001eb318610","co_meso_core"
3.5982100498132e-145,0.969505327045188,0.992,0.707,8.29315452280946e-141,"9","Zm00001eb116010","co_meso_core"
4.7332076224757e-154,0.966630735151319,0.961,0.629,1.0909096928282e-149,"9","Zm00001eb197410","co_meso_core"
3.47200790002636e-30,0.959645880295025,0.319,0.17,8.00228380798075e-26,"9","Zm00001eb011940","co_meso_core"
3.31603726574099e-29,0.953336607847214,0.361,0.209,7.64280269007983e-25,"9","Zm00001eb061490","co_meso_core"
1.53727060327111e-143,0.939903692403787,0.959,0.679,3.54310128641925e-139,"9","Zm00001eb280560","co_meso_core"
8.72445323004133e-176,0.936637728267693,0.999,0.802,2.01081198045993e-171,"9","Zm00001eb151750","co_meso_core"
