Barcode,section
AAACAAGTATCTCCCA-1,Section04
AAACAGAGCGACTCCT-1,Section02
AAACAGTGTTCCTGGG-1,Section03
AAACATTTCCCGGATT-1,Section04
AAACCCGAACGAAATC-1,
AAACCGGAAATGTTAA-1,Section04
AAACGAGACGGTTGAT-1,
AAACGCTGGGCACGAC-1,Section04
AAACGGGCGTACGGGT-1,Section04
AAACGGTTGCGAACTG-1,Section03
AAACTAACGTGGCGAC-1,Section02
AAACTCGTGATATAAG-1,Section02
AAACTGCTGGCTCCAA-1,
AAAGAATGTGGACTAA-1,Section04
AAAGGCCCTATAATAC-1,Section03
AAAGGCTACGGACCAT-1,Section03
AAAGGCTCTCGCGCCG-1,Section03
AAAGGGATGTAGCAAG-1,Section01
AAAGGGCAGCTTGAAT-1,Section01
AAAGGTAAGCTGTACC-1,Section02
AAAGTGCCATCAATTA-1,Section04
AAATAACCATACGGGA-1,Section02
AAATAAGGTAGTGCCC-1,Section02
AAATCGTGTACCACAA-1,
AAATCTAGCCCTGCTA-1,Section04
AAATGATTCGATCAGC-1,Section02
AAATGCTCGTTACGTT-1,Section01
AAATGGTCAATGTGCC-1,Section01
AAATTAACGGGTAGCT-1,Section01
AAATTACACGACTCTG-1,Section02
AAATTACCTATCGATG-1,Section02
AACAACTGGTAGTTGC-1,Section01
AACAATACATTGTCGA-1,Section03
AACAGCTGTGTGGCAA-1,Section03
AACAGGATGGGCCGCG-1,Section01
AACATATCAACTGGTG-1,Section02
AACATCGATACGTCTA-1,Section02
AACATTGAAGTTGATC-1,Section03
AACATTGTGACTCGAG-1,Section03
AACCATGGGATCGCTA-1,Section01
AACCCAGAGACGGAGA-1,Section01
AACCCGACAACCCGTG-1,Section03
AACCCGAGCAGAATCG-1,Section04
AACCTTTACGACGTCT-1,Section02
AACGACCTCCTAGCCG-1,Section04
AACGATAGAAGGGCCG-1,Section01
AACGCATGATCTGGGT-1,Section02
AACGCGACCTTGGGCG-1,Section03
AACGCGGTCTCCAGCC-1,Section01
AACGCTGTTGCTGAAA-1,Section04
AACGTCAGACTAGTGG-1,Section01
AACGTCGCTGCACTTC-1,Section04
AACTAGGCTTGGGTGT-1,Section03
AACTCCAGAGCGTGTT-1,Section04
AACTCCTAATCCCATG-1,Section02
AACTCTCAGTGTGCTC-1,Section03
AACTGAGGTCAGCGTC-1,Section02
AACTTGCCCGTATGCA-1,Section01
AAGAAGGATCAGTTAG-1,Section01
AAGACATACGTGGTTT-1,Section04
AAGACCCAACTGAACA-1,Section03
AAGAGATGAATCGGTA-1,Section01
AAGAGCTCTTTATCGG-1,
AAGAGGCATGGATCGC-1,
AAGAGGCCCTTTGGAA-1,Section04
AAGATGGCACCGGACC-1,Section03
AAGATTGGCGGAACGT-1,Section02
AAGCCACTTGCAGGTA-1,Section03
AAGCCGAAGCGGTTTA-1,Section04
AAGCCGCCGTGAAATC-1,Section03
AAGCCGGAGAGCAGGA-1,Section04
AAGCGGCGTCATGGGT-1,Section02
AAGCGTCCCTCATCGA-1,Section03
AAGGAGCGGTTGGTGC-1,Section01
AAGGATGAGGGACCTC-1,Section02
AAGGCGCGTAAAGCTT-1,Section01
AAGGCTGTGCTCATCG-1,Section01
AAGGGACAGATTCTGT-1,Section02
AAGGGACTATGCATTC-1,Section03
AAGTAGAAGACCGGGT-1,Section01
AAGTGAGTCGGGTTTA-1,Section03
AAGTGCTTCTCTATTG-1,Section03
AAGTTCAGTCTGCGTA-1,Section02
AAGTTGTGATGTTATA-1,Section04
AATACCGGAGGGCTGT-1,Section03
AATAGAACAGAGTGGC-1,Section03
AATAGCTACCGCGTGC-1,Section02
AATAGGCACGACCCTT-1,Section03
AATAGTCCGTCCCGAC-1,Section03
AATATCGAATCAATGC-1,Section04
AATATCGAGGGTTCTC-1,Section02
AATCAGGTTTCATTTA-1,Section03
AATCATGTAAAGACTC-1,Section04
AATCCAAGGGCCTGAG-1,Section01
AATCGCCTCAGCGCCA-1,
AATCGGTATAGCCCTC-1,Section04
AATCTATGCCGGAGCC-1,Section02
AATCTGCGTTGGGACG-1,Section02
AATGACTGTCAGCCGG-1,Section01
AATGATGATACGCTAT-1,Section02
AATGATGCGACTCCTG-1,Section02
AATGCAACCGGGTACC-1,Section01
AATGCACCAAGCAATG-1,Section02
AATGGTTCTCACAAGC-1,Section01
AATGTGCTAATCTGAG-1,Section03
AATGTTGTCGTGAGAC-1,Section04
AATTCATAAGGGATCT-1,Section02
AATTCCAAGCATGTAC-1,Section03
AATTGCAGCAATCGAC-1,Section04
AATTGTGGTTGCCAAA-1,Section04
AATTTGGGACATAGTA-1,Section02
ACAAACTCCATCAGAG-1,Section03
ACAAAGCATGACCTAG-1,Section04
ACAAATTCAGATCTGA-1,Section02
ACAACGGTCCCTGCGA-1,Section01
ACAAGGACAAGAGGTT-1,Section01
ACAAGGGCAGGCTCTG-1,
ACAATGAATACGGAGA-1,Section03
ACAATTGTGTCTCTTT-1,Section04
ACAATTTGAGCAGTGG-1,
ACAATTTGGCCATATT-1,
ACACAAAGACGGGTGG-1,Section01
ACACCACATAATTAGC-1,Section02
ACACCCAGCATGCAGC-1,Section01
ACACCCGAGAAATCCG-1,Section01
ACACCTTAAGTAGGGC-1,Section01
ACACGTAGGCCACAAG-1,Section04
ACACTGATCAAGGTGT-1,Section03
ACACTGGGACAGTCGT-1,Section04
ACAGCGACATTCTCAT-1,Section04
ACAGTATACCGTGGGA-1,Section02
ACATAATAAGGCGGTG-1,Section01
ACATCCCGGCCATACG-1,Section03
ACATCGATCGTTTACC-1,
ACATTCGCGCGGAATA-1,Section03
ACCAAACACCCAGCGA-1,Section02
ACCAACACCACACACT-1,Section02
ACCAACCGCACTCCAC-1,Section04
ACCAACGCTTATTTAT-1,Section03
ACCAAGAACGCGTGTC-1,Section01
ACCAAGTCATCGGCAG-1,Section04
ACCACAAGTTTCTATC-1,Section01
ACCACCCTCTCTTCTA-1,Section02
ACCAGTGCCCGGTCAA-1,Section02
ACCCAACGCCCGTGGC-1,
ACCCACCTACATGCTC-1,Section01
ACCCATTTGTCCCTCT-1,Section04
ACCCGAGCGAAATTAC-1,Section03
ACCCGATTGGTTCCGA-1,Section03
ACCCGGAGCACCACAA-1,Section04
ACCCGTAGTCTAGTTG-1,Section04
ACCCGTGTCATCAGTA-1,Section03
ACCCTATGCCATATCG-1,Section03
ACCCTCCCGTCAGGGC-1,Section04
ACCCTGGTAACGCCCT-1,Section02
ACCGACACATCTCCCA-1,Section03
ACCGACTGAGTCCCAC-1,Section01
ACCGATAGGCATAACC-1,Section04
ACCGATATTTAATCAT-1,Section04
ACCGCTAGTCATTGGT-1,Section03
ACCGTGACCACGTGGG-1,Section03
ACCTACTATAAATCTA-1,Section03
ACCTCCGCCCTCGCTG-1,Section04
ACCTCCGTTATTCACC-1,Section02
ACGACCCATGAGTTGC-1,Section04
ACGACTGGTCATACTC-1,Section03
ACGAGTACGGATGCCC-1,Section02
ACGATCATACATAGAG-1,Section01
ACGCAAACTAATAGAT-1,Section03
ACGCAATCACTACAGC-1,Section02
ACGCATACGTTTACTA-1,Section04
ACGCCAGTGCGTTTGC-1,Section04
ACGCCGCTAGACGACC-1,
ACGCTACTGAATGGGC-1,Section04
ACGCTAGTGATACACT-1,Section02
ACGGAATTTAGCAAAT-1,Section01
ACGGAGCGCAAATTAC-1,Section02
ACGGCCAACATGGACT-1,Section03
ACGGGCGTATGCGACA-1,Section02
ACGTACTTTGGCACGG-1,Section03
ACGTTAATGTCGAAGA-1,
ACGTTCACTATGCCGC-1,Section03
ACGTTCGCAATCAATT-1,Section02
ACGTTCGTTCAGGAAA-1,Section03
ACGTTCTGTACAAGTC-1,Section04
ACGTTGTCGTTGAAAG-1,Section03
ACGTTTCGGTGCACTT-1,Section04
ACTAATACGTCAGGCG-1,Section02
ACTACAAAGAGAGGTG-1,Section03
ACTACCAGCTCTCTGG-1,Section01
ACTACCATCCGAGGGC-1,Section03
ACTACGCGTTAGAATT-1,Section03
ACTAGTTGCGATCGTC-1,Section04
ACTATATGCTGTGTTC-1,Section02
ACTATCTGCCCGCGTA-1,Section04
ACTATTTCCGGGCCCA-1,Section03
ACTCCAATATCATCAT-1,Section03
ACTCCCGAATTCGTTT-1,Section02
ACTCGCCGTTCGATAA-1,Section04
ACTCGCGATCTGACGC-1,
ACTCGTCAGTAATCCC-1,
ACTCTCTGACTTAGGT-1,
ACTCTGACCTAATAGA-1,Section04
ACTCTTCAGCTCCCGC-1,
ACTGAAACGCCGTTAG-1,Section04
ACTGCCCGCCATTCTC-1,Section03
ACTGGGATGCCAGTGC-1,Section03
ACTGTACGATACACAT-1,
ACTGTAGCACTTTGGA-1,Section01
ACTGTATACGCGAGCA-1,Section01
ACTGTCCAGGATTATA-1,Section01
ACTGTCTTCTTTAGAA-1,Section01
ACTGTGCTAGTAGATC-1,Section01
ACTTACCGGGCGCGCA-1,Section02
ACTTAGTACGACAAGA-1,Section01
ACTTGACTCCCTCTTT-1,
ACTTGGGACCCGGTGG-1,Section01
ACTTGTGGATGGAACG-1,Section04
ACTTTACCCTCATGAA-1,Section02
ACTTTCCTATAGCTTC-1,Section01
ACTTTGTCGACGCACT-1,Section04
AGAAATTATGACTCGC-1,Section04
AGAACCCAGCGTGACA-1,
AGAATGCGGGTTCGGA-1,Section02
AGAATTATGGATTCGA-1,Section02
AGAATTGTTTGACATA-1,Section01
AGACAGGCATCTCAGC-1,Section04
AGACCATGGGATACAA-1,Section01
AGACCCGCCCTCCTCG-1,Section01
AGACCGCTCCGCGGTT-1,Section04
AGACGCCCACTTCGCC-1,Section04
AGACGGGCCGATTTAA-1,Section02
AGACTAGCCTTCCAGA-1,Section01
AGACTGTTACCGGGTC-1,Section03
AGAGAAACACCAGAAA-1,Section03
AGAGAACCGTCTAGGA-1,Section02
AGAGAAGGAGTACAAT-1,Section03
AGAGCCGCCGAGATTT-1,Section04
AGAGCGTACAAGCTCG-1,Section01
AGAGGCTTCGGAAACC-1,Section04
AGATAACTTCAGGGCC-1,Section01
AGATACCAATAGAACC-1,Section04
AGATACCAGCACTTCA-1,Section02
AGATACGACTTCATAT-1,Section01
AGATCGTGCATAAGAT-1,Section02
AGATGACTCGCCCACG-1,Section01
AGATGAGGGTTGCGAT-1,Section02
AGATGATGGAGTCTGG-1,Section02
AGCACACGTTTAGACT-1,Section03
AGCACCAGTACTCACG-1,Section01
AGCACTTAAGGACGCC-1,Section01
AGCAGCCAGATGAATA-1,Section03
AGCATCGTCGATAATT-1,Section01
AGCATTACGAGGCAAG-1,Section04
AGCCAAGCTTTGTGTC-1,Section03
AGCCACAGGTTACCCG-1,Section04
AGCCCGCAACAAGCAG-1,Section03
AGCCCGCACTACAATG-1,Section04
AGCCCGGCATTAGAGG-1,Section03
AGCCCGGTAGCCTGTA-1,Section03
AGCCCTCCCTGGTGGC-1,Section03
AGCCCTGTCGCACCGT-1,
AGCCCTTCTAATCCGA-1,Section02
AGCCCTTGGACATCCC-1,Section04
AGCGACATCCCATTCA-1,Section01
AGCGACCAACGATATT-1,Section01
AGCGAGACGTGAAGGC-1,Section03
AGCGATGCGCCTAATA-1,Section04
AGCGCATAATGAATCG-1,Section03
AGCGCGGGTGCCAATG-1,Section02
AGCGCTAGAGCGATGT-1,
AGCGCTTATGGGCAAG-1,Section02
AGCGGACACTTCGTAG-1,Section03
AGCGGGAAGGGTCCAT-1,Section01
AGCGGTTGCCGCTCTG-1,Section02
AGCTAACAAGCAATGT-1,Section03
AGCTAAGCTCCGTCCG-1,Section03
AGCTAGAAGCAGAAGT-1,Section02
AGCTCCATATATGTTC-1,Section04
AGCTCTAGACGTTCCA-1,
AGCTCTTCCCAGTGCA-1,Section02
AGCTGAAGTAAACCAA-1,Section02
AGCTTCTTCTCGAGCA-1,Section04
AGGAACGAACGACTTC-1,Section04
AGGAAGCTGTCCGCCG-1,Section03
AGGACATCGCACGTCG-1,Section01
AGGACATCGGCACACT-1,Section04
AGGACGCTCGATGTTG-1,Section02
AGGAGGCCTTCGCGCG-1,Section04
AGGATTGCTTACGACA-1,Section02
AGGCACGTGACTGTCC-1,Section04
AGGCAGATGCGTAAAC-1,Section02
AGGCAGGGAGCGTACT-1,Section03
AGGCCACCCGTTATGA-1,Section01
AGGCCCATTGTACAGG-1,Section01
AGGCCTATCATACCAA-1,Section03
AGGCGATAACTGGCGT-1,Section04
AGGCGTCTATGGACGG-1,Section02
AGGCTATGGTTAGCTT-1,Section01
AGGGAAACGAGGTACT-1,Section02
AGGGACTCTACGCGAC-1,Section03
AGGGAGACATACTTCG-1,Section02
AGGGCCCTAATGTTCT-1,Section04
AGGGCGTGATCGGCTA-1,Section01
AGGGTCAGAGCACTCG-1,Section03
AGGGTCAGTAACCCTA-1,Section02
AGGGTCTGGACGCAGT-1,Section04
AGGGTGCCGTTCTTTA-1,Section03
AGGGTTCAGACGGTCC-1,Section03
AGGTAACCTCCTATTC-1,Section01
AGGTAGATCGAGATAT-1,Section03
AGGTATAATTGATAGT-1,Section02
AGGTATGCGGACATTA-1,
AGGTCGCCTCCCAACA-1,Section04
AGGTCGCGGAGTTACT-1,Section02
AGGTGCACGTCCACAT-1,Section04
AGGTGGTGACCTTCGC-1,Section03
AGGTGTTGCCGACCAC-1,Section04
AGGTTTCACACACCTT-1,
AGTAACTATAGCAGCC-1,Section04
AGTACATCATTTATCA-1,Section02
AGTACCTTCGAGTGCT-1,Section02
AGTACTCTTATGCCCA-1,Section04
AGTAGGAAGGAAGTTG-1,Section02
AGTAGGTAACATACAT-1,Section01
AGTATAATACTAGGCA-1,Section01
AGTATACACAGCGACA-1,Section03
AGTATTTGGCACGACC-1,Section03
AGTCAAATGATGTGAT-1,Section03
AGTCACTAGCTCTCGA-1,Section04
AGTCAGCCACCGCCTG-1,Section01
AGTCCCGCCTTTAATT-1,Section02
AGTCGGCCCAAACGAC-1,Section01
AGTCGTCGACCACCAA-1,Section04
AGTCTAAAGTATACTC-1,Section02
AGTGAAGATGGTGTCC-1,Section02
AGTGACTGTGACACAA-1,Section03
AGTGAGCCTCGCCGCC-1,Section02
AGTGAGTCGAATTAAC-1,Section04
AGTGATAACCTGCGCG-1,Section04
AGTGCACGCTTAAGAA-1,Section04
AGTGCTAAACACAGCA-1,Section04
AGTGGCGGCAATTTGA-1,Section02
AGTGTATTGCGCATTG-1,Section02
AGTGTGGTCTATTGTG-1,Section01
AGTTACTCTATCGTGG-1,Section02
AGTTCCTACAGAATTA-1,Section01
AGTTCCTATTTATGTT-1,
AGTTGACGGTCCTTGC-1,Section03
AGTTGGCAAGGCTAGA-1,Section04
AGTTTATGTAAAGACA-1,Section02
ATAAACGTTGCACCAC-1,Section04
ATAAAGGCTCGGTCGT-1,Section01
ATAACGCCGGAGGGTC-1,
ATAAGTAGGATTCAGA-1,Section02
ATAATAGTGTAGGGAC-1,Section01
ATAATTAGCTAAGTAG-1,Section03
ATACCGTCATCCATAA-1,Section02
ATACCTAACCAAGAAA-1,Section03
ATACGAAGGCTTTCCA-1,
ATACGAGGTTTGTAAG-1,Section03
ATACGCCGGCGAAACC-1,
ATACGTTATGCACGGA-1,Section03
ATACTACCCGTACCAC-1,Section04
ATACTAGCATGACCCT-1,Section01
ATAGACAACGGGACCT-1,Section02
ATAGACGAAGAGAAAG-1,Section01
ATAGAGTACTGGGACA-1,Section01
ATAGAGTTATCAACTT-1,Section02
ATAGCAACTAGGGAAG-1,Section04
ATAGCCATAACAGTCA-1,Section04
ATAGGCTAGCTTCGCA-1,Section02
ATAGGTTGGGCAGATG-1,Section01
ATAGTGAAGCGTTCTC-1,
ATATAACACGGGCGCA-1,Section04
ATATACGCTCGTGACG-1,Section04
ATATCGTTCCTCGAAC-1,Section04
ATATGGGATAGCAACT-1,Section03
ATATTGCTGTCAAAGT-1,Section01
ATATTGGAGAGGCCTT-1,Section04
ATATTTAACCCTCAAG-1,Section01
ATCAAGATCCCAGGAC-1,Section03
ATCAGGTCGCCATTGC-1,Section02
ATCAGTAGGCAGGGAT-1,Section02
ATCATAGATCGACGAG-1,Section03
ATCATAGCCCTATGTA-1,Section04
ATCATCCAATATTTGT-1,
ATCATGGACTACCGAC-1,
ATCCAACGCAGTCATA-1,Section01
ATCCCATTTCCGTGGG-1,Section03
ATCCGGACCAGCCTGA-1,Section04
ATCGACCCAATACAGA-1,
ATCGACTCTTTCCGTT-1,Section01
ATCGCACGCCGGGAGA-1,Section01
ATCGCCGTGGTTCATG-1,Section04
ATCGCTGCGTGCAGCA-1,Section02
ATCGGCAAGCAGTCCA-1,Section02
ATCGTGGAAAGTCTGG-1,Section03
ATCGTTAGCTAGCGGA-1,Section04
ATCGTTCACTTTCGCC-1,Section02
ATCTCCCACGGAATAT-1,Section04
ATCTGACATGGAAGGA-1,Section03
ATCTGCACCTCTGCGA-1,Section02
ATCTGCTGTTATCGCC-1,Section03
ATCTTATCGCACACCC-1,Section04
ATCTTGACCTGCAACG-1,Section01
ATCTTGACTTGTCCAA-1,Section02
ATCTTTCGTATAACCA-1,Section02
ATGAAGCCAAGGAGCC-1,Section01
ATGACGCCGGCTCTAA-1,Section01
ATGACTATCAGCTGTG-1,Section03
ATGAGGAGTGTTAATC-1,Section01
ATGAGGGCAGCGGCTA-1,
ATGATCGGGAATAGAC-1,Section01
ATGCACTACCGCATTG-1,Section01
ATGCATGATCCAGGAT-1,Section01
ATGCCAATCGCTCTGC-1,Section02
ATGCGACAATTGGTCC-1,Section02
ATGCTCAGTGTTGCAT-1,Section01
ATGCTTAGGAGTTGAT-1,Section04
ATGGACTGCTTAGTTG-1,Section03
ATGGATTGACCAAACG-1,Section01
ATGGCTGGAAATGGCC-1,Section02
ATGGGACCTGCTGAAC-1,Section03
ATGGGTGTATACCTCC-1,Section03
ATGTAAGGCTGCTCTT-1,Section02
ATGTACATGCGGTGAG-1,Section04
ATGTACGATGACGTCG-1,Section03
ATGTCTTGTTTGACTC-1,Section03
ATGTGCATCCGACGCA-1,Section01
ATGTTACGAGCAATAC-1,Section01
ATGTTGTAGTCTGTTT-1,Section03
ATTAAACATGCGGACC-1,
ATTACAACTACCGGCC-1,Section02
ATTACATGTCAGTCTT-1,Section04
ATTACGACTCCACAGT-1,Section02
ATTACTAGCCTCTTGC-1,Section01
ATTACTTACTGGGCAT-1,Section02
ATTAGATTCCTCAGCA-1,Section02
ATTAGATTGATAGCGG-1,Section01
ATTATAGCTACTTTAC-1,Section02
ATTATCGGAATGTACG-1,Section03
ATTATGCCATAGGGAG-1,Section01
ATTATTATGTCCGTCA-1,Section03
ATTATTCAGAGTCACT-1,Section04
ATTCAACCATTTAAGG-1,Section04
ATTCAGGACCTATTTC-1,Section02
ATTCATCGTTGAGGCA-1,Section04
ATTCCTAAGACGTGGA-1,Section02
ATTCCTCCGCCAGTGC-1,Section01
ATTCGCGCCTTGAGAG-1,Section04
ATTGAAGATCTTAGTG-1,Section01
ATTGACCGGCGATGAC-1,Section02
ATTGATGAGTCCTAAC-1,Section02
ATTGCCTATTAGACCG-1,Section03
ATTGCGATCAGTAACT-1,Section04
ATTGCTGCTCCTCCAT-1,Section01
ATTGGATTACAGCGTA-1,Section04
ATTGGTTGTGCATTAC-1,Section04
ATTGTCTGTTTCATGT-1,Section03
ATTGTGACTTCGCTGC-1,Section02
ATTGTTCAACGATCCG-1,Section04
ATTTAACTCGTATTAC-1,Section01
ATTTACAGTTTACTGG-1,Section01
ATTTACTAAGTCCATT-1,Section02
ATTTCCGGGTTCTGCG-1,Section03
CAAACGGTCGCACTTT-1,Section01
CAAAGATTATTGGGCC-1,Section03
CAAATTGGATTATGCC-1,Section02
CAACCAGTGGCCTACC-1,Section04
CAACCTACCGAGCAGT-1,Section04
CAACGACCCGTTTACA-1,Section01
CAACGATCGATCCAAT-1,Section04
CAACGCGATGAGCCAA-1,Section03
CAACGGTTCTTGATAC-1,Section01
CAACGTGGTGGAGTCT-1,Section04
CAACTCCTTGATCCCG-1,Section01
CAACTGCTCATCCGAT-1,Section03
CAAGCAACGTCGGAGT-1,Section01
CAAGGATCGCATGTTC-1,
CAAGGCCAGTGGTGCA-1,Section04
CAAGGTCCTATAGGCT-1,Section02
CAAGTAAGTGATAGAC-1,Section03
CAATACGAGAGTCTGA-1,
CAATATTCTTGACCTA-1,Section03
CAATCCCTATACCAGC-1,Section02
CAATCCTGCCGTGGAG-1,Section01
CAATGACCCTTAATTT-1,Section03
CAATGAGGTTCGACTA-1,Section02
CAATGGAATCTACATA-1,Section02
CAATTAAGGGTGATGA-1,Section01
CACAAACCGCAGAACT-1,Section04
CACAAGAAAGATATTA-1,Section02
CACACACGCTAACGAG-1,Section04
CACACAGGGATAGATT-1,Section01
CACAGCACCCACGGCA-1,Section01
CACAGCTAGGGAGTGA-1,Section01
CACAGGGCCATATAGT-1,Section04
CACAGGGCCGTTGTCA-1,Section03
CACAGTCCCGCTTCGC-1,Section04
CACAGTTCGCTTCCCA-1,Section04
CACATCGTGCACGCGC-1,Section03
CACATTCTTTCGATGG-1,Section02
CACCATGATCGCAAAG-1,Section02
CACCCAAATCTTATGT-1,Section02
CACCCACACGTCACCC-1,Section01
CACCCACGAGGCAATT-1,Section02
CACCCGCGTTTGACAC-1,Section04
CACCCGGTTTGTGACT-1,Section03
CACCGATGATGGGTAC-1,Section04
CACCGCCAGAAGGTTT-1,Section01
CACCGCGTCCACTCTA-1,Section02
CACCGGAGATATCTCC-1,Section02
CACCGTATCCCATCCG-1,Section04
CACCTAATAGAGTCGT-1,Section01
CACCTTGCGAAACTCG-1,Section02
CACGACGTAATAGTAA-1,Section02
CACGCAGCGAGGCTTT-1,Section01
CACGGCGCGCCAAAGG-1,Section02
CACGTCAATCAATGGA-1,Section04
CACGTCTATGATGTGG-1,Section02
CACGTTCGTGCTCTAG-1,
CACGTTTCGTACACAC-1,Section04
CACTAAAGTTGCCTAT-1,Section01
CACTACGGGAGCTGCC-1,Section04
CACTCAAGAGCTATGG-1,
CACTCCTATGTAAGAT-1,Section03
CACTCTCAAGCATCGA-1,Section03
CACTCTTCTGCTAGCC-1,Section04
CACTGACGATTGTGGA-1,Section03
CACTGTCCAAGTGAGA-1,Section01
CACTTAATCAGACGGA-1,Section01
CACTTCGCCACAGGCT-1,Section01
CAGAATAACACACGGA-1,Section04
CAGACACCGATCGCTG-1,Section03
CAGACCTGTAAGTGTT-1,Section02
CAGAGCGATGGATGCT-1,Section04
CAGAGGCGATGCATGA-1,Section03
CAGATAATGGGCGGGT-1,Section04
CAGATACTAACATAGT-1,Section01
CAGATCATTTAAAGTC-1,Section02
CAGCAGTCCAGACTAT-1,Section04
CAGCCTCGATAGCGGT-1,Section04
CAGCCTCTCCTCAAGA-1,Section02
CAGCGATTCCCTTCAA-1,Section03
CAGCTCACTGAGACAT-1,Section01
CAGCTCGACAAGTTAA-1,Section02
CAGCTCGTGCTTGTGT-1,Section01
CAGCTCTGGGCTCACT-1,Section03
CAGGAAGACTTTATAT-1,Section02
CAGGATATATCGTTGT-1,
CAGTAACTATTTATTG-1,Section02
CAGTAATCCCTCCCAG-1,Section01
CAGTACATTCTCTAAA-1,Section02
CAGTAGCCCACGCGGT-1,Section02
CAGTCGAGGATGCAAT-1,Section02
CAGTCTGTATACTGGG-1,
CAGTGGTTGCACATGA-1,Section01
CAGTGTCCGCAGAATG-1,Section01
CAGTGTCGGCTGGCCC-1,Section04
CAGTGTTAATCTCTCA-1,Section03
CAGTTCAAATTGACAC-1,Section01
CAGTTCCGCGGGTCGA-1,Section01
CAGTTCGAGGACCCGA-1,Section03
CATACAAAGCCGAACC-1,Section01
CATACACGGTTCCCAC-1,Section03
CATACGAACTAGCTGG-1,Section03
CATACGGCGTCTGGGC-1,
CATACTTCTTTCTCCG-1,Section03
CATAGCGTTGCCCACC-1,Section03
CATAGTAGCATAGTAG-1,Section01
CATAGTCAAATACATA-1,Section04
CATAGTGGGCACGCCT-1,Section04
CATATACTACTGATAA-1,Section02
CATATAGGTACAGTCA-1,
CATCAAACTGGCGCCC-1,Section02
CATCATTACCCTGAGG-1,Section04
CATCCCGAGATTCATA-1,Section04
CATCCTCTCAAAGATC-1,Section04
CATCGCCCGCGGCCAA-1,Section01
CATCGGACGGGTTAAT-1,
CATCTAGTGAAGGGAA-1,
CATCTATCCCGTGTCT-1,Section02
CATGAACCGACATTTG-1,Section01
CATGAGTCCATCACGG-1,Section03
CATGATCGCTTTGAGA-1,Section04
CATGCGACCAGTTTAA-1,Section02
CATGCGTTGAGAGGAG-1,Section03
CATGGAAATGGGACCA-1,Section02
CATGGATTGTCTTCCG-1,Section04
CATGGCAGGAAGATCG-1,Section01
CATGGGTCGGGTGTGG-1,Section02
CATGGTCTAGATACCG-1,Section01
CATGGTTTATTAATCA-1,Section04
CATGTAAGAGACATTT-1,Section04
CATGTAGGAGCGCCAA-1,Section02
CATTACATAGATTGTG-1,Section02
CATTACGCAGGAAGGG-1,Section04
CATTATCCCATTAACG-1,Section03
CATTATGCTTGTTGTG-1,Section01
CATTCGTCGTAGCGGT-1,Section04
CATTGATGAACACGCC-1,Section02
CATTGCGGGTCAATTC-1,Section02
CATTTAGCGGACCATG-1,Section02
CATTTCTAGCAGACTA-1,Section01
CCAAACAGAACCCTCG-1,Section01
CCAAATAACAAGATTC-1,Section04
CCAACCTTATGTAACT-1,Section03
CCAACGATGCACTGAT-1,Section01
CCAACGCTTGCCAGGG-1,Section02
CCAAGAAAGTGGGCGA-1,Section03
CCAAGACTTCTGCGAA-1,Section01
CCAAGGAACAGAGAGG-1,Section01
CCAAGGTTGCCCTTTC-1,Section04
CCAATAGTGCCGTCGA-1,Section01
CCAATTACGGGTCGAG-1,Section02
CCAATTGAATGTTAAT-1,Section01
CCACATACTGCACCCA-1,Section04
CCACCTGTATGGAATA-1,Section04
CCACGGCAGGTGTAGG-1,Section03
CCACGGTGCCCGGTAG-1,Section02
CCACTATCCGGGTCAC-1,Section02
CCACTGTTTGGATTAA-1,Section04
CCAGAAACTGATGCGA-1,Section04
CCAGCTCGAACGCATT-1,Section03
CCAGGCTGGCGTCTGA-1,Section04
CCAGGGACGTGGCCTC-1,Section01
CCAGTAGTCTGATCCA-1,Section02
CCAGTCTAGACGGCGC-1,Section02
CCAGTCTTGTCATAGA-1,Section03
CCATACCTTTACTTGT-1,Section02
CCATATGGAAACTATA-1,Section04
CCATCCATACCAAGTC-1,Section01
CCATGCCCTAGATTTC-1,Section04
CCATGCCTGTTTAGTA-1,Section01
CCATGCTCTGCAGGAA-1,Section01
CCATGGCAAACGCTCA-1,Section03
CCATGTTCATCTATAT-1,Section03
CCATTAGCGATAATCC-1,Section01
CCATTCCCTGCCCACA-1,Section01
CCCAAGTCATTACACT-1,Section04
CCCAATGAGATTTGCA-1,Section03
CCCAGAGGAGGGCGTA-1,Section02
CCCAGATTCCCGTGAC-1,Section03
CCCAGGTCTGAAGGCT-1,Section04
CCCATATAGGTCGATT-1,Section04
CCCATTATTGTATCCT-1,Section04
CCCGATAGCCTCGCCT-1,
CCCGCCATGCTCCCGT-1,Section01
CCCGCGCAATGCACCC-1,Section01
CCCGGGTCGTTCAGGG-1,Section03
CCCGTAGCTGGGAAGA-1,Section03
CCCGTCAGCGTCTGAC-1,Section01
CCCGTTTCGCAGATGT-1,Section04
CCCTCAGATCGAGAAC-1,Section03
CCCTCATTCTGGAATT-1,Section01
CCCTCCTCGCTCGTAT-1,Section04
CCCTCGATAATACACA-1,Section03
CCCTGAAATGAGTTGA-1,Section01
CCCTTTAATGGAGTTC-1,Section04
CCGAAAGTGGTGAGCA-1,Section01
CCGAAGTATATTGTTC-1,Section01
CCGACAATAGGCCGCC-1,Section04
CCGACGTAAACACAAC-1,Section02
CCGAGCTGTGCTTGTC-1,Section02
CCGCACACGAACGTGT-1,
CCGCACGTGACCTCGG-1,Section01
CCGCACTTGCAATGAC-1,Section04
CCGCCGTTGAGGATAA-1,
CCGCCTGCGAATTGGT-1,Section02
CCGCTATCAGCACCAG-1,
CCGCTCTTCCGAACTA-1,Section04
CCGCTTGCTGACATGG-1,Section02
CCGGAATGGTTTCAGT-1,Section01
CCGGAGCGTACTTTCT-1,Section03
CCGGAGGTCTTATGGT-1,Section02
CCGGCACGACCGTTTC-1,Section02
CCGGCGCATATTGGAT-1,Section01
CCGGGACCCGCAGAGA-1,Section01
CCGGGCGGTCTCGTCA-1,
CCGGGCTAAGAATTTC-1,Section03
CCGGTTTGTAATTGTG-1,Section03
CCGTAAGTTGGTCCCA-1,
CCGTACCCAAGCGCCA-1,Section01
CCGTAGGAAATCCCTG-1,Section04
CCGTAGGGTTGTTTAC-1,Section04
CCGTATTAGCGCAGTT-1,Section02
CCGTGCCCATGACGGC-1,Section01
CCGTGGAACGATCCAA-1,Section02
CCGTTACGTTAGAACA-1,Section02
CCTAAATTAACGGTTC-1,
CCTAAATTGTATCCTA-1,Section04
CCTAACTAAGGCTCTA-1,Section02
CCTACAAGTCCGGAAT-1,Section02
CCTACGGCTCAGTCGA-1,Section01
CCTACTCAACACGATT-1,Section04
CCTACTGCTTACACTT-1,Section01
CCTATACCGTCCTGTC-1,Section03
CCTATATTTGTCCTGG-1,Section03
CCTATGGCTCCTAGTG-1,Section03
CCTATGTCCACTCCAC-1,Section04
CCTCACCAATCTTGAC-1,Section01
CCTCACCTGAGGGAGC-1,Section02
CCTCACCTTAGCATCG-1,Section02
CCTCACGTCAGCTAAT-1,Section04
CCTCCGACAATTCAAG-1,Section01
CCTCCTGTTGTGTCGT-1,Section04
CCTCGCGCGATATAGG-1,Section02
CCTCGCGCTGTGCGAT-1,Section03
CCTCGGTTTCCTTGCC-1,Section03
CCTCTACAAGGATTGG-1,Section03
CCTGACCACCGATGGT-1,
CCTGAGAATAAATGCA-1,Section03
CCTGCTATTTGAGAAG-1,Section01
CCTGGCTAGACCCGCC-1,Section01
CCTGTTCAACCTCGGG-1,Section03
CCTGTTTGAAGACACG-1,Section04
CCTTCAGTTAAAGTGA-1,Section03
CCTTCGTATAGAATCC-1,Section03
CCTTGACCACTTTATT-1,Section04
CCTTGTGAACGTGGTT-1,Section03
CCTTTAAGGGAGCACT-1,Section03
CCTTTCAATGAAGAAA-1,Section02
CGAAGCTATAAATTCA-1,Section02
CGAAGTTGCTCTGTGT-1,Section01
CGAATGACGCATAATG-1,Section03
CGAATGGTAGGTCGTC-1,Section03
CGAATTCCCGGTTCAA-1,Section04
CGACCGTTGGTATTCG-1,Section03
CGACTCAGGATGTTAT-1,Section02
CGACTTTGTATAGCCT-1,Section02
CGAGACCCTAGAGTGT-1,
CGAGAGGGTAGCCGCG-1,Section04
CGAGCACTTCAAGTTT-1,Section01
CGAGCGTTGATCAGCC-1,Section01
CGAGGAGCTTCCATAT-1,Section02
CGAGGATCGGGAACGA-1,Section02
CGAGGGACTGCGGTCG-1,
CGAGGGTATCCAGGTG-1,Section03
CGAGTGCTATAGTTCG-1,Section01
CGAGTTCTGTCCCACC-1,Section02
CGATAATACTCAGGTT-1,
CGATCCACCATTGTTG-1,Section03
CGATCCTCGCAACATA-1,Section03
CGATGGACCCTACGCC-1,Section02
CGATTAAATATCTCCT-1,Section03
CGCAAACACGAGTTAC-1,Section01
CGCAATTACTTTCGGT-1,Section01
CGCAATTAGGGTAATA-1,Section01
CGCAATTCTACAATAA-1,Section01
CGCACGTCTGTTTATG-1,Section03
CGCAGATCTTCACCCG-1,Section02
CGCAGGCGATCCAAAC-1,Section04
CGCATCCATCAGCCAG-1,Section02
CGCATTAGCTAATAGG-1,Section01
CGCCCAGCACGCCTAG-1,Section03
CGCCGCCCATGCCTGT-1,
CGCCGCGTTCTGAACG-1,Section03
CGCCGTCTACCCATCG-1,
CGCCGTTCAGCATAGT-1,Section04
CGCCTCCCTCCTCTAT-1,
CGCCTTTAGCATGCTC-1,
CGCGAAGTGGCATACT-1,Section04
CGCGAGAGGGACTTGT-1,Section02
CGCGGTAAGTCTAGCT-1,Section02
CGCGGTACGGTATACA-1,Section04
CGCGGTCACAAACCAA-1,Section02
CGCGTTCATGAAATAC-1,Section01
CGCTATACCGCCCACT-1,Section01
CGCTATTCAATGTATG-1,Section01
CGCTCGACATAATGAT-1,Section01
CGCTCTCCGTAGATTA-1,Section01
CGCTGTGACGCCGCAC-1,Section01
CGCTGTGTGGATGTTG-1,Section03
CGCTTAGTATTGATAC-1,Section03
CGCTTCCACTGAAATC-1,Section01
CGCTTCGGTCTAAGAC-1,Section04
CGCTTGGACGGATAGA-1,Section04
CGCTTTCATACCGGTG-1,Section01
CGCTTTCTTGCATTCG-1,
CGGAAAGAATCAAACG-1,Section03
CGGAGCAATTTAATCG-1,Section03
CGGAGTTTGAGAGACA-1,Section01
CGGATGAATGCTGTGA-1,Section03
CGGCAATAAGATCGCC-1,Section04
CGGCACCGTTAGCGCC-1,Section02
CGGCACTCAAGAAAGT-1,Section01
CGGCAGGGTCGGGTTG-1,Section02
CGGCCAGAGCGACCAT-1,Section03
CGGCCCAACCTGTAGT-1,Section02
CGGCGCCATCAATCCC-1,Section04
CGGGATCAATGTAAGA-1,Section01
CGGGCAGCTAAACCGC-1,Section01
CGGGCCTTCTTTGTAA-1,
CGGGTGTACCCATTTA-1,
CGGGTTCGGCACGTAT-1,Section02
CGGGTTTGTTAGGGCT-1,Section04
CGGTAGAGGTGCAGGT-1,Section02
CGGTATAGGTATTAGC-1,Section02
CGGTCAGTCCATATTT-1,Section04
CGGTCCATGAGACTCC-1,Section02
CGGTCCGTCGCAAGCC-1,Section03
CGGTGGGCTCCAGCCT-1,Section02
CGGTGTACTTGATCCC-1,Section01
CGGTTATCCAACAGTG-1,Section02
CGGTTCAAGTAGGTGT-1,Section02
CGGTTGAGTATCCTTC-1,Section03
CGGTTGGGTTCAAGTT-1,Section02
CGGTTTATGAAGGAAC-1,Section02
CGTAAAGCAAGAAATC-1,Section03
CGTAACTTCGACACTT-1,Section03
CGTATCTAGAACTAAG-1,Section04
CGTATTAAGAGATCTA-1,Section01
CGTCCTCATCGCGTGC-1,Section04
CGTCGCTTGGTTATAC-1,Section03
CGTCGGATAGTGTTGA-1,Section02
CGTCTTGAGTGTGACG-1,
CGTGAAGTTAATTCAC-1,
CGTGACCAGTCCTCTG-1,Section03
CGTGCAGACTGGGACA-1,
CGTGCCCTCCCGAAGA-1,
CGTGCTTCTACCTAAA-1,Section03
CGTGGTACCCAAAGGC-1,Section03
CGTGTATGGGAGCTGA-1,Section04
CGTGTCCCATTCGCGA-1,Section01
CGTGTCTCGTTACGAC-1,Section03
CGTGTGTTAAACCCTG-1,Section02
CGTTAAATACGACCAG-1,Section04
CGTTAGCTCACAACTG-1,Section02
CGTTCAAGGAAACGGA-1,Section03
CGTTCAGACCCGCGAA-1,Section03
CGTTCTTCGCACACCT-1,Section02
CGTTGAGCGACCGTCG-1,
CGTTGAGTAATTGCGT-1,Section02
CGTTGCCCGCGTGGGA-1,Section03
CGTTGTAAGATTGATT-1,Section02
CGTTGTCGGCAATTGA-1,Section03
CGTTGTTTCAATTCCC-1,Section01
CGTTTACAAGGCAGCT-1,Section02
CGTTTCACTTCGGGCG-1,Section02
CGTTTCGCTCATTACA-1,Section01
CGTTTCGGTTATATGC-1,Section04
CGTTTGGTGTTGTGGG-1,Section04
CGTTTGTGTAGAGGGT-1,Section03
CTAAAGGGAAATAGGA-1,
CTAAATCCGGTGTACA-1,Section03
CTAACGAAACTTGCTG-1,Section02
CTAACTGATAATCGCC-1,Section04
CTAAGTACAGGGCTAC-1,Section02
CTAATTCGCACGCGCT-1,Section01
CTAATTCTCAGATATT-1,Section02
CTAATTTCAACAACAC-1,Section01
CTACAAGAAATAACCC-1,Section03
CTACACTCGCAGATGG-1,Section04
CTACCCTAAGGTCATA-1,Section02
CTACTATCTTTCAGAG-1,Section02
CTACTCAAGGTATAGT-1,Section03
CTACTGCCACCTGACC-1,Section01
CTAGACATATATGTAG-1,Section02
CTAGACTGCATTTCGT-1,Section02
CTAGATGTGAGTGTAA-1,Section02
CTAGATTTACGACGGC-1,
CTAGCCACAGGCGAGC-1,Section04
CTAGCCCGGGAGACGA-1,Section03
CTAGCCGATGTTATGA-1,Section02
CTAGGGATAGGGACAA-1,Section03
CTAGTGAAGGACAGGA-1,Section01
CTATAAGAGCCAATCG-1,Section02
CTATAGGCGTTGATGT-1,Section03
CTATATCCAGCCTGGC-1,Section03
CTATCGACGAAATACA-1,Section04
CTATCGCGTAGAGAAC-1,Section04
CTATGAACACCTTGCC-1,Section03
CTATGCCCGAATGCAA-1,Section03
CTATGGGAAGCGGAAT-1,Section04
CTATTGTGTTTGGTCA-1,Section02
CTATTTGGTTACGGAT-1,
CTCAAACCACTGCCCG-1,Section03
CTCAAGACATTAGCGC-1,Section02
CTCAGGACTCACCTGT-1,Section01
CTCAGTCACGACAAAT-1,Section02
CTCATTTGATGGGCGG-1,Section01
CTCCCAATGAGTCGCG-1,Section04
CTCCGGCCTAATATGC-1,Section01
CTCCTAAGTTATGTCT-1,Section01
CTCCTCCAGCTCACAC-1,Section03
CTCCTGTTCAAGGCAG-1,Section04
CTCCTTTACGCAAGTC-1,Section02
CTCGAATGGAACGTAT-1,Section02
CTCGAGGCAAGTTTCA-1,Section03
CTCGAGGTCGAACAGT-1,Section01
CTCGATATTTGCGAGC-1,Section02
CTCGCCGAATGTAGGG-1,Section03
CTCGGGTTCTCTGGCC-1,Section03
CTCGGTCCGTAGCCTG-1,Section01
CTCGTTACGGCTACCA-1,Section03
CTCGTTTCTAATGTTT-1,Section02
CTCTAATGCATTGATC-1,Section02
CTCTGCAGGCATTCTT-1,Section03
CTCTGGACGCCTGGTG-1,Section01
CTCTTCTGGAAGTTAG-1,Section03
CTCTTGTCCCGCTTGG-1,Section03
CTGAATTTATTGCCAG-1,Section02
CTGACTGCGCAGCTCG-1,Section02
CTGAGAGTAGAAATAC-1,Section04
CTGAGCAAGTAACAAG-1,Section01
CTGATCCCTTTATGCA-1,Section03
CTGCAAGCACGTTCCG-1,Section04
CTGCACCTAGTCCACA-1,Section02
CTGCACCTGGAACCGC-1,Section01
CTGCAGAGAATCAGAG-1,Section04
CTGCCATGCATCACAT-1,
CTGCCTTTAATACCTT-1,Section03
CTGCCTTTCTAGTAAA-1,Section04
CTGCGGTAGTCACGTG-1,Section02
CTGCGTTACGATATAA-1,Section02
CTGCTCTCAACACACC-1,Section04
CTGCTTTATGTCCGCG-1,Section02
CTGGAAATGGATGCTT-1,Section01
CTGGCGGGAATAAGTA-1,Section01
CTGGCTGGTTGTCAGT-1,Section03
CTGGGATAAATAATGG-1,
CTGGTAAAGTGTGGGC-1,Section04
CTGGTAACGAGCTCTT-1,Section02
CTGGTTCGCGAGCTAC-1,
CTGTAGCCATCTCACT-1,Section03
CTGTAGTGAGGATCGA-1,Section03
CTGTATGGTGTAGAAA-1,Section01
CTGTCAAATGGCTCGG-1,Section02
CTGTCACGCCAGGCGC-1,Section02
CTGTGCAGGGTAGGTC-1,
CTGTGGTCGGGAGATA-1,Section04
CTGTTCACTGCCTGTG-1,Section01
CTGTTCATCTCACGGG-1,Section01
CTTAACTTACAGTATA-1,Section04
CTTACACGGTATTCCA-1,Section01
CTTACACTGGGAAATA-1,Section01
CTTACTGACTCCTCTG-1,Section04
CTTAGTAGGCCTACAG-1,Section02
CTTAGTTGAGGAATCG-1,Section03
CTTATAGATGGCTGTT-1,Section04
CTTATGTTGACTACCA-1,Section01
CTTCATAGCTCAAGAA-1,Section01
CTTCCGCTCCGTGAAG-1,Section03
CTTCGGCCAATTGTTT-1,Section04
CTTCTGGGCGTACCTA-1,Section03
CTTGATGACCATCCAG-1,Section04
CTTGCCCACCCACGCA-1,Section04
CTTGGCCAAGCTGGGA-1,Section03
CTTGTACTTGTTGACT-1,Section01
CTTGTGCTCACCGATT-1,Section02
CTTGTTGCTGAGTCAA-1,
CTTGTTTATGTAGCCA-1,Section01
CTTTAGTGCTATTATT-1,
CTTTGCATCGCTCTTG-1,Section04
CTTTGGCTTTAGTAAA-1,Section01
CTTTGGGATTGTTGCA-1,Section03
GAAACCATGGTGCGCT-1,Section02
GAAACCTATACAAATG-1,Section03
GAAAGCAGTGCACTTT-1,Section03
GAAAGTGACTAACTGC-1,Section01
GAAATACTAAACGTTT-1,Section01
GAAATATGCTTGAATG-1,Section02
GAAATGGCGGTGTTAG-1,Section01
GAAATTAGCACGGATA-1,Section02
GAAATTCACATCGCTG-1,Section01
GAAATTGTCTCTATAA-1,
GAACACACATCAACCA-1,Section01
GAACGTCTCATGGTCG-1,
GAAGAAACGATATTGT-1,Section03
GAAGAACGGTGCAGGT-1,Section01
GAAGCCTGCACATTCC-1,Section03
GAAGCTTGCTGACCGC-1,Section01
GAAGGAGTCGAGTGCG-1,Section03
GAAGGCTACCATTGTT-1,Section02
GAAGTTTCCACTCAAT-1,Section01
GAATAGCCCTGCGGTC-1,Section02
GAATAGTGCTCGATTA-1,Section03
GAATCGACATGGTCAC-1,Section01
GAATCGCCGGACACGG-1,Section01
GAATCTGAACATTCTC-1,
GAATGAAGGTCTTCAG-1,Section02
GAATGTATGGCAGGTC-1,Section02
GAATTTCTCGCTGCAG-1,Section01
GACAACGCAGCTTACG-1,Section01
GACAAGACGCCCGTGC-1,Section04
GACAAGAGATGAGATT-1,Section04
GACACCCAAAGACGCG-1,Section03
GACACGAGTTAGAGGA-1,Section01
GACACTGGAACCCGAT-1,Section04
GACATCGATTTATAAC-1,Section03
GACCAAACGTTGACTG-1,Section04
GACCAGAGCCCTGTAG-1,Section01
GACCGCGTCTGACGTG-1,Section04
GACGAGGCTAATAAAC-1,Section04
GACGATATCACTGGGT-1,Section03
GACGCCGTAAAGGCTA-1,Section03
GACGCCTGTTGCAGGG-1,Section01
GACGGGTTGGCCCGTA-1,Section03
GACGGTCAATAGAAGC-1,Section02
GACGGTCCTAGGGTGT-1,
GACGTGTAGGGATTAT-1,Section01
GACGTTCGTAAATACA-1,Section02
GACGTTGCTCGGCGGC-1,Section03
GACTAACACAGCACCT-1,Section02
GACTAAGATCATGCAC-1,Section01
GACTAAGTAGGCTCAC-1,Section01
GACTCCCAGAATAAGG-1,Section02
GACTCGCGGGAATGAC-1,Section02
GACTCGGTCGGCGGAT-1,Section02
GACTGATTGGTCACAA-1,Section02
GACTGCTGGTGAGAAA-1,Section03
GAGAAACTGGATCCCA-1,Section04
GAGAACGGTTCTGACT-1,Section04
GAGACCCTGCAACGCC-1,Section02
GAGACTGATGGGTAGA-1,Section01
GAGACTTCGCGACCGA-1,Section03
GAGAGGCCTATGTGTA-1,Section04
GAGAGTCTCGGGAGAG-1,Section03
GAGATCTGCTTGGCAT-1,Section01
GAGCACGGCGCCTCTT-1,
GAGCATCAACAACTTG-1,Section03
GAGCATCATCCCTGGG-1,Section01
GAGCCGAGCGTTTATT-1,Section02
GAGCGCAAATACTCCG-1,Section04
GAGCGGAATGCGGTGT-1,Section03
GAGCTAAGGGCATATC-1,
GAGCTCTCGGACCTAA-1,Section01
GAGCTGTCGTCTCGGA-1,Section02
GAGGAATATCTCTTTG-1,Section03
GAGGAATGGAGAGGTT-1,Section01
GAGGCCTGTTGATACA-1,Section04
GAGGGAGTCAGATCGC-1,Section03
GAGGGCATCGCGTATC-1,Section01
GAGGGCCATAATATTA-1,Section02
GAGGGCGCAGCTCTGC-1,Section02
GAGGGTAGTAACAAAG-1,Section03
GAGGTCCCAAAGATCT-1,Section01
GAGGTCCGTTCGCTGT-1,Section03
GAGTAAATTAAGAACC-1,Section04
GAGTACGGGTATACAA-1,Section01
GAGTAGATACTAGTTG-1,Section03
GAGTATACCCTAATCA-1,Section03
GAGTATCAAAGTTACA-1,Section04
GAGTCAGACCAGAATC-1,Section03
GATAAATCGGTGGATG-1,Section01
GATACCGTGTCGGAGT-1,
GATAGAACCCGCTAGG-1,Section03
GATAGGATTAATTACA-1,
GATAGGTGTCCCGGGC-1,
GATAGTGCGAGTAAGT-1,Section03
GATATGCGGTAGCCAA-1,Section02
GATATTGAGATTGGCG-1,Section02
GATATTTCCTACATGG-1,Section02
GATCAACATAAAGGGA-1,Section03
GATCATTCCAAACATT-1,Section01
GATCCCTTTATACTGC-1,Section01
GATCCTAAATCGGGAC-1,Section02
GATCGACACTATCTGA-1,Section01
GATCGCTACCCGATTT-1,Section04
GATCGCTATATCTCAG-1,Section03
GATCGCTGTGGTGCGT-1,Section03
GATCTGCTATCTAAGG-1,Section03
GATGACAAGTAGGGCA-1,Section03
GATGACGATGATCGCG-1,Section02
GATGCTACAAGCGCCT-1,Section01
GATGCTACCTTCGATG-1,Section03
GATGCTGTATTTCATC-1,
GATGGCGCACACATTA-1,Section01
GATGTTTGTGCGAGAT-1,Section01
GATTAACCGAAAGCCC-1,Section04
GATTAGAAACAAGCGT-1,Section03
GATTCGACGGTTCACG-1,
GATTGCTCCAGTTGCA-1,Section03
GCAAATATTACGCTTT-1,Section01
GCAACCACCAGACCGG-1,Section02
GCAAGATGTGTTCGCG-1,Section02
GCAAGTGCACAGAGAA-1,Section01
GCAAGTGTAAAGCATG-1,Section03
GCACACACTGGTAGCC-1,Section04
GCACAGCACGGGCCGA-1,Section03
GCACCTTCCCGAAGGT-1,Section04
GCACGCCTACTTAGAT-1,Section03
GCACGTGGTTTACTTA-1,Section04
GCACTAGTCGCGCTAT-1,Section01
GCAGCTATGGACAGGT-1,Section02
GCAGGTAGAGTATGGT-1,Section02
GCAGTGCGGGCGGATG-1,Section04
GCAGTTCGATCCGAGC-1,Section04
GCATCCCTAACTTTGA-1,Section01
GCATCGGCCGTGTAGG-1,Section04
GCATGACACAAAGGAA-1,Section04
GCATGAGGGACGCGGC-1,Section02
GCATGCTAATAACGAT-1,Section04
GCATTCAAGGCAACGC-1,Section02
GCATTTCCAAGGCTCC-1,Section02
GCCAACCATTTCCGGA-1,Section02
GCCAATAGGGCATCTC-1,Section02
GCCACTCAGAGCGCGA-1,Section04
GCCACTCCTTACGGTA-1,Section04
GCCAGGAAAGAACACT-1,Section03
GCCAGGAGTAACCGAT-1,Section02
GCCAGGCGTTCGCATG-1,Section02
GCCATATTGCACACAG-1,Section02
GCCATCGAGCTGCGTG-1,Section03
GCCATCGATGCTGCAT-1,Section02
GCCCACCAAGGCTGTC-1,Section01
GCCCAGTTGGTATGCC-1,Section01
GCCCGCGCGTTTGACA-1,Section01
GCCCGTTCACACAATT-1,Section03
GCCGAAATTCCTACGT-1,Section01
GCCGACCCACGACTGC-1,Section03
GCCGATTGGCCAAGCT-1,
GCCGCACTCCGTTTCA-1,
GCCGGGTTAGGGTCGC-1,
GCCGGTCGTATCTCTC-1,Section03
GCCGTCGGTTTCGGGC-1,Section03
GCCTAGCGATCTGACC-1,Section01
GCCTATAGTGTCAGGG-1,Section02
GCCTATCAGGTAAGAT-1,Section04
GCCTATGCTGGGCCTT-1,Section02
GCCTATTCCGATATAG-1,Section01
GCCTCCGACAATTCAC-1,Section04
GCCTGCTACACTGAGA-1,Section02
GCCTTCAGCCCTACCG-1,Section01
GCGAAACGATCGGGAG-1,Section04
GCGAAGCCATACCCGT-1,Section01
GCGACCCAACCATCTG-1,Section03
GCGAGAGGCCATGTAA-1,Section02
GCGAGAGTTGCGTCCA-1,Section02
GCGATTGTTAACGTTA-1,
GCGCAAATATATTCAA-1,Section03
GCGCATCCAGTCAGCA-1,Section02
GCGCCGTTCCACGATA-1,
GCGCGGTCTAGTAACT-1,Section03
GCGCTGCTTTGCATTT-1,Section02
GCGCTTAAATAATTGG-1,Section04
GCGGAGAAACTTCGCA-1,Section03
GCGGCAAAGTATTGCC-1,Section03
GCGGGAACCAGGCCCT-1,Section01
GCGGGCATTACGATGC-1,Section02
GCGGGCGAGCCTTACC-1,Section03
GCGGTCCCGGTGAAGG-1,Section02
GCGGTCCCTAGACGCA-1,Section01
GCGGTGAACTGCGCTC-1,Section02
GCGTAAATGGCCATAA-1,Section02
GCGTCCCTAAGACATA-1,Section03
GCGTTCGGAGACCGGG-1,Section02
GCGTTCTGACTAAGCG-1,Section04
GCTAAACCTGAGGTGA-1,Section01
GCTAACTGAAGTCTGA-1,Section04
GCTAAGTAGTTTCTCT-1,
GCTAATACCGAATGCC-1,Section01
GCTACAATCGAGGATA-1,Section04
GCTAGAGTAGAGATGT-1,Section04
GCTAGCACCTGGGCCA-1,
GCTAGCAGGGAGTGGG-1,Section02
GCTAGCGATAGGTCTT-1,Section03
GCTAGTTTCATTGAGG-1,Section01
GCTATCGCGGCGCAAC-1,Section01
GCTCAATGTAATACCG-1,Section03
GCTCATTACTGCATGT-1,Section02
GCTCATTGATCATATC-1,Section03
GCTCCATGAGTGCAGA-1,Section04
GCTCCATGCAAAGCAA-1,Section03
GCTCCTGACATACTGG-1,Section03
GCTCGGAATTTAAAGC-1,Section02
GCTCTAAACCCTGACG-1,Section01
GCTCTATGTTACGTGC-1,Section01
GCTCTCGGGTACCGAA-1,Section01
GCTCTTTCCGCTAGTG-1,Section03
GCTGAACTCTCCAGGG-1,
GCTGAGGCGTGAGTAT-1,
GCTGCACGGTTTCTTA-1,
GCTGCGAAGAATTATT-1,Section03
GCTGCTAAGTAGTCGA-1,Section03
GCTGCTCTCCGGACAC-1,Section01
GCTGGACCCAAAGTGG-1,Section02
GCTGGCATATTCACCT-1,Section01
GCTGGGAGCGCGTCAA-1,Section03
GCTTGAGTGACCTCTG-1,Section04
GCTTGATGATAATCAG-1,Section01
GCTTGCAGCACAATTG-1,Section02
GCTTGGATCGATTAGG-1,Section02
GCTTTACACAACTGGG-1,Section04
GCTTTCAGAGGAGGTG-1,Section02
GGAAACCTTGTTGAAT-1,Section02
GGAAACTAAATGGGCC-1,Section04
GGAAAGTCTTGATTGT-1,Section03
GGAAAGTGCCCATGCC-1,Section02
GGAACCTTGACTCTGC-1,Section03
GGAACTTTGGCGATTA-1,Section04
GGAATGCGCTAGCGTG-1,
GGACAACCATGAAGCC-1,Section04
GGACCTACGGTAACGT-1,Section02
GGACCTCTAGGCCGCC-1,Section03
GGACGGCTTGCGCAAC-1,Section02
GGACGGGCGACCAACC-1,Section04
GGACGTCCATAGTTGG-1,Section02
GGACTCGAAGCTTTCA-1,Section04
GGACTCGACAGCGCAT-1,Section03
GGACTCGTGAGTGGTC-1,Section03
GGACTCTTCCGGTTGA-1,Section04
GGAGAAGTCATTGGCA-1,Section01
GGAGACCAATGTGCTT-1,Section02
GGAGACGACACCTTTG-1,
GGAGCAACATTTCAAG-1,Section04
GGAGGGCTTGGTTGGC-1,
GGAGGGTCAAGTAAGA-1,Section04
GGAGTGCCGCCCTGGA-1,Section01
GGAGTTGATTCTGTGT-1,Section04
GGATCATCCCGTACGC-1,Section02
GGATCCGGAATATACT-1,
GGATCTTACTGCCCTT-1,Section03
GGATGGCTTGAAGTAT-1,Section04
GGATTCAGTACGGTGG-1,Section01
GGATTTCACTTCTATA-1,
GGCAAATTACTTTACT-1,
GGCAAGCCCATAGTGG-1,Section03
GGCACGCTGCTACAGT-1,Section04
GGCACTCAGCCGACCC-1,Section04
GGCACTCCACTGGGCA-1,Section01
GGCACTGCGGTGGTTT-1,Section04
GGCAGCAAACCTATGC-1,Section04
GGCAGCGGTAATCCTA-1,Section02
GGCCCGTATACCATGC-1,Section02
GGCCGAGACTCTGGTG-1,Section03
GGCCGCAGGAACCGCA-1,Section04
GGCCGTTTGGGTTTCA-1,Section03
GGCCTGCTTCTCCCGA-1,Section04
GGCGCATGAATTGATG-1,
GGCGGAGTAATATTAG-1,Section01
GGCGTCCTATCCGCTG-1,Section01
GGCTAAAGGGCGGGTC-1,Section02
GGCTAATGATTGAAAT-1,Section02
GGCTACTATACACTCC-1,Section03
GGCTATTAAGTTGTAT-1,Section01
GGCTCCTCCACCTGTT-1,Section03
GGCTCGCGTTGAGGTA-1,Section02
GGCTCGTGCCACCAGC-1,Section01
GGCTGAGCATCGTAAG-1,Section02
GGCTTTCAATAAGGGT-1,Section03
GGGAAAGAATGCCAAC-1,Section04
GGGAACGGTTTCAGAT-1,Section03
GGGAATGAGCCCTCAC-1,Section02
GGGACCCGTATATCTT-1,Section03
GGGACTGCATAGATAG-1,Section01
GGGATCCCAATACAAA-1,Section02
GGGCACGTAGTACTGT-1,Section03
GGGCAGAGCAATCGTT-1,Section03
GGGCATGCATGTCGAG-1,Section03
GGGCCCGTCTTAAACA-1,
GGGCCGGCCGAAGTAC-1,
GGGCGATATGTGTGAA-1,Section01
GGGCGGTCCTATTGTC-1,Section01
GGGCGTACATTTATAT-1,Section01
GGGCGTTTACATTCAT-1,Section03
GGGCTATGATCGATGG-1,Section03
GGGCTCATCGAACCCA-1,Section02
GGGCTGGTTAGTCGCG-1,Section01
GGGTACCCACGGTCCT-1,Section01
GGGTATGTATGCACTT-1,Section01
GGGTCACCGTGACGGT-1,Section01
GGGTCAGGAGCTAGAT-1,Section03
GGGTCGTGGCAAGTGT-1,Section02
GGGTCTATCGCTTTCC-1,Section04
GGGTGCATATGAAAGC-1,Section02
GGGTTAACATTTGAGT-1,Section03
GGTAAACTCTGCGCTG-1,Section04
GGTAACTATGTATCTG-1,Section01
GGTACAAACATGCTAT-1,
GGTACACCAGATTTAT-1,Section02
GGTACCATTAAGACGG-1,Section02
GGTACGTTGCGGCCGG-1,Section04
GGTAGACCGTTGGGCG-1,Section03
GGTAGGCCAATATCAC-1,Section03
GGTATTGCCGAGTTTA-1,Section01
GGTCAAGACTACTTCG-1,Section04
GGTCCACGTCTATTTG-1,Section03
GGTCGGATAAACGGCG-1,Section02
GGTCGGCCAGGAGCTT-1,
GGTCGGTAATTAGACA-1,Section01
GGTCGGTCGTCCACAG-1,Section03
GGTCTCCGTCCAGGTT-1,Section04
GGTCTGAGAATCTGGA-1,
GGTCTTGAGCGCTCTT-1,Section03
GGTGACTGATAGAGAG-1,Section04
GGTGAGATGCAGATAA-1,Section01
GGTGATAAGGAGCAGT-1,
GGTGCAGAGCCTATCG-1,Section02
GGTGCATAAATGATTA-1,Section03
GGTGCGGATAAGTGGC-1,Section01
GGTGGACCACGTGTTA-1,Section02
GGTGGAGGTTGATACG-1,
GGTGGGATTAGGTCCC-1,Section03
GGTGTAGGTAAGTAAA-1,Section03
GGTTACCGCTCCCTAC-1,Section03
GGTTAGGCTTGGAGAA-1,Section01
GGTTTAATTACCATCG-1,Section03
GGTTTAATTGAGCAGG-1,Section02
GGTTTGACAAGAAGCT-1,Section02
GGTTTGAGTGCTGGAA-1,Section01
GGTTTGTGACCTGAGG-1,Section04
GTAACATCTAAGATAA-1,Section04
GTAACTGCCCAAGGAG-1,Section03
GTAACTTGCGGCAGTC-1,Section01
GTAAGCGGGCAGTCAG-1,Section01
GTAAGTAGGGTATACC-1,Section01
GTAAGTCCACACTCTA-1,
GTAATAAAGGGCTCCC-1,Section02
GTACAGAGGCAAGGGT-1,
GTACGAGATTGCGACA-1,Section01
GTACGTCACGTATTAA-1,Section02
GTACTAAGATTTGGAG-1,Section01
GTACTCCTGGGTATGC-1,Section02
GTACTGCATGAAGCGT-1,Section01
GTACTGGAGTTAGACC-1,
GTACTTGGGCACTTCT-1,Section01
GTAGACACGCCTGACT-1,Section03
GTAGACGTCGTTACAT-1,Section01
GTAGCTCCGGGAGGCT-1,Section03
GTAGTGAGCAACCTCA-1,Section04
GTAGTTCGAAGGCGAA-1,Section03
GTATAGGACTCAGTAG-1,Section01
GTATCAAACGTTAGCT-1,Section04
GTATCAGCTTGGGTTC-1,Section01
GTATCCTTTGGTAACC-1,Section04
GTATTAAGGCGTCTAA-1,Section01
GTATTTAATGGCATAA-1,Section04
GTCAAAGTTTACATAG-1,Section01
GTCAACCAGGCCTATA-1,Section04
GTCAAGCGGACTCGGG-1,
GTCAATGCTATAATTT-1,Section02
GTCACTCTCCAAATCT-1,Section01
GTCAGAATAGTCTATG-1,Section01
GTCATGCACCTCCGTT-1,Section01
GTCATGCGCGAGGGCT-1,Section04
GTCATGGACATGACTA-1,Section01
GTCCAATATTTAGCCT-1,Section03
GTCCACGTCGCATTCG-1,Section04
GTCCAGGCACGTGTGC-1,Section03
GTCCGGCTGAATTGCG-1,Section01
GTCCTACGAATAGTCT-1,Section04
GTCCTTTAATGACTTC-1,Section02
GTCGATAGGTGACTTT-1,Section04
GTCGCCGTTGTGTGTT-1,Section03
GTCGCGTAACCCGTTG-1,
GTCGGAAGGATACCAG-1,Section02
GTCGGATATCTCAGAC-1,Section01
GTCGGGAAGCAGAAAC-1,Section03
GTCGGGTGAAGTACCG-1,Section04
GTCGTATTGGCGTACA-1,Section02
GTCGTCAATTATAAGG-1,Section01
GTCGTGTCTGGTCATC-1,Section02
GTCTAGTGAGCCGCTT-1,Section04
GTCTATACACGCATGG-1,Section03
GTCTATTGCATGCTCG-1,Section04
GTCTCAAGGCCCGGCT-1,Section03
GTCTCCCGAGTCCCGT-1,Section04
GTCTCGACTAAGTTTG-1,Section02
GTCTGTAGGTTGAACA-1,Section03
GTCTTACCACGCCAAG-1,Section04
GTGAAACGGCGCCACC-1,Section02
GTGAAACGTGCTCCAC-1,Section01
GTGAACTCCCATTCGA-1,Section02
GTGAAGATTTCAAGTG-1,Section02
GTGAAGCCGTATAGTC-1,Section02
GTGACGAGGGTGACCC-1,Section02
GTGAGATAACCTTATA-1,Section03
GTGAGGACACTTAAGG-1,
GTGAGGAGCGGTTGAG-1,Section02
GTGAGTCGACTAATAG-1,Section04
GTGATCAAGCGTGCAC-1,Section03
GTGATCATAGATCTGC-1,
GTGATGCACAACATCT-1,Section02
GTGCACCAGCTTCAAC-1,Section03
GTGCCTCAGTGTACGG-1,Section02
GTGCGGGTCTCCAAAT-1,Section01
GTGCTCAAGTACTGTC-1,Section01
GTGGACGTGCTGAGAC-1,Section01
GTGGAGCATGTCGGCC-1,
GTGGAGTCGGCGGTTG-1,Section03
GTGGGAACAAACCGGG-1,Section03
GTGGGCTTAGACACAC-1,Section01
GTGGTATAGTCTGCCG-1,Section03
GTGGTCAGCGAAGTAT-1,Section02
GTGGTTACTTCTTTCG-1,Section02
GTGTACGAACCGTTCC-1,
GTGTCAGTGTACGTGG-1,Section03
GTGTGAATAACTTAGG-1,
GTGTTACTATGCGTCC-1,
GTTAATAGCGTCATTA-1,Section04
GTTACCAAGGCGTACG-1,Section04
GTTACTTTGGGCCTAG-1,
GTTAGCCGTAAATCAA-1,Section02
GTTATAATACGGTGAA-1,Section04
GTTATATCAGGAGCCA-1,Section02
GTTATCAAGCTATCGA-1,Section04
GTTCACAGGAGTCTAG-1,Section01
GTTCAGTCGCCAAATG-1,Section03
GTTCATCGTTTGGCTG-1,Section02
GTTCCAGTCTGACCAT-1,Section01
GTTCCCGTAAACATAT-1,Section04
GTTCCGTCCGCCTGCA-1,Section03
GTTCGACAATTGTATA-1,Section03
GTTCGCTGAGACGTCT-1,Section04
GTTCGGAGCACTCAAC-1,Section04
GTTCGGGCGTACCATT-1,Section02
GTTCGTCTGGGTCCCT-1,Section02
GTTCTTCCCTCGATGT-1,Section01
GTTGCACGGAGTTTCG-1,Section01
GTTGCAGTCGACAACA-1,Section04
GTTGCGCTAACATTAC-1,
GTTGCGGACGGTCAGG-1,Section04
GTTGGACCGCATCAGG-1,Section02
GTTGGATTCAGTGGCT-1,Section02
GTTGTCGTGTTAGTTG-1,Section01
GTTGTTACATTGCGCT-1,Section02
GTTGTTGCAAGATGGC-1,Section04
GTTTCAAACGAGTTGT-1,Section04
GTTTCCTGGAGGGTGA-1,Section01
GTTTCTGCAGTCTCCC-1,
GTTTGACCAAATCCTA-1,Section01
GTTTGGCCGCTCAGCG-1,Section01
GTTTGGGTTTCGCCCG-1,Section04
GTTTGGTAGGGTCAAC-1,Section03
GTTTGGTGATCGGTGC-1,Section03
TAAACCCAGGAGGGCA-1,Section03
TAAAGCGGTATTTCCA-1,Section03
TAAAGCGTTAGGAGAA-1,Section02
TAAAGCTGCAATAGGG-1,Section02
TAAAGTGCACGTCTCG-1,Section03
TAAATCTTTACACCTC-1,Section02
TAAATGAATCCGTTTC-1,Section01
TAAATGCCGTCTCATG-1,Section02
TAAATGGGCTACTGAG-1,Section04
TAAATTTAGTAACACC-1,Section03
TAACAAAGGGAGAAGC-1,Section01
TAACAGCGTTTGTGCT-1,Section03
TAACCTACCGTCCGAG-1,Section02
TAACCTAGGGAGTCCA-1,Section04
TAACGCTTTGAGAGCG-1,Section01
TAACTATCGAAGGTCC-1,Section01
TAACTATTACGCCAAA-1,Section02
TAACTCCATGGAGGCT-1,Section01
TAAGCCCTTACGACCA-1,Section02
TAAGCGCGAATCAAAT-1,Section03
TAAGGAACTTGTGGGA-1,Section01
TAAGGCATAACATCAA-1,Section03
TAAGGGCCTGTCCGAT-1,Section04
TAAGTCGGTGAGCTAG-1,Section04
TAAGTGAATAGTCTAC-1,Section03
TAAGTTGCGACGTAGG-1,Section04
TAATAAACAAGGAGAT-1,Section02
TAATATTGAAATTCGC-1,Section01
TAATCGATCCGTACGT-1,Section02
TAATTACGTCAGTAGA-1,Section04
TAATTCCAATGCTTCA-1,Section04
TAATTGGAATCGGGAA-1,Section02
TACAAGGGCTTCTTTA-1,Section04
TACACCGTCGTTAGTC-1,Section02
TACATAGGCATACACC-1,
TACATGCCGGAATTGT-1,Section04
TACATTTCTAACGTGC-1,
TACCAAATAGCCCAGA-1,Section03
TACCAGGAATCCCGTC-1,Section03
TACCCTCGGTAACCCT-1,Section04
TACCGAATAATTGTAA-1,Section04
TACCGCGGACTTGCAG-1,Section02
TACCGTAGGTTAACTA-1,Section03
TACCTACTCCCAGTAT-1,Section03
TACCTCACGCTTGTAC-1,Section01
TACCTCAGTTGTCTGT-1,Section03
TACCTCCACACCAATG-1,Section03
TACCTCTTTACCATCC-1,Section04
TACGAACACGACTTCA-1,Section01
TACGACTGCCTCTTAG-1,
TACGAGAACTTCACGT-1,Section01
TACGCAGTTCTTTCCT-1,
TACGCCATATTCTAAT-1,
TACGCCGAGGGTACCC-1,Section03
TACGCCTCCATTCCGA-1,Section03
TACGCTATAGAAACCT-1,Section02
TACGCTCCTAGAACTG-1,Section03
TACGCTCGGTATTGGA-1,Section04
TACGCTGCACGGTCGT-1,Section04
TACGCTGCTGTGTTAA-1,Section03
TACGGCATGGACGCTA-1,Section04
TACGGGATGCTAGCAG-1,Section02
TACGTAAAGCGGAGTG-1,Section04
TACGTACTAGTGCTGA-1,Section03
TACGTGCACTATGCTG-1,Section01
TACTATGGTTCCTCAG-1,Section03
TACTCATTGACGCATC-1,Section04
TACTCCTCTAGTTGAC-1,Section03
TACTCTTACTTTACTG-1,Section04
TACTCTTTCGTCTTCA-1,Section03
TACTGAACAGATTTAG-1,Section03
TACTGCAATCAATTAC-1,Section02
TACTTAAACATGTACA-1,Section04
TACTTTACTGAGCCGG-1,Section02
TAGAAAGGTGGCGCTA-1,
TAGAAGAAGGGTTACA-1,Section04
TAGAATAGCCGATGAA-1,Section04
TAGACTACCTAGCGTT-1,
TAGAGCTACGAAGAAC-1,Section01
TAGAGGTTCTACTTGT-1,Section04
TAGAGTCTAAGCGAAC-1,Section01
TAGATGGTTCCTTACT-1,Section04
TAGATTCAAAGTGCGG-1,Section03
TAGATTCTCTAGCAAA-1,Section04
TAGCAACCTGTCACAA-1,Section01
TAGCAGTATGACTAAA-1,Section04
TAGCCGGCGGTCAGCG-1,
TAGCTAAGTCCGGGAG-1,Section01
TAGCTAGTGATGATGG-1,Section03
TAGCTCACTGTGTTTG-1,Section04
TAGGAGGCTCGAGAAC-1,Section04
TAGGCATGTTACGCCA-1,Section02
TAGGCCTATATAGTCT-1,Section04
TAGGCTAAAGTGGCAC-1,Section04
TAGGGTGTTTCAAGAG-1,Section01
TAGGTCGCCGGAACTG-1,Section02
TAGGTGAGCCCTACTC-1,Section01
TAGGTGTTCCACAGAT-1,Section03
TAGTAGCTTATACCAG-1,Section03
TAGTCCCGGAGACCAC-1,Section03
TAGTCCTGCACTAAGC-1,Section03
TAGTCTGCGGCACATT-1,Section03
TAGTCTGTGACGTTGC-1,Section02
TAGTGACAAGCTCTAC-1,Section04
TAGTGCCCTCCAGAGT-1,Section01
TATAAATCCACAAGCT-1,Section01
TATAAGTGAGGATAGC-1,Section01
TATACACGCAAAGTAT-1,Section01
TATAGAGTCGCTTGAA-1,Section03
TATATAGGGCTTTACG-1,Section03
TATATATCGAGAAATG-1,Section03
TATATCAAAGTGATCT-1,Section03
TATATTACAAATGTCG-1,Section02
TATCACCATGTAAAGT-1,Section02
TATCACCCAACCGACC-1,Section02
TATCACTTCGAGTAAC-1,Section02
TATCCATATCATGCGA-1,Section01
TATCCGCACCGTCGGG-1,Section03
TATCCTATCAACTGGT-1,Section03
TATCCTGCATGGGAAT-1,Section01
TATCGATCTATGCATA-1,Section02
TATCGATGATTAAACG-1,Section01
TATCTACCACAGCGGG-1,
TATGAAGAATTAAGGT-1,Section04
TATGATCCGGCACGCC-1,Section02
TATGATCTTCTCTTTA-1,Section04
TATGCTCCCTACTTAC-1,Section01
TATGGATGTGCTACGC-1,Section01
TATGGCCCGGCCTCGC-1,Section01
TATGGGTACGTATCGT-1,Section01
TATGTAAAGTGCTTAA-1,Section03
TATGTCAAGACCGACT-1,Section02
TATGTCTCATTGTGCC-1,
TATTAACCTGACCGCG-1,Section03
TATTGCCGGGCTTGTA-1,Section04
TATTTAGTCTAGATCG-1,Section01
TATTTGATTTGCACAG-1,Section04
TATTTGTTACCCTTTA-1,Section01
TCAAACAACCGCGTCG-1,Section01
TCAAAGTCACGGCGTC-1,Section03
TCAACACATTGGGTAA-1,Section01
TCAACATAGCGCCCTA-1,Section03
TCAACCATGTTCGGGC-1,Section01
TCAACGAGGAGACAAA-1,
TCAACTGCAGAGTCAG-1,Section04
TCAAGAAATACTAGCT-1,Section02
TCAAGCGCGGACGGTA-1,Section04
TCAATACGCCGTCATG-1,Section03
TCAATATACAGGAGGC-1,Section04
TCAATCCCGCGCCAAA-1,Section04
TCACAAACCGAGGTAC-1,Section04
TCACAGGAGAATAAGA-1,Section03
TCACAGGTTATTGGGC-1,Section01
TCACCCTCTTAAGATT-1,
TCACCGCTCGGCACTC-1,Section02
TCACGCATTGTAGATC-1,Section01
TCACGGTCATCGCACA-1,Section01
TCACTACGACCAATGC-1,Section02
TCACTCGTGCAACGGC-1,Section02
TCAGAACCTCCACAGG-1,Section02
TCAGAGTGTGAGCATG-1,Section04
TCAGCAGTAGGCCCTG-1,Section03
TCAGCCAATCCGTAAA-1,Section04
TCAGGTTCTTTGAGAA-1,Section01
TCAGTACTGACCCGCG-1,Section01
TCAGTGTATACGTCAT-1,Section03
TCATAAGTCCAAGAAG-1,Section04
TCATACTTACAGATCC-1,Section01
TCATATGAGCTTTGTT-1,Section03
TCATCACTCGAGCTCG-1,Section01
TCATCGATGGTCCCAA-1,Section03
TCATTTAGAAGTGTGA-1,Section04
TCCAATAAAGGCTACC-1,Section03
TCCACAATGGTTTACG-1,Section01
TCCACCAAGACATAGG-1,Section04
TCCACCTCTAGCCTTT-1,Section03
TCCACTTTATCTAGGT-1,
TCCAGATGTACGCCAA-1,Section02
TCCAGCGCTATAAGCG-1,Section04
TCCAGGCAGGACGATC-1,Section03
TCCAGGCGAGTACGGT-1,Section01
TCCAGGGTATATACGA-1,Section03
TCCCAAACAGACAACG-1,Section02
TCCCAAACATCCTCTA-1,Section03
TCCCAAAGACGAAGGA-1,Section01
TCCCACTCTCTTCCGG-1,Section02
TCCCAGCACACGACAT-1,Section04
TCCCAGCTTTAGTCTG-1,Section01
TCCCAGGCTTAGCTAA-1,Section01
TCCCGTCGCGTCATAG-1,Section02
TCCCTAGATCAATAGG-1,Section02
TCCCTCTTCTCAAGGG-1,Section04
TCCCTTGTCTGAAACT-1,Section04
TCCGAAGTAGTCACCA-1,Section02
TCCGAATGGTCCTGAG-1,Section02
TCCGACCGCTAATCAA-1,Section03
TCCGATGGTGCGACAT-1,Section01
TCCGATTACATTGCCG-1,Section01
TCCGCGGCAGCATCTG-1,
TCCGCGGCCCAATGAA-1,Section04
TCCGGAGGAAGGGCTG-1,Section02
TCCGGCCTAGCGTACA-1,Section02
TCCGGCTGTCGGGTCG-1,Section04
TCCGGGCTTGACGGGA-1,Section04
TCCGTTAAGCTAATAT-1,Section04
TCCGTTTAGCCTTGAA-1,Section02
TCCTAACCGTCGGGCA-1,Section03
TCCTCGGGCTGGGCTT-1,
TCCTCTACGAGATGGC-1,Section01
TCCTCTGGCCCATTAG-1,Section02
TCCTGCCAACTGGAGA-1,Section02
TCCTGGCGCTGCCTGG-1,Section02
TCCTTTAAATCCGCTT-1,Section04
TCCTTTCTTACGCTTA-1,Section01
TCGAAATTTAGGACCA-1,Section01
TCGAATATCCCGCAGG-1,Section03
TCGACATAGCGTAGCG-1,Section03
TCGACTGACGATGGCT-1,Section04
TCGAGCCAGGCAGGCC-1,Section03
TCGAGGGCAACAGACG-1,Section04
TCGCATAAAGGGCGCA-1,Section04
TCGCATCCCTAAGTGT-1,Section01
TCGCCCAACTGACTCC-1,Section02
TCGCCGGTCGATCCGT-1,Section01
TCGCGTAGCAGTGTCC-1,Section04
TCGCGTCCAGAAGGTC-1,Section01
TCGCTAAACCGCTATC-1,Section02
TCGCTCGATATATTCC-1,Section01
TCGCTCGGCACCAGCG-1,Section02
TCGCTGTGCGTAAATC-1,Section01
TCGCTTTAAACGTTTG-1,Section02
TCGGAATGCGCTCTGA-1,Section01
TCGGACGCCCAGCCCA-1,
TCGGCAGGGTTAAGGG-1,Section04
TCGGCGAACCCAAACC-1,Section04
TCGGCTTGTATCGACG-1,Section04
TCGGGAACGTGCCTAG-1,Section02
TCGGTCCCTGACTCCA-1,Section02
TCGGTGACCGCTCCGG-1,Section02
TCGTAACTCCCAAGAC-1,Section04
TCGTAAGCTCCGAGGA-1,Section02
TCGTACCGACGTCAAG-1,Section03
TCGTCAAGTACGCGCA-1,Section03
TCGTCCGCTGGCGTCT-1,Section01
TCGTGTATTGGTCACG-1,Section04
TCGTGTTCGACCACAA-1,Section04
TCGTTAGGAGTCCCTA-1,Section03
TCGTTGCTATCCGGTC-1,Section03
TCTAACCTAGCCTGCG-1,Section04
TCTACCCAATAGAGAG-1,Section04
TCTACGCACGATCTCC-1,Section03
TCTAGCATCTTCGATG-1,Section01
TCTAGGTGGCGACGCT-1,Section02
TCTAGTTATCAGAAGA-1,Section01
TCTATAGGTGGGTAAT-1,Section04
TCTATCATGCAGTTAC-1,Section01
TCTATCGGTCGCAACA-1,Section01
TCTATGCTATAACGAC-1,Section04
TCTATTACGCTGGCGA-1,Section01
TCTCAGGCTACTCGCT-1,Section04
TCTCCACAAGTTGAAT-1,Section04
TCTCGAACGAGGTCAC-1,Section02
TCTCGAGGAGGTTCGC-1,Section04
TCTCTAATAGCTGGTA-1,Section01
TCTCTCGCCGCACATA-1,Section04
TCTCTTACCGCGAACC-1,Section03
TCTGAACCGGTCGGCT-1,Section01
TCTGACGGGCTAACCC-1,Section02
TCTGAGCAATTGACTG-1,Section04
TCTGCATACCTTGCTT-1,Section04
TCTGCCAGAAACTGCA-1,
TCTGCGTCCGGTTTCT-1,Section01
TCTGGAGCGTAAGAGT-1,
TCTGTGCCATCATAGT-1,
TCTTACAGAGGTACCG-1,Section01
TCTTACCGGAACTCGT-1,Section02
TCTTACGGCATCCGAC-1,Section01
TCTTCCCATGGGCACA-1,Section02
TCTTCGCGGTGAGAGG-1,Section04
TCTTTCCTTCGAGATA-1,Section04
TGAAAGGACCTGACTC-1,
TGAACAAGCAGGGACT-1,Section03
TGAATATGCTATAAAC-1,Section02
TGAATGAGTGTTTCCC-1,Section03
TGACAACGCATGTCGC-1,
TGACAACTTAAAGGTG-1,Section03
TGACACTTCTCTTTGC-1,Section02
TGACCAAATCTTAAAC-1,Section03
TGACCAGCTTCAAAGT-1,Section02
TGACCCACGTTAGACA-1,Section01
TGACTCTAACTGGTAA-1,Section04
TGAGAATGCTTTACCG-1,Section01
TGAGATTAGGCCCTAA-1,Section02
TGAGCTCAACTGTATA-1,Section04
TGAGCTTTAATGACGC-1,Section02
TGAGGAGTGCCAGCTT-1,Section03
TGAGGTGTGTGGCGGA-1,Section03
TGAGTGGTCCGTGACG-1,
TGATACATTTAGCCGT-1,Section03
TGATCACCACACTGAC-1,Section03
TGATCCCAGCATTAGT-1,Section02
TGATCGGTTTGACCCT-1,Section01
TGATCTACGCTGATCT-1,Section02
TGATCTCCGGCGCCAG-1,Section01
TGATGGCTGTTTCTGA-1,Section02
TGATGTCAATTAAGTG-1,Section04
TGATTATGGCACGCAG-1,Section02
TGATTCCCGGTTACCT-1,Section03
TGATTCGTCTATCACT-1,Section01
TGATTTCCTCCTGACG-1,Section01
TGCAAAGTTCGTCTGT-1,Section03
TGCAACCCATCTGCGG-1,Section04
TGCAAGAATGACGTAA-1,Section01
TGCAATCTAACACGGT-1,Section04
TGCAATTTGGGCACGG-1,Section02
TGCACAGTGAAGTTAT-1,Section02
TGCATATGTCTGTCAC-1,
TGCATGTGACCCATAG-1,Section03
TGCATGTGGTAATCTA-1,
TGCCAATGGGTACTCT-1,Section03
TGCCATTACTAAAGAA-1,Section02
TGCCGGATGTACGAGC-1,Section03
TGCCGTGGATCGTCCT-1,Section03
TGCCTAAATTTAATAG-1,
TGCCTAATTGAAGATT-1,Section04
TGCGACGGCCGAACGT-1,Section03
TGCGAGCCCTTCCGCG-1,Section02
TGCGCCGTTAATAACG-1,
TGCGCGATTAACGGAG-1,Section01
TGCGTACGGCTAATTG-1,Section04
TGCGTTTGTTGACACT-1,
TGCTATGGCAAAGGGA-1,Section03
TGCTCGGCGAAACCCA-1,Section03
TGCTGGTTGGACAATT-1,Section01
TGCTTAGAGAGAATGC-1,Section03
TGCTTCCCAAGCAGTA-1,Section03
TGGAACCACTGACACA-1,Section02
TGGAAGACGAACACCA-1,Section01
TGGAATATCCTTGACC-1,Section02
TGGAGAATAATCGTCC-1,Section03
TGGAGTGATGCGATGA-1,Section01
TGGCAACTCGCGCGCC-1,Section02
TGGCAAGCACAAGTCG-1,Section03
TGGCAATGGGACGGCG-1,Section04
TGGCAGATTACGATCA-1,
TGGCAGCAGTAATAGT-1,
TGGCCGTATATTGACC-1,Section01
TGGCGACTGCTCCAAA-1,Section03
TGGCTACACTCTACCT-1,Section04
TGGCTTGTACAAGCTT-1,Section02
TGGCTTTGGGTAGACA-1,Section01
TGGGAAATGCCTTTCC-1,Section01
TGGGATGCACTCATTC-1,Section02
TGGGCAGGCCACCGCA-1,Section04
TGGGCGATACAATAAG-1,Section03
TGGGTGGGATGTCATT-1,Section02
TGGGTGTAATAGATTT-1,Section04
TGGGTTTCGGGCGTAC-1,Section03
TGGTCGATATACCTCT-1,Section03
TGGTGCCCTGCCTTAC-1,Section03
TGGTTAAGGGCGCTGG-1,Section02
TGGTTCGTAGCAAAGG-1,Section01
TGGTTGGAGGATCCTG-1,Section02
TGGTTTAAACGTGGGT-1,Section02
TGTACCTACACGAGGG-1,Section04
TGTACTACTCTCACGG-1,Section02
TGTACTTCCGGGCATG-1,Section04
TGTAGCCATCCCATTC-1,Section04
TGTAGGAGAAATTTCC-1,
TGTATAACAGATCCTG-1,
TGTATCAGACTGAAGC-1,Section02
TGTATTTACCTAATGC-1,Section02
TGTCATTTGTTGGGAA-1,Section02
TGTCCACGGCTCAACT-1,Section04
TGTCCGCAAACAATTC-1,Section03
TGTGACTAGAGTTTGC-1,Section04
TGTGAGACTAGCCCAA-1,Section03
TGTGCCGGTGCCGGAA-1,Section04
TGTGGCAAAGCGTATG-1,Section02
TGTGGCGGGCTTCTGG-1,Section03
TGTGGCTCCCACCAAC-1,
TGTGGTTGCTAAAGCT-1,Section03
TGTGTAGTAGCACGTG-1,Section04
TGTGTCGCGAGTTGCA-1,Section01
TGTTAACAAAGTGACT-1,Section04
TGTTCCGCTTCCATGA-1,Section01
TGTTCTCATACTATAG-1,Section04
TGTTCTTCCATTGACT-1,Section01
TGTTGCCGTCGTCCCA-1,
TGTTTCGGTACTTCTC-1,Section01
TTAAACTCGAATTCAT-1,Section02
TTAAAGGCGATGCTCG-1,Section03
TTAAAGTAAGTCGCCA-1,Section04
TTAACCAACCCTCCCT-1,Section01
TTAACGAACAAGCAGT-1,Section02
TTAACTGATCGTTTGG-1,Section04
TTAAGATACCCAGAGA-1,Section03
TTAAGCGCCTGACCCA-1,Section01
TTAAGTATTGTTATCC-1,Section04
TTACAACTACGCATCC-1,Section01
TTACACGATCTGCGAC-1,Section04
TTACAGACCTAAATGA-1,Section02
TTACATCGTGGCCTGG-1,Section01
TTACCCTAACAGTCCT-1,Section01
TTACCCTAGGGATTGG-1,Section03
TTACGGATGGTTCGAG-1,Section02
TTACGTATCTATGACA-1,Section04
TTACTCCGGCCGGGAA-1,
TTACTGGGATATTTCA-1,
TTACTGTCTAGAGCTC-1,Section02
TTAGAATAAGGGTCGG-1,Section03
TTAGCAACATGGATGT-1,Section01
TTAGCCATAGGGCTCG-1,Section03
TTAGCTAATACGATCT-1,Section02
TTAGGTCATAACCGAC-1,Section03
TTAGTAAACCTGCTCT-1,Section04
TTAGTTCAAGTGTTCG-1,Section02
TTATATTTGGCAATCC-1,Section01
TTATCCAATCGAACTC-1,Section01
TTATCTGTATCATAAC-1,Section01
TTATGAATGAAAGGGA-1,
TTATGACAAACTGGAT-1,Section01
TTATGATCTTAACGAA-1,
TTATTATCTGGAAGGC-1,Section04
TTATTTAGGTTCCTTA-1,Section04
TTCAACGACCCGACCG-1,Section01
TTCACGGTCGTCACGT-1,Section03
TTCACTTCCTAGAACG-1,Section03
TTCAGCTGGCGTGCCC-1,Section04
TTCAGTTCAAGAGGAG-1,Section03
TTCCAATCAGAGCTAG-1,Section02
TTCCAGTGGGTTTCGT-1,Section03
TTCCATCATGCGGTGA-1,Section02
TTCCATCGACAGCGTG-1,Section04
TTCCGCAGAGAAATAT-1,Section02
TTCCGGCCTTGAGGCT-1,Section03
TTCCGGCTCGACTTCT-1,Section02
TTCCTCGAGGGTGTCT-1,Section01
TTCGAACGAAACATGC-1,Section03
TTCGACGGGAAGGGCG-1,Section01
TTCGCACTCGCGTGCT-1,Section01
TTCGCACTGTACGACA-1,Section03
TTCGCGCGCCATACGA-1,Section03
TTCGCTATCTGACGTG-1,Section02
TTCGGACTGATGCCTT-1,Section02
TTCGGCAACCCGCTGA-1,Section02
TTCGGCTAGAGATGGT-1,Section01
TTCGGGCGCTAGTCTT-1,Section03
TTCGGGTTGCCACGGG-1,Section04
TTCGGTACTGTAGAGG-1,Section03
TTCGTAATCCCAGCGG-1,Section02
TTCGTACTCCAGAACG-1,Section01
TTCGTTCAACGAAGTT-1,Section02
TTCTACCTCAATCGGT-1,Section03
TTCTACTTGCGAGGGC-1,Section01
TTCTAGAAAGTCTTAT-1,Section03
TTCTAGGCCAATTGTG-1,Section01
TTCTATGCCTTTCGCA-1,Section02
TTCTATTAAACGCAGC-1,Section03
TTCTGCTAGACTCCAA-1,Section02
TTCTTAGTGAACGGTG-1,Section01
TTCTTAGTGGCTCAGA-1,Section01
TTCTTGTAACCTAATG-1,Section01
TTCTTTGGTCGCGACG-1,Section02
TTGAAACCCTCATTCC-1,Section04
TTGAAAGGTGTAAAGG-1,Section02
TTGAACGAATCCTTTG-1,Section01
TTGAAGAATTCCCAGG-1,Section01
TTGAATATGGACTTTC-1,
TTGAGCAGCCCACGGT-1,
TTGAGGCATTTAACTC-1,Section02
TTGATAGTCAATACAT-1,Section02
TTGATCTAACTTTGTC-1,Section01
TTGATGCCGCTCGTCG-1,Section03
TTGATGTGTAGTCCCG-1,Section02
TTGATTATGCAGATGA-1,Section01
TTGCACAATTCAGAAA-1,
TTGCACGGAGCAGCAC-1,Section01
TTGCCGGTGATCCCTC-1,Section02
TTGCCTTCTCGCCGGG-1,Section04
TTGCGCTTGATCAATA-1,Section04
TTGCGGAAAGCTGCCC-1,Section03
TTGCGGCATCAGAAAG-1,Section03
TTGCGTGAACGCTTAG-1,Section02
TTGCTCATAGTACGTG-1,Section04
TTGCTGAAGGAACCAC-1,Section01
TTGCTGATCATGTTCG-1,Section01
TTGGACCATCTGGCAA-1,Section04
TTGGATTGGGTACCAC-1,Section01
TTGGCCATCTTGCGCT-1,Section01
TTGGCTCAATATGTGT-1,Section04
TTGGCTCGCATGAGAC-1,Section01
TTGGGACGTAAGAGTT-1,Section04
TTGGTTCGCTCAAAGG-1,
TTGTCGTTCAGTTACC-1,Section01
TTGTCTCGGCAAGATG-1,Section03
TTGTGAACCTAATCCG-1,Section04
TTGTGATCTGTTCAGT-1,Section04
TTGTGGCCCTGACAGT-1,Section01
TTGTGGTGGTACTAAG-1,Section04
TTGTGTATGCCACCAA-1,Section03
TTGTTAGCAAATTCGA-1,Section01
TTGTTCAGTGTGCTAC-1,Section01
TTGTTGGCAATGACTG-1,Section03
TTGTTGTGTGTCAAGA-1,
TTGTTTCACATCCAGG-1,Section03
TTGTTTCATTAGTCTA-1,Section03
TTGTTTGTATTACACG-1,Section03
