"gene_id","cell_type","marker_rank","source_cell_type","input_order","rank_value","n_markers"
"Zm00001eb066520","Bundle_sheath",1,"Bundle_sheath",1,1,100
"Zm00001eb066650","Bundle_sheath",2,"Bundle_sheath",2,2,100
"Zm00001eb066860","Bundle_sheath",3,"Bundle_sheath",3,3,100
"Zm00001eb067700","Bundle_sheath",4,"Bundle_sheath",4,4,100
"Zm00001eb068280","Bundle_sheath",5,"Bundle_sheath",5,5,100
"Zm00001eb069000","Bundle_sheath",6,"Bundle_sheath",6,6,100
"Zm00001eb073090","Bundle_sheath",7,"Bundle_sheath",7,7,100
"Zm00001eb080170","Bundle_sheath",8,"Bundle_sheath",8,8,100
"Zm00001eb082670","Bundle_sheath",9,"Bundle_sheath",9,9,100
"Zm00001eb084560","Bundle_sheath",10,"Bundle_sheath",10,10,100
"Zm00001eb084760","Bundle_sheath",11,"Bundle_sheath",11,11,100
"Zm00001eb086100","Bundle_sheath",12,"Bundle_sheath",12,12,100
"Zm00001eb088050","Bundle_sheath",13,"Bundle_sheath",13,13,100
"Zm00001eb089390","Bundle_sheath",14,"Bundle_sheath",14,14,100
"Zm00001eb091780","Bundle_sheath",15,"Bundle_sheath",15,15,100
"Zm00001eb092730","Bundle_sheath",16,"Bundle_sheath",16,16,100
"Zm00001eb093640","Bundle_sheath",17,"Bundle_sheath",17,17,100
"Zm00001eb094750","Bundle_sheath",18,"Bundle_sheath",18,18,100
"Zm00001eb096920","Bundle_sheath",19,"Bundle_sheath",19,19,100
"Zm00001eb098990","Bundle_sheath",20,"Bundle_sheath",20,20,100
"Zm00001eb100140","Bundle_sheath",21,"Bundle_sheath",21,21,100
"Zm00001eb101660","Bundle_sheath",22,"Bundle_sheath",22,22,100
"Zm00001eb103010","Bundle_sheath",23,"Bundle_sheath",23,23,100
"Zm00001eb104680","Bundle_sheath",24,"Bundle_sheath",24,24,100
"Zm00001eb105410","Bundle_sheath",25,"Bundle_sheath",25,25,100
"Zm00001eb107590","Bundle_sheath",26,"Bundle_sheath",26,26,100
"Zm00001eb108360","Bundle_sheath",27,"Bundle_sheath",27,27,100
"Zm00001eb108910","Bundle_sheath",28,"Bundle_sheath",28,28,100
"Zm00001eb109300","Bundle_sheath",29,"Bundle_sheath",29,29,100
"Zm00001eb110520","Bundle_sheath",30,"Bundle_sheath",30,30,100
"Zm00001eb111070","Bundle_sheath",31,"Bundle_sheath",31,31,100
"Zm00001eb116580","Bundle_sheath",32,"Bundle_sheath",32,32,100
"Zm00001eb332910","Bundle_sheath",33,"Bundle_sheath",33,33,100
"Zm00001eb336810","Bundle_sheath",34,"Bundle_sheath",34,34,100
"Zm00001eb343820","Bundle_sheath",35,"Bundle_sheath",35,35,100
"Zm00001eb345070","Bundle_sheath",36,"Bundle_sheath",36,36,100
"Zm00001eb346330","Bundle_sheath",37,"Bundle_sheath",37,37,100
"Zm00001eb346570","Bundle_sheath",38,"Bundle_sheath",38,38,100
"Zm00001eb351330","Bundle_sheath",39,"Bundle_sheath",39,39,100
"Zm00001eb356220","Bundle_sheath",40,"Bundle_sheath",40,40,100
"Zm00001eb357670","Bundle_sheath",41,"Bundle_sheath",41,41,100
"Zm00001eb358050","Bundle_sheath",42,"Bundle_sheath",42,42,100
"Zm00001eb359230","Bundle_sheath",43,"Bundle_sheath",43,43,100
"Zm00001eb360020","Bundle_sheath",44,"Bundle_sheath",44,44,100
"Zm00001eb360950","Bundle_sheath",45,"Bundle_sheath",45,45,100
"Zm00001eb361800","Bundle_sheath",46,"Bundle_sheath",46,46,100
"Zm00001eb365700","Bundle_sheath",47,"Bundle_sheath",47,47,100
"Zm00001eb366720","Bundle_sheath",48,"Bundle_sheath",48,48,100
"Zm00001eb370910","Bundle_sheath",49,"Bundle_sheath",49,49,100
"Zm00001eb213670","Bundle_sheath",50,"Bundle_sheath",50,50,100
"Zm00001eb213750","Bundle_sheath",51,"Bundle_sheath",51,51,100
"Zm00001eb214610","Bundle_sheath",52,"Bundle_sheath",52,52,100
"Zm00001eb217590","Bundle_sheath",53,"Bundle_sheath",53,53,100
"Zm00001eb219530","Bundle_sheath",54,"Bundle_sheath",54,54,100
"Zm00001eb220340","Bundle_sheath",55,"Bundle_sheath",55,55,100
"Zm00001eb222130","Bundle_sheath",56,"Bundle_sheath",56,56,100
"Zm00001eb223200","Bundle_sheath",57,"Bundle_sheath",57,57,100
"Zm00001eb223800","Bundle_sheath",58,"Bundle_sheath",58,58,100
"Zm00001eb224520","Bundle_sheath",59,"Bundle_sheath",59,59,100
"Zm00001eb224900","Bundle_sheath",60,"Bundle_sheath",60,60,100
"Zm00001eb225700","Bundle_sheath",61,"Bundle_sheath",61,61,100
"Zm00001eb226780","Bundle_sheath",62,"Bundle_sheath",62,62,100
"Zm00001eb227940","Bundle_sheath",63,"Bundle_sheath",63,63,100
"Zm00001eb408010","Bundle_sheath",64,"Bundle_sheath",64,64,100
"Zm00001eb121470","Bundle_sheath",65,"Bundle_sheath",65,65,100
"Zm00001eb373150","Bundle_sheath",66,"Bundle_sheath",66,66,100
"Zm00001eb140540","Bundle_sheath",67,"Bundle_sheath",67,67,100
"Zm00001eb251520","Bundle_sheath",68,"Bundle_sheath",68,68,100
"Zm00001eb011080","Bundle_sheath",69,"Bundle_sheath",69,69,100
"Zm00001eb409090","Bundle_sheath",70,"Bundle_sheath",70,70,100
"Zm00001eb200910","Bundle_sheath",71,"Bundle_sheath",71,71,100
"Zm00001eb133100","Bundle_sheath",72,"Bundle_sheath",72,72,100
"Zm00001eb033390","Bundle_sheath",73,"Bundle_sheath",73,73,100
"Zm00001eb279660","Bundle_sheath",74,"Bundle_sheath",74,74,100
"Zm00001eb406880","Bundle_sheath",75,"Bundle_sheath",75,75,100
"Zm00001eb068160","Bundle_sheath",76,"Bundle_sheath",76,76,100
"Zm00001eb187120","Bundle_sheath",77,"Bundle_sheath",77,77,100
"Zm00001eb164380","Bundle_sheath",78,"Bundle_sheath",78,78,100
"Zm00001eb323140","Bundle_sheath",79,"Bundle_sheath",79,79,100
"Zm00001eb188120","Bundle_sheath",80,"Bundle_sheath",80,80,100
"Zm00001eb284290","Bundle_sheath",81,"Bundle_sheath",81,81,100
"Zm00001eb012440","Bundle_sheath",82,"Bundle_sheath",82,82,100
"Zm00001eb083840","Bundle_sheath",83,"Bundle_sheath",83,83,100
"Zm00001eb387440","Bundle_sheath",84,"Bundle_sheath",84,84,100
"Zm00001eb066000","Bundle_sheath",85,"Bundle_sheath",85,85,100
"Zm00001eb053490","Bundle_sheath",86,"Bundle_sheath",86,86,100
"Zm00001eb153620","Bundle_sheath",87,"Bundle_sheath",87,87,100
"Zm00001eb301210","Bundle_sheath",88,"Bundle_sheath",88,88,100
"Zm00001eb151220","Bundle_sheath",89,"Bundle_sheath",89,89,100
"Zm00001eb009090","Bundle_sheath",90,"Bundle_sheath",90,90,100
"Zm00001eb192430","Bundle_sheath",91,"Bundle_sheath",91,91,100
"Zm00001eb164390","Bundle_sheath",92,"Bundle_sheath",92,92,100
"Zm00001eb288150","Bundle_sheath",93,"Bundle_sheath",93,93,100
"Zm00001eb261910","Bundle_sheath",94,"Bundle_sheath",94,94,100
"Zm00001eb164310","Bundle_sheath",95,"Bundle_sheath",95,95,100
"Zm00001eb297490","Bundle_sheath",96,"Bundle_sheath",96,96,100
"Zm00001eb100530","Bundle_sheath",97,"Bundle_sheath",97,97,100
"Zm00001eb054990","Bundle_sheath",98,"Bundle_sheath",98,98,100
"Zm00001eb229550","Bundle_sheath",99,"Bundle_sheath",99,99,100
"Zm00001eb065780","Bundle_sheath",100,"Bundle_sheath",100,100,100
"Zm00001eb073350","G2_M_phase",1,"G2/M_phase",520,1,100
"Zm00001eb075810","G2_M_phase",2,"G2/M_phase",521,2,100
"Zm00001eb104520","G2_M_phase",3,"G2/M_phase",522,3,100
"Zm00001eb106080","G2_M_phase",4,"G2/M_phase",523,4,100
"Zm00001eb111490","G2_M_phase",5,"G2/M_phase",524,5,100
"Zm00001eb117190","G2_M_phase",6,"G2/M_phase",525,6,100
"Zm00001eb333240","G2_M_phase",7,"G2/M_phase",526,7,100
"Zm00001eb333760","G2_M_phase",8,"G2/M_phase",527,8,100
"Zm00001eb336170","G2_M_phase",9,"G2/M_phase",528,9,100
"Zm00001eb343260","G2_M_phase",10,"G2/M_phase",529,10,100
"Zm00001eb347610","G2_M_phase",11,"G2/M_phase",530,11,100
"Zm00001eb358690","G2_M_phase",12,"G2/M_phase",531,12,100
"Zm00001eb213650","G2_M_phase",13,"G2/M_phase",532,13,100
"Zm00001eb216960","G2_M_phase",14,"G2/M_phase",533,14,100
"Zm00001eb218540","G2_M_phase",15,"G2/M_phase",534,15,100
"Zm00001eb224440","G2_M_phase",16,"G2/M_phase",535,16,100
"Zm00001eb244070","G2_M_phase",17,"G2/M_phase",536,17,100
"Zm00001eb248880","G2_M_phase",18,"G2/M_phase",537,18,100
"Zm00001eb079190","G2_M_phase",19,"G2/M_phase",538,19,100
"Zm00001eb294360","G2_M_phase",20,"G2/M_phase",539,20,100
"Zm00001eb292740","G2_M_phase",21,"G2/M_phase",540,21,100
"Zm00001eb379440","G2_M_phase",22,"G2/M_phase",541,22,100
"Zm00001eb397080","G2_M_phase",23,"G2/M_phase",542,23,100
"Zm00001eb233920","G2_M_phase",24,"G2/M_phase",543,24,100
"Zm00001eb332010","G2_M_phase",25,"G2/M_phase",544,25,100
"Zm00001eb363830","G2_M_phase",26,"G2/M_phase",545,26,100
"Zm00001eb207380","G2_M_phase",27,"G2/M_phase",546,27,100
"Zm00001eb329840","G2_M_phase",28,"G2/M_phase",547,28,100
"Zm00001eb057410","G2_M_phase",29,"G2/M_phase",548,29,100
"Zm00001eb207790","G2_M_phase",30,"G2/M_phase",549,30,100
"Zm00001eb176030","G2_M_phase",31,"G2/M_phase",550,31,100
"Zm00001eb265280","G2_M_phase",32,"G2/M_phase",551,32,100
"Zm00001eb423880","G2_M_phase",33,"G2/M_phase",552,33,100
"Zm00001eb287900","G2_M_phase",34,"G2/M_phase",553,34,100
"Zm00001eb098070","G2_M_phase",35,"G2/M_phase",554,35,100
"Zm00001eb148380","G2_M_phase",36,"G2/M_phase",555,36,100
"Zm00001eb155230","G2_M_phase",37,"G2/M_phase",556,37,100
"Zm00001eb077210","G2_M_phase",38,"G2/M_phase",557,38,100
"Zm00001eb227730","G2_M_phase",39,"G2/M_phase",558,39,100
"Zm00001eb432950","G2_M_phase",40,"G2/M_phase",559,40,100
"Zm00001eb214840","G2_M_phase",41,"G2/M_phase",560,41,100
"Zm00001eb163550","G2_M_phase",42,"G2/M_phase",561,42,100
"Zm00001eb250190","G2_M_phase",43,"G2/M_phase",562,43,100
"Zm00001eb036130","G2_M_phase",44,"G2/M_phase",563,44,100
"Zm00001eb211490","G2_M_phase",45,"G2/M_phase",564,45,100
"Zm00001eb253710","G2_M_phase",46,"G2/M_phase",565,46,100
"Zm00001eb314080","G2_M_phase",47,"G2/M_phase",566,47,100
"Zm00001eb316050","G2_M_phase",48,"G2/M_phase",567,48,100
"Zm00001eb317500","G2_M_phase",49,"G2/M_phase",568,49,100
"Zm00001eb320350","G2_M_phase",50,"G2/M_phase",569,50,100
"Zm00001eb321050","G2_M_phase",51,"G2/M_phase",570,51,100
"Zm00001eb321740","G2_M_phase",52,"G2/M_phase",571,52,100
"Zm00001eb327420","G2_M_phase",53,"G2/M_phase",572,53,100
"Zm00001eb327880","G2_M_phase",54,"G2/M_phase",573,54,100
"Zm00001eb331370","G2_M_phase",55,"G2/M_phase",574,55,100
"Zm00001eb429850","G2_M_phase",56,"G2/M_phase",575,56,100
"Zm00001eb019300","G2_M_phase",57,"G2/M_phase",576,57,100
"Zm00001eb031820","G2_M_phase",58,"G2/M_phase",577,58,100
"Zm00001eb251920","G2_M_phase",59,"G2/M_phase",578,59,100
"Zm00001eb188670","G2_M_phase",60,"G2/M_phase",579,60,100
"Zm00001eb280740","G2_M_phase",61,"G2/M_phase",580,61,100
"Zm00001eb235810","G2_M_phase",62,"G2/M_phase",581,62,100
"Zm00001eb038490","G2_M_phase",63,"G2/M_phase",582,63,100
"Zm00001eb044130","G2_M_phase",64,"G2/M_phase",583,64,100
"Zm00001eb050130","G2_M_phase",65,"G2/M_phase",584,65,100
"Zm00001eb050230","G2_M_phase",66,"G2/M_phase",585,66,100
"Zm00001eb052610","G2_M_phase",67,"G2/M_phase",586,67,100
"Zm00001eb059360","G2_M_phase",68,"G2/M_phase",587,68,100
"Zm00001eb280870","G2_M_phase",69,"G2/M_phase",588,69,100
"Zm00001eb287310","G2_M_phase",70,"G2/M_phase",589,70,100
"Zm00001eb292280","G2_M_phase",71,"G2/M_phase",590,71,100
"Zm00001eb297460","G2_M_phase",72,"G2/M_phase",591,72,100
"Zm00001eb120780","G2_M_phase",73,"G2/M_phase",592,73,100
"Zm00001eb127760","G2_M_phase",74,"G2/M_phase",593,74,100
"Zm00001eb127880","G2_M_phase",75,"G2/M_phase",594,75,100
"Zm00001eb141360","G2_M_phase",76,"G2/M_phase",595,76,100
"Zm00001eb147740","G2_M_phase",77,"G2/M_phase",596,77,100
"Zm00001eb156480","G2_M_phase",78,"G2/M_phase",597,78,100
"Zm00001eb157840","G2_M_phase",79,"G2/M_phase",598,79,100
"Zm00001eb159010","G2_M_phase",80,"G2/M_phase",599,80,100
"Zm00001eb162990","G2_M_phase",81,"G2/M_phase",600,81,100
"Zm00001eb373960","G2_M_phase",82,"G2/M_phase",601,82,100
"Zm00001eb400050","G2_M_phase",83,"G2/M_phase",602,83,100
"Zm00001eb400340","G2_M_phase",84,"G2/M_phase",603,84,100
"Zm00001eb403680","G2_M_phase",85,"G2/M_phase",604,85,100
"Zm00001eb167670","G2_M_phase",86,"G2/M_phase",605,86,100
"Zm00001eb179120","G2_M_phase",87,"G2/M_phase",606,87,100
"Zm00001eb188050","G2_M_phase",88,"G2/M_phase",607,88,100
"Zm00001eb192330","G2_M_phase",89,"G2/M_phase",608,89,100
"Zm00001eb146220","G2_M_phase",90,"G2/M_phase",609,90,100
"Zm00001eb205050","G2_M_phase",91,"G2/M_phase",610,91,100
"Zm00001eb008500","G2_M_phase",92,"G2/M_phase",611,92,100
"Zm00001eb213820","G2_M_phase",93,"G2/M_phase",612,93,100
"Zm00001eb353070","G2_M_phase",94,"G2/M_phase",613,94,100
"Zm00001eb252230","G2_M_phase",95,"G2/M_phase",614,95,100
"Zm00001eb314160","G2_M_phase",96,"G2/M_phase",615,96,100
"Zm00001eb056780","G2_M_phase",97,"G2/M_phase",616,97,100
"Zm00001eb352130","G2_M_phase",98,"G2/M_phase",617,98,100
"Zm00001eb325550","G2_M_phase",99,"G2/M_phase",618,99,100
"Zm00001eb325230","G2_M_phase",100,"G2/M_phase",619,100,100
"Zm00001eb092260","Leaf_epidermis",1,"Leaf_epidermis",625,1,33
"Zm00001eb340650","Leaf_epidermis",2,"Leaf_epidermis",626,2,33
"Zm00001eb355910","Leaf_epidermis",3,"Leaf_epidermis",627,3,33
"Zm00001eb365680","Leaf_epidermis",4,"Leaf_epidermis",628,4,33
"Zm00001eb255450","Leaf_epidermis",5,"Leaf_epidermis",629,5,33
"Zm00001eb326270","Leaf_epidermis",6,"Leaf_epidermis",630,6,33
"Zm00001eb431620","Leaf_epidermis",7,"Leaf_epidermis",631,7,33
"Zm00001eb431660","Leaf_epidermis",8,"Leaf_epidermis",632,8,33
"Zm00001eb010490","Leaf_epidermis",9,"Leaf_epidermis",633,9,33
"Zm00001eb023140","Leaf_epidermis",10,"Leaf_epidermis",634,10,33
"Zm00001eb077880","Leaf_epidermis",11,"Leaf_epidermis",635,11,33
"Zm00001eb232710","Leaf_epidermis",12,"Leaf_epidermis",636,12,33
"Zm00001eb062400","Leaf_epidermis",13,"Leaf_epidermis",637,13,33
"Zm00001eb293430","Leaf_epidermis",14,"Leaf_epidermis",638,14,33
"Zm00001eb066640","Leaf_epidermis",15,"Leaf_epidermis",639,15,33
"Zm00001eb161780","Leaf_epidermis",16,"Leaf_epidermis",640,16,33
"Zm00001eb119150","Leaf_epidermis",17,"Leaf_epidermis",641,17,33
"Zm00001eb269140","Leaf_epidermis",18,"Leaf_epidermis",642,18,33
"Zm00001eb233880","Leaf_epidermis",19,"Leaf_epidermis",643,19,33
"Zm00001eb317030","Leaf_epidermis",20,"Leaf_epidermis",644,20,33
"Zm00001eb026500","Leaf_epidermis",21,"Leaf_epidermis",645,21,33
"Zm00001eb056650","Leaf_epidermis",22,"Leaf_epidermis",646,22,33
"Zm00001eb119920","Leaf_epidermis",23,"Leaf_epidermis",647,23,33
"Zm00001eb123220","Leaf_epidermis",24,"Leaf_epidermis",648,24,33
"Zm00001eb147350","Leaf_epidermis",25,"Leaf_epidermis",649,25,33
"Zm00001eb147490","Leaf_epidermis",26,"Leaf_epidermis",650,26,33
"Zm00001eb152800","Leaf_epidermis",27,"Leaf_epidermis",651,27,33
"Zm00001eb153170","Leaf_epidermis",28,"Leaf_epidermis",652,28,33
"Zm00001eb154280","Leaf_epidermis",29,"Leaf_epidermis",653,29,33
"Zm00001eb393130","Leaf_epidermis",30,"Leaf_epidermis",654,30,33
"Zm00001eb404070","Leaf_epidermis",31,"Leaf_epidermis",655,31,33
"Zm00001eb182920","Leaf_epidermis",32,"Leaf_epidermis",656,32,33
"Zm00001eb207430","Leaf_epidermis",33,"Leaf_epidermis",657,33,33
"Zm00001eb346760","Leaf_guard_cell",1,"Leaf_guard_cell",658,1,45
"Zm00001eb359220","Leaf_guard_cell",2,"Leaf_guard_cell",659,2,45
"Zm00001eb360130","Leaf_guard_cell",3,"Leaf_guard_cell",660,3,45
"Zm00001eb367690","Leaf_guard_cell",4,"Leaf_guard_cell",661,4,45
"Zm00001eb247690","Leaf_guard_cell",5,"Leaf_guard_cell",662,5,45
"Zm00001eb306210","Leaf_guard_cell",6,"Leaf_guard_cell",663,6,45
"Zm00001eb424350","Leaf_guard_cell",7,"Leaf_guard_cell",664,7,45
"Zm00001eb035230","Leaf_guard_cell",8,"Leaf_guard_cell",665,8,45
"Zm00001eb052250","Leaf_guard_cell",9,"Leaf_guard_cell",666,9,45
"Zm00001eb344960","Leaf_guard_cell",10,"Leaf_guard_cell",667,10,45
"Zm00001eb224230","Leaf_guard_cell",11,"Leaf_guard_cell",668,11,45
"Zm00001eb120180","Leaf_guard_cell",12,"Leaf_guard_cell",669,12,45
"Zm00001eb093440","Leaf_guard_cell",13,"Leaf_guard_cell",670,13,45
"Zm00001eb178280","Leaf_guard_cell",14,"Leaf_guard_cell",671,14,45
"Zm00001eb131090","Leaf_guard_cell",15,"Leaf_guard_cell",672,15,45
"Zm00001eb288790","Leaf_guard_cell",16,"Leaf_guard_cell",673,16,45
"Zm00001eb051510","Leaf_guard_cell",17,"Leaf_guard_cell",674,17,45
"Zm00001eb128620","Leaf_guard_cell",18,"Leaf_guard_cell",675,18,45
"Zm00001eb280210","Leaf_guard_cell",19,"Leaf_guard_cell",676,19,45
"Zm00001eb219160","Leaf_guard_cell",20,"Leaf_guard_cell",677,20,45
"Zm00001eb158770","Leaf_guard_cell",21,"Leaf_guard_cell",678,21,45
"Zm00001eb084630","Leaf_guard_cell",22,"Leaf_guard_cell",679,22,45
"Zm00001eb073420","Leaf_guard_cell",23,"Leaf_guard_cell",680,23,45
"Zm00001eb433980","Leaf_guard_cell",24,"Leaf_guard_cell",681,24,45
"Zm00001eb007490","Leaf_guard_cell",25,"Leaf_guard_cell",682,25,45
"Zm00001eb417810","Leaf_guard_cell",26,"Leaf_guard_cell",683,26,45
"Zm00001eb063230","Leaf_guard_cell",27,"Leaf_guard_cell",684,27,45
"Zm00001eb034940","Leaf_guard_cell",28,"Leaf_guard_cell",685,28,45
"Zm00001eb431200","Leaf_guard_cell",29,"Leaf_guard_cell",686,29,45
"Zm00001eb177150","Leaf_guard_cell",30,"Leaf_guard_cell",687,30,45
"Zm00001eb053800","Leaf_guard_cell",31,"Leaf_guard_cell",688,31,45
"Zm00001eb160310","Leaf_guard_cell",32,"Leaf_guard_cell",689,32,45
"Zm00001eb060780","Leaf_guard_cell",33,"Leaf_guard_cell",690,33,45
"Zm00001eb275520","Leaf_guard_cell",34,"Leaf_guard_cell",691,34,45
"Zm00001eb278480","Leaf_guard_cell",35,"Leaf_guard_cell",692,35,45
"Zm00001eb294170","Leaf_guard_cell",36,"Leaf_guard_cell",693,36,45
"Zm00001eb137180","Leaf_guard_cell",37,"Leaf_guard_cell",694,37,45
"Zm00001eb152790","Leaf_guard_cell",38,"Leaf_guard_cell",695,38,45
"Zm00001eb162190","Leaf_guard_cell",39,"Leaf_guard_cell",696,39,45
"Zm00001eb167820","Leaf_guard_cell",40,"Leaf_guard_cell",697,40,45
"Zm00001eb174560","Leaf_guard_cell",41,"Leaf_guard_cell",698,41,45
"Zm00001eb174880","Leaf_guard_cell",42,"Leaf_guard_cell",699,42,45
"Zm00001eb185840","Leaf_guard_cell",43,"Leaf_guard_cell",700,43,45
"Zm00001eb204640","Leaf_guard_cell",44,"Leaf_guard_cell",701,44,45
"Zm00001eb206610","Leaf_guard_cell",45,"Leaf_guard_cell",702,45,45
"Zm00001eb069040","Leaf_primordium",1,"Leaf_primordium",703,1,86
"Zm00001eb093210","Leaf_primordium",2,"Leaf_primordium",704,2,86
"Zm00001eb098500","Leaf_primordium",3,"Leaf_primordium",705,3,86
"Zm00001eb103950","Leaf_primordium",4,"Leaf_primordium",706,4,86
"Zm00001eb106760","Leaf_primordium",5,"Leaf_primordium",707,5,86
"Zm00001eb110510","Leaf_primordium",6,"Leaf_primordium",708,6,86
"Zm00001eb111850","Leaf_primordium",7,"Leaf_primordium",709,7,86
"Zm00001eb343720","Leaf_primordium",8,"Leaf_primordium",710,8,86
"Zm00001eb212480","Leaf_primordium",9,"Leaf_primordium",711,9,86
"Zm00001eb220910","Leaf_primordium",10,"Leaf_primordium",712,10,86
"Zm00001eb228920","Leaf_primordium",11,"Leaf_primordium",713,11,86
"Zm00001eb249200","Leaf_primordium",12,"Leaf_primordium",714,12,86
"Zm00001eb165550","Leaf_primordium",13,"Leaf_primordium",715,13,86
"Zm00001eb166850","Leaf_primordium",14,"Leaf_primordium",716,14,86
"Zm00001eb165610","Leaf_primordium",15,"Leaf_primordium",717,15,86
"Zm00001eb016200","Leaf_primordium",16,"Leaf_primordium",718,16,86
"Zm00001eb034220","Leaf_primordium",17,"Leaf_primordium",719,17,86
"Zm00001eb296090","Leaf_primordium",18,"Leaf_primordium",720,18,86
"Zm00001eb184780","Leaf_primordium",19,"Leaf_primordium",721,19,86
"Zm00001eb096930","Leaf_primordium",20,"Leaf_primordium",722,20,86
"Zm00001eb264630","Leaf_primordium",21,"Leaf_primordium",723,21,86
"Zm00001eb294690","Leaf_primordium",22,"Leaf_primordium",724,22,86
"Zm00001eb387920","Leaf_primordium",23,"Leaf_primordium",725,23,86
"Zm00001eb255240","Leaf_primordium",24,"Leaf_primordium",726,24,86
"Zm00001eb236430","Leaf_primordium",25,"Leaf_primordium",727,25,86
"Zm00001eb082720","Leaf_primordium",26,"Leaf_primordium",728,26,86
"Zm00001eb165620","Leaf_primordium",27,"Leaf_primordium",729,27,86
"Zm00001eb080410","Leaf_primordium",28,"Leaf_primordium",730,28,86
"Zm00001eb190920","Leaf_primordium",29,"Leaf_primordium",731,29,86
"Zm00001eb265000","Leaf_primordium",30,"Leaf_primordium",732,30,86
"Zm00001eb106660","Leaf_primordium",31,"Leaf_primordium",733,31,86
"Zm00001eb356370","Leaf_primordium",32,"Leaf_primordium",734,32,86
"Zm00001eb146500","Leaf_primordium",33,"Leaf_primordium",735,33,86
"Zm00001eb157310","Leaf_primordium",34,"Leaf_primordium",736,34,86
"Zm00001eb160820","Leaf_primordium",35,"Leaf_primordium",737,35,86
"Zm00001eb240670","Leaf_primordium",36,"Leaf_primordium",738,36,86
"Zm00001eb009340","Leaf_primordium",37,"Leaf_primordium",739,37,86
"Zm00001eb184610","Leaf_primordium",38,"Leaf_primordium",740,38,86
"Zm00001eb229460","Leaf_primordium",39,"Leaf_primordium",741,39,86
"Zm00001eb032290","Leaf_primordium",40,"Leaf_primordium",742,40,86
"Zm00001eb002830","Leaf_primordium",41,"Leaf_primordium",743,41,86
"Zm00001eb066790","Leaf_primordium",42,"Leaf_primordium",744,42,86
"Zm00001eb248640","Leaf_primordium",43,"Leaf_primordium",745,43,86
"Zm00001eb374090","Leaf_primordium",44,"Leaf_primordium",746,44,86
"Zm00001eb039350","Leaf_primordium",45,"Leaf_primordium",747,45,86
"Zm00001eb077700","Leaf_primordium",46,"Leaf_primordium",748,46,86
"Zm00001eb145100","Leaf_primordium",47,"Leaf_primordium",749,47,86
"Zm00001eb162930","Leaf_primordium",48,"Leaf_primordium",750,48,86
"Zm00001eb233230","Leaf_primordium",49,"Leaf_primordium",751,49,86
"Zm00001eb386320","Leaf_primordium",50,"Leaf_primordium",752,50,86
"Zm00001eb099980","Leaf_primordium",51,"Leaf_primordium",753,51,86
"Zm00001eb045780","Leaf_primordium",52,"Leaf_primordium",754,52,86
"Zm00001eb065430","Leaf_primordium",53,"Leaf_primordium",755,53,86
"Zm00001eb239380","Leaf_primordium",54,"Leaf_primordium",756,54,86
"Zm00001eb103100","Leaf_primordium",55,"Leaf_primordium",757,55,86
"Zm00001eb322850","Leaf_primordium",56,"Leaf_primordium",758,56,86
"Zm00001eb323330","Leaf_primordium",57,"Leaf_primordium",759,57,86
"Zm00001eb008080","Leaf_primordium",58,"Leaf_primordium",760,58,86
"Zm00001eb014210","Leaf_primordium",59,"Leaf_primordium",761,59,86
"Zm00001eb063220","Leaf_primordium",60,"Leaf_primordium",762,60,86
"Zm00001eb294350","Leaf_primordium",61,"Leaf_primordium",763,61,86
"Zm00001eb143640","Leaf_primordium",62,"Leaf_primordium",764,62,86
"Zm00001eb151950","Leaf_primordium",63,"Leaf_primordium",765,63,86
"Zm00001eb154790","Leaf_primordium",64,"Leaf_primordium",766,64,86
"Zm00001eb378110","Leaf_primordium",65,"Leaf_primordium",767,65,86
"Zm00001eb394970","Leaf_primordium",66,"Leaf_primordium",768,66,86
"Zm00001eb397270","Leaf_primordium",67,"Leaf_primordium",769,67,86
"Zm00001eb171410","Leaf_primordium",68,"Leaf_primordium",770,68,86
"Zm00001eb196640","Leaf_primordium",69,"Leaf_primordium",771,69,86
"Zm00001eb090830","Leaf_primordium",70,"Leaf_primordium",772,70,86
"Zm00001eb345750","Leaf_primordium",71,"Leaf_primordium",773,71,86
"Zm00001eb015620","Leaf_primordium",72,"Leaf_primordium",774,72,86
"Zm00001eb223620","Leaf_primordium",73,"Leaf_primordium",775,73,86
"Zm00001eb153600","Leaf_primordium",74,"Leaf_primordium",776,74,86
"Zm00001eb403640","Leaf_primordium",75,"Leaf_primordium",777,75,86
"Zm00001eb097730","Leaf_primordium",76,"Leaf_primordium",778,76,86
"Zm00001eb189920","Leaf_primordium",77,"Leaf_primordium",779,77,86
"Zm00001eb193920","Leaf_primordium",78,"Leaf_primordium",780,78,86
"Zm00001eb006530","Leaf_primordium",79,"Leaf_primordium",781,79,86
"Zm00001eb251200","Leaf_primordium",80,"Leaf_primordium",782,80,86
"Zm00001eb103260","Leaf_primordium",81,"Leaf_primordium",783,81,86
"Zm00001eb136500","Leaf_primordium",82,"Leaf_primordium",784,82,86
"Zm00001eb067730","Leaf_primordium",83,"Leaf_primordium",785,83,86
"Zm00001eb101190","Leaf_primordium",84,"Leaf_primordium",786,84,86
"Zm00001eb041450","Leaf_primordium",85,"Leaf_primordium",787,85,86
"Zm00001eb100800","Leaf_primordium",86,"Leaf_primordium",788,86,86
"Zm00001eb043600","Leaf_rim",1,"Leaf_rim",789,1,9
"Zm00001eb266530","Leaf_rim",2,"Leaf_rim",790,2,9
"Zm00001eb146910","Leaf_rim",3,"Leaf_rim",791,3,9
"Zm00001eb104350","Leaf_rim",4,"Leaf_rim",792,4,9
"Zm00001eb354610","Leaf_rim",5,"Leaf_rim",793,5,9
"Zm00001eb301170","Leaf_rim",6,"Leaf_rim",794,6,9
"Zm00001eb360750","Leaf_rim",7,"Leaf_rim",795,7,9
"Zm00001eb075320","Leaf_rim",8,"Leaf_rim",796,8,9
"Zm00001eb156190","Leaf_rim",9,"Leaf_rim",797,9,9
"Zm00001eb071980","Leaf_subsidiary_cell",1,"Leaf_subsidiary_cell",798,1,68
"Zm00001eb095890","Leaf_subsidiary_cell",2,"Leaf_subsidiary_cell",799,2,68
"Zm00001eb107020","Leaf_subsidiary_cell",3,"Leaf_subsidiary_cell",800,3,68
"Zm00001eb333320","Leaf_subsidiary_cell",4,"Leaf_subsidiary_cell",801,4,68
"Zm00001eb354450","Leaf_subsidiary_cell",5,"Leaf_subsidiary_cell",802,5,68
"Zm00001eb214250","Leaf_subsidiary_cell",6,"Leaf_subsidiary_cell",803,6,68
"Zm00001eb233760","Leaf_subsidiary_cell",7,"Leaf_subsidiary_cell",804,7,68
"Zm00001eb257160","Leaf_subsidiary_cell",8,"Leaf_subsidiary_cell",805,8,68
"Zm00001eb324250","Leaf_subsidiary_cell",9,"Leaf_subsidiary_cell",806,9,68
"Zm00001eb324450","Leaf_subsidiary_cell",10,"Leaf_subsidiary_cell",807,10,68
"Zm00001eb325220","Leaf_subsidiary_cell",11,"Leaf_subsidiary_cell",808,11,68
"Zm00001eb329570","Leaf_subsidiary_cell",12,"Leaf_subsidiary_cell",809,12,68
"Zm00001eb405720","Leaf_subsidiary_cell",13,"Leaf_subsidiary_cell",810,13,68
"Zm00001eb423290","Leaf_subsidiary_cell",14,"Leaf_subsidiary_cell",811,14,68
"Zm00001eb428840","Leaf_subsidiary_cell",15,"Leaf_subsidiary_cell",812,15,68
"Zm00001eb002480","Leaf_subsidiary_cell",16,"Leaf_subsidiary_cell",813,16,68
"Zm00001eb018700","Leaf_subsidiary_cell",17,"Leaf_subsidiary_cell",814,17,68
"Zm00001eb031250","Leaf_subsidiary_cell",18,"Leaf_subsidiary_cell",815,18,68
"Zm00001eb288410","Leaf_subsidiary_cell",19,"Leaf_subsidiary_cell",816,19,68
"Zm00001eb199730","Leaf_subsidiary_cell",20,"Leaf_subsidiary_cell",817,20,68
"Zm00001eb261660","Leaf_subsidiary_cell",21,"Leaf_subsidiary_cell",818,21,68
"Zm00001eb399450","Leaf_subsidiary_cell",22,"Leaf_subsidiary_cell",819,22,68
"Zm00001eb041840","Leaf_subsidiary_cell",23,"Leaf_subsidiary_cell",820,23,68
"Zm00001eb158420","Leaf_subsidiary_cell",24,"Leaf_subsidiary_cell",821,24,68
"Zm00001eb398370","Leaf_subsidiary_cell",25,"Leaf_subsidiary_cell",822,25,68
"Zm00001eb371430","Leaf_subsidiary_cell",26,"Leaf_subsidiary_cell",823,26,68
"Zm00001eb263060","Leaf_subsidiary_cell",27,"Leaf_subsidiary_cell",824,27,68
"Zm00001eb317890","Leaf_subsidiary_cell",28,"Leaf_subsidiary_cell",825,28,68
"Zm00001eb366610","Leaf_subsidiary_cell",29,"Leaf_subsidiary_cell",826,29,68
"Zm00001eb165860","Leaf_subsidiary_cell",30,"Leaf_subsidiary_cell",827,30,68
"Zm00001eb348530","Leaf_subsidiary_cell",31,"Leaf_subsidiary_cell",828,31,68
"Zm00001eb034100","Leaf_subsidiary_cell",32,"Leaf_subsidiary_cell",829,32,68
"Zm00001eb163120","Leaf_subsidiary_cell",33,"Leaf_subsidiary_cell",830,33,68
"Zm00001eb189220","Leaf_subsidiary_cell",34,"Leaf_subsidiary_cell",831,34,68
"Zm00001eb330710","Leaf_subsidiary_cell",35,"Leaf_subsidiary_cell",832,35,68
"Zm00001eb359720","Leaf_subsidiary_cell",36,"Leaf_subsidiary_cell",833,36,68
"Zm00001eb232070","Leaf_subsidiary_cell",37,"Leaf_subsidiary_cell",834,37,68
"Zm00001eb156680","Leaf_subsidiary_cell",38,"Leaf_subsidiary_cell",835,38,68
"Zm00001eb416770","Leaf_subsidiary_cell",39,"Leaf_subsidiary_cell",836,39,68
"Zm00001eb363430","Leaf_subsidiary_cell",40,"Leaf_subsidiary_cell",837,40,68
"Zm00001eb072360","Leaf_subsidiary_cell",41,"Leaf_subsidiary_cell",838,41,68
"Zm00001eb408860","Leaf_subsidiary_cell",42,"Leaf_subsidiary_cell",839,42,68
"Zm00001eb024960","Leaf_subsidiary_cell",43,"Leaf_subsidiary_cell",840,43,68
"Zm00001eb407710","Leaf_subsidiary_cell",44,"Leaf_subsidiary_cell",841,44,68
"Zm00001eb321680","Leaf_subsidiary_cell",45,"Leaf_subsidiary_cell",842,45,68
"Zm00001eb425660","Leaf_subsidiary_cell",46,"Leaf_subsidiary_cell",843,46,68
"Zm00001eb378700","Leaf_subsidiary_cell",47,"Leaf_subsidiary_cell",844,47,68
"Zm00001eb204180","Leaf_subsidiary_cell",48,"Leaf_subsidiary_cell",845,48,68
"Zm00001eb401240","Leaf_subsidiary_cell",49,"Leaf_subsidiary_cell",846,49,68
"Zm00001eb030420","Leaf_subsidiary_cell",50,"Leaf_subsidiary_cell",847,50,68
"Zm00001eb111990","Leaf_subsidiary_cell",51,"Leaf_subsidiary_cell",848,51,68
"Zm00001eb285830","Leaf_subsidiary_cell",52,"Leaf_subsidiary_cell",849,52,68
"Zm00001eb008920","Leaf_subsidiary_cell",53,"Leaf_subsidiary_cell",850,53,68
"Zm00001eb241920","Leaf_subsidiary_cell",54,"Leaf_subsidiary_cell",851,54,68
"Zm00001eb237680","Leaf_subsidiary_cell",55,"Leaf_subsidiary_cell",852,55,68
"Zm00001eb097940","Leaf_subsidiary_cell",56,"Leaf_subsidiary_cell",853,56,68
"Zm00001eb273360","Leaf_subsidiary_cell",57,"Leaf_subsidiary_cell",854,57,68
"Zm00001eb275240","Leaf_subsidiary_cell",58,"Leaf_subsidiary_cell",855,58,68
"Zm00001eb283600","Leaf_subsidiary_cell",59,"Leaf_subsidiary_cell",856,59,68
"Zm00001eb143340","Leaf_subsidiary_cell",60,"Leaf_subsidiary_cell",857,60,68
"Zm00001eb159110","Leaf_subsidiary_cell",61,"Leaf_subsidiary_cell",858,61,68
"Zm00001eb374080","Leaf_subsidiary_cell",62,"Leaf_subsidiary_cell",859,62,68
"Zm00001eb381920","Leaf_subsidiary_cell",63,"Leaf_subsidiary_cell",860,63,68
"Zm00001eb387500","Leaf_subsidiary_cell",64,"Leaf_subsidiary_cell",861,64,68
"Zm00001eb388600","Leaf_subsidiary_cell",65,"Leaf_subsidiary_cell",862,65,68
"Zm00001eb378490","Leaf_subsidiary_cell",66,"Leaf_subsidiary_cell",863,66,68
"Zm00001eb167910","Leaf_subsidiary_cell",67,"Leaf_subsidiary_cell",864,67,68
"Zm00001eb198790","Leaf_subsidiary_cell",68,"Leaf_subsidiary_cell",865,68,68
"Zm00001eb084520","Mesophyll",1,"Mesophyll",866,1,100
"Zm00001eb084450","Mesophyll",2,"Mesophyll",867,2,100
"Zm00001eb031900","Mesophyll",3,"Mesophyll",868,3,100
"Zm00001eb031870","Mesophyll",4,"Mesophyll",869,4,100
"Zm00001eb373710","Mesophyll",5,"Mesophyll",870,5,100
"Zm00001eb190150","Mesophyll",6,"Mesophyll",871,6,100
"Zm00001eb353340","Mesophyll",7,"Mesophyll",872,7,100
"Zm00001eb065580","Mesophyll",8,"Mesophyll",873,8,100
"Zm00001eb066320","Mesophyll",9,"Mesophyll",874,9,100
"Zm00001eb066470","Mesophyll",10,"Mesophyll",875,10,100
"Zm00001eb066610","Mesophyll",11,"Mesophyll",876,11,100
"Zm00001eb066660","Mesophyll",12,"Mesophyll",877,12,100
"Zm00001eb066670","Mesophyll",13,"Mesophyll",878,13,100
"Zm00001eb067150","Mesophyll",14,"Mesophyll",879,14,100
"Zm00001eb067280","Mesophyll",15,"Mesophyll",880,15,100
"Zm00001eb067450","Mesophyll",16,"Mesophyll",881,16,100
"Zm00001eb067580","Mesophyll",17,"Mesophyll",882,17,100
"Zm00001eb068110","Mesophyll",18,"Mesophyll",883,18,100
"Zm00001eb068620","Mesophyll",19,"Mesophyll",884,19,100
"Zm00001eb069200","Mesophyll",20,"Mesophyll",885,20,100
"Zm00001eb069280","Mesophyll",21,"Mesophyll",886,21,100
"Zm00001eb070100","Mesophyll",22,"Mesophyll",887,22,100
"Zm00001eb070130","Mesophyll",23,"Mesophyll",888,23,100
"Zm00001eb070260","Mesophyll",24,"Mesophyll",889,24,100
"Zm00001eb070410","Mesophyll",25,"Mesophyll",890,25,100
"Zm00001eb070460","Mesophyll",26,"Mesophyll",891,26,100
"Zm00001eb071100","Mesophyll",27,"Mesophyll",892,27,100
"Zm00001eb071570","Mesophyll",28,"Mesophyll",893,28,100
"Zm00001eb071600","Mesophyll",29,"Mesophyll",894,29,100
"Zm00001eb071700","Mesophyll",30,"Mesophyll",895,30,100
"Zm00001eb072000","Mesophyll",31,"Mesophyll",896,31,100
"Zm00001eb072050","Mesophyll",32,"Mesophyll",897,32,100
"Zm00001eb072220","Mesophyll",33,"Mesophyll",898,33,100
"Zm00001eb072570","Mesophyll",34,"Mesophyll",899,34,100
"Zm00001eb073280","Mesophyll",35,"Mesophyll",900,35,100
"Zm00001eb073630","Mesophyll",36,"Mesophyll",901,36,100
"Zm00001eb074350","Mesophyll",37,"Mesophyll",902,37,100
"Zm00001eb075660","Mesophyll",38,"Mesophyll",903,38,100
"Zm00001eb075740","Mesophyll",39,"Mesophyll",904,39,100
"Zm00001eb075800","Mesophyll",40,"Mesophyll",905,40,100
"Zm00001eb075960","Mesophyll",41,"Mesophyll",906,41,100
"Zm00001eb076680","Mesophyll",42,"Mesophyll",907,42,100
"Zm00001eb077540","Mesophyll",43,"Mesophyll",908,43,100
"Zm00001eb077870","Mesophyll",44,"Mesophyll",909,44,100
"Zm00001eb077930","Mesophyll",45,"Mesophyll",910,45,100
"Zm00001eb078110","Mesophyll",46,"Mesophyll",911,46,100
"Zm00001eb078640","Mesophyll",47,"Mesophyll",912,47,100
"Zm00001eb078880","Mesophyll",48,"Mesophyll",913,48,100
"Zm00001eb079330","Mesophyll",49,"Mesophyll",914,49,100
"Zm00001eb079420","Mesophyll",50,"Mesophyll",915,50,100
"Zm00001eb079490","Mesophyll",51,"Mesophyll",916,51,100
"Zm00001eb079540","Mesophyll",52,"Mesophyll",917,52,100
"Zm00001eb080480","Mesophyll",53,"Mesophyll",918,53,100
"Zm00001eb080490","Mesophyll",54,"Mesophyll",919,54,100
"Zm00001eb080610","Mesophyll",55,"Mesophyll",920,55,100
"Zm00001eb080680","Mesophyll",56,"Mesophyll",921,56,100
"Zm00001eb080810","Mesophyll",57,"Mesophyll",922,57,100
"Zm00001eb081420","Mesophyll",58,"Mesophyll",923,58,100
"Zm00001eb081650","Mesophyll",59,"Mesophyll",924,59,100
"Zm00001eb081750","Mesophyll",60,"Mesophyll",925,60,100
"Zm00001eb082070","Mesophyll",61,"Mesophyll",926,61,100
"Zm00001eb082290","Mesophyll",62,"Mesophyll",927,62,100
"Zm00001eb082320","Mesophyll",63,"Mesophyll",928,63,100
"Zm00001eb082750","Mesophyll",64,"Mesophyll",929,64,100
"Zm00001eb082820","Mesophyll",65,"Mesophyll",930,65,100
"Zm00001eb082890","Mesophyll",66,"Mesophyll",931,66,100
"Zm00001eb083520","Mesophyll",67,"Mesophyll",932,67,100
"Zm00001eb084890","Mesophyll",68,"Mesophyll",933,68,100
"Zm00001eb085130","Mesophyll",69,"Mesophyll",934,69,100
"Zm00001eb085170","Mesophyll",70,"Mesophyll",935,70,100
"Zm00001eb085200","Mesophyll",71,"Mesophyll",936,71,100
"Zm00001eb085240","Mesophyll",72,"Mesophyll",937,72,100
"Zm00001eb085540","Mesophyll",73,"Mesophyll",938,73,100
"Zm00001eb085730","Mesophyll",74,"Mesophyll",939,74,100
"Zm00001eb085850","Mesophyll",75,"Mesophyll",940,75,100
"Zm00001eb086050","Mesophyll",76,"Mesophyll",941,76,100
"Zm00001eb086540","Mesophyll",77,"Mesophyll",942,77,100
"Zm00001eb086990","Mesophyll",78,"Mesophyll",943,78,100
"Zm00001eb087570","Mesophyll",79,"Mesophyll",944,79,100
"Zm00001eb088220","Mesophyll",80,"Mesophyll",945,80,100
"Zm00001eb088270","Mesophyll",81,"Mesophyll",946,81,100
"Zm00001eb088350","Mesophyll",82,"Mesophyll",947,82,100
"Zm00001eb088500","Mesophyll",83,"Mesophyll",948,83,100
"Zm00001eb088830","Mesophyll",84,"Mesophyll",949,84,100
"Zm00001eb089020","Mesophyll",85,"Mesophyll",950,85,100
"Zm00001eb089980","Mesophyll",86,"Mesophyll",951,86,100
"Zm00001eb090170","Mesophyll",87,"Mesophyll",952,87,100
"Zm00001eb090700","Mesophyll",88,"Mesophyll",953,88,100
"Zm00001eb091620","Mesophyll",89,"Mesophyll",954,89,100
"Zm00001eb091850","Mesophyll",90,"Mesophyll",955,90,100
"Zm00001eb093800","Mesophyll",91,"Mesophyll",956,91,100
"Zm00001eb093890","Mesophyll",92,"Mesophyll",957,92,100
"Zm00001eb094310","Mesophyll",93,"Mesophyll",958,93,100
"Zm00001eb094910","Mesophyll",94,"Mesophyll",959,94,100
"Zm00001eb095030","Mesophyll",95,"Mesophyll",960,95,100
"Zm00001eb095230","Mesophyll",96,"Mesophyll",961,96,100
"Zm00001eb095500","Mesophyll",97,"Mesophyll",962,97,100
"Zm00001eb095960","Mesophyll",98,"Mesophyll",963,98,100
"Zm00001eb096120","Mesophyll",99,"Mesophyll",964,99,100
"Zm00001eb096480","Mesophyll",100,"Mesophyll",965,100,100
"Zm00001eb260450","Pavement_cell_A",1,"Pavement_cell-A",3541,1,37
"Zm00001eb104070","Pavement_cell_A",2,"Pavement_cell-A",3542,2,37
"Zm00001eb317940","Pavement_cell_A",3,"Pavement_cell-A",3543,3,37
"Zm00001eb405040","Pavement_cell_A",4,"Pavement_cell-A",3544,4,37
"Zm00001eb423900","Pavement_cell_A",5,"Pavement_cell-A",3545,5,37
"Zm00001eb289000","Pavement_cell_A",6,"Pavement_cell-A",3546,6,37
"Zm00001eb376160","Pavement_cell_A",7,"Pavement_cell-A",3547,7,37
"Zm00001eb159020","Pavement_cell_A",8,"Pavement_cell-A",3548,8,37
"Zm00001eb067380","Pavement_cell_A",9,"Pavement_cell-A",3549,9,37
"Zm00001eb048110","Pavement_cell_A",10,"Pavement_cell-A",3550,10,37
"Zm00001eb198030","Pavement_cell_A",11,"Pavement_cell-A",3551,11,37
"Zm00001eb421120","Pavement_cell_A",12,"Pavement_cell-A",3552,12,37
"Zm00001eb429330","Pavement_cell_A",13,"Pavement_cell-A",3553,13,37
"Zm00001eb374220","Pavement_cell_A",14,"Pavement_cell-A",3554,14,37
"Zm00001eb163860","Pavement_cell_A",15,"Pavement_cell-A",3555,15,37
"Zm00001eb004550","Pavement_cell_A",16,"Pavement_cell-A",3556,16,37
"Zm00001eb264980","Pavement_cell_A",17,"Pavement_cell-A",3557,17,37
"Zm00001eb233720","Pavement_cell_A",18,"Pavement_cell-A",3558,18,37
"Zm00001eb247630","Pavement_cell_A",19,"Pavement_cell-A",3559,19,37
"Zm00001eb157110","Pavement_cell_A",20,"Pavement_cell-A",3560,20,37
"Zm00001eb245960","Pavement_cell_A",21,"Pavement_cell-A",3561,21,37
"Zm00001eb346580","Pavement_cell_A",22,"Pavement_cell-A",3562,22,37
"Zm00001eb289400","Pavement_cell_A",23,"Pavement_cell-A",3563,23,37
"Zm00001eb162210","Pavement_cell_A",24,"Pavement_cell-A",3564,24,37
"Zm00001eb123630","Pavement_cell_A",25,"Pavement_cell-A",3565,25,37
"Zm00001eb322580","Pavement_cell_A",26,"Pavement_cell-A",3566,26,37
"Zm00001eb154820","Pavement_cell_A",27,"Pavement_cell-A",3567,27,37
"Zm00001eb150370","Pavement_cell_A",28,"Pavement_cell-A",3568,28,37
"Zm00001eb192910","Pavement_cell_A",29,"Pavement_cell-A",3569,29,37
"Zm00001eb061470","Pavement_cell_A",30,"Pavement_cell-A",3570,30,37
"Zm00001eb295010","Pavement_cell_A",31,"Pavement_cell-A",3571,31,37
"Zm00001eb121240","Pavement_cell_A",32,"Pavement_cell-A",3572,32,37
"Zm00001eb146380","Pavement_cell_A",33,"Pavement_cell-A",3573,33,37
"Zm00001eb378720","Pavement_cell_A",34,"Pavement_cell-A",3574,34,37
"Zm00001eb387430","Pavement_cell_A",35,"Pavement_cell-A",3575,35,37
"Zm00001eb164780","Pavement_cell_A",36,"Pavement_cell-A",3576,36,37
"Zm00001eb174670","Pavement_cell_A",37,"Pavement_cell-A",3577,37,37
"Zm00001eb084290","Pavement_cell_N",1,"Pavement_cell-N",3578,1,53
"Zm00001eb085680","Pavement_cell_N",2,"Pavement_cell-N",3579,2,53
"Zm00001eb089740","Pavement_cell_N",3,"Pavement_cell-N",3580,3,53
"Zm00001eb096490","Pavement_cell_N",4,"Pavement_cell-N",3581,4,53
"Zm00001eb357010","Pavement_cell_N",5,"Pavement_cell-N",3582,5,53
"Zm00001eb214540","Pavement_cell_N",6,"Pavement_cell-N",3583,6,53
"Zm00001eb226030","Pavement_cell_N",7,"Pavement_cell-N",3584,7,53
"Zm00001eb232100","Pavement_cell_N",8,"Pavement_cell-N",3585,8,53
"Zm00001eb242050","Pavement_cell_N",9,"Pavement_cell-N",3586,9,53
"Zm00001eb248170","Pavement_cell_N",10,"Pavement_cell-N",3587,10,53
"Zm00001eb253030","Pavement_cell_N",11,"Pavement_cell-N",3588,11,53
"Zm00001eb311430","Pavement_cell_N",12,"Pavement_cell-N",3589,12,53
"Zm00001eb320680","Pavement_cell_N",13,"Pavement_cell-N",3590,13,53
"Zm00001eb411000","Pavement_cell_N",14,"Pavement_cell-N",3591,14,53
"Zm00001eb415270","Pavement_cell_N",15,"Pavement_cell-N",3592,15,53
"Zm00001eb430810","Pavement_cell_N",16,"Pavement_cell-N",3593,16,53
"Zm00001eb009510","Pavement_cell_N",17,"Pavement_cell-N",3594,17,53
"Zm00001eb037930","Pavement_cell_N",18,"Pavement_cell-N",3595,18,53
"Zm00001eb048930","Pavement_cell_N",19,"Pavement_cell-N",3596,19,53
"Zm00001eb002100","Pavement_cell_N",20,"Pavement_cell-N",3597,20,53
"Zm00001eb051580","Pavement_cell_N",21,"Pavement_cell-N",3598,21,53
"Zm00001eb185300","Pavement_cell_N",22,"Pavement_cell-N",3599,22,53
"Zm00001eb057860","Pavement_cell_N",23,"Pavement_cell-N",3600,23,53
"Zm00001eb048950","Pavement_cell_N",24,"Pavement_cell-N",3601,24,53
"Zm00001eb002250","Pavement_cell_N",25,"Pavement_cell-N",3602,25,53
"Zm00001eb313510","Pavement_cell_N",26,"Pavement_cell-N",3603,26,53
"Zm00001eb338510","Pavement_cell_N",27,"Pavement_cell-N",3604,27,53
"Zm00001eb059460","Pavement_cell_N",28,"Pavement_cell-N",3605,28,53
"Zm00001eb311680","Pavement_cell_N",29,"Pavement_cell-N",3606,29,53
"Zm00001eb360800","Pavement_cell_N",30,"Pavement_cell-N",3607,30,53
"Zm00001eb307270","Pavement_cell_N",31,"Pavement_cell-N",3608,31,53
"Zm00001eb350510","Pavement_cell_N",32,"Pavement_cell-N",3609,32,53
"Zm00001eb042700","Pavement_cell_N",33,"Pavement_cell-N",3610,33,53
"Zm00001eb303190","Pavement_cell_N",34,"Pavement_cell-N",3611,34,53
"Zm00001eb373580","Pavement_cell_N",35,"Pavement_cell-N",3612,35,53
"Zm00001eb161200","Pavement_cell_N",36,"Pavement_cell-N",3613,36,53
"Zm00001eb292770","Pavement_cell_N",37,"Pavement_cell-N",3614,37,53
"Zm00001eb419120","Pavement_cell_N",38,"Pavement_cell-N",3615,38,53
"Zm00001eb188750","Pavement_cell_N",39,"Pavement_cell-N",3616,39,53
"Zm00001eb157530","Pavement_cell_N",40,"Pavement_cell-N",3617,40,53
"Zm00001eb251960","Pavement_cell_N",41,"Pavement_cell-N",3618,41,53
"Zm00001eb395120","Pavement_cell_N",42,"Pavement_cell-N",3619,42,53
"Zm00001eb275260","Pavement_cell_N",43,"Pavement_cell-N",3620,43,53
"Zm00001eb046740","Pavement_cell_N",44,"Pavement_cell-N",3621,44,53
"Zm00001eb432730","Pavement_cell_N",45,"Pavement_cell-N",3622,45,53
"Zm00001eb269160","Pavement_cell_N",46,"Pavement_cell-N",3623,46,53
"Zm00001eb292010","Pavement_cell_N",47,"Pavement_cell-N",3624,47,53
"Zm00001eb138310","Pavement_cell_N",48,"Pavement_cell-N",3625,48,53
"Zm00001eb149670","Pavement_cell_N",49,"Pavement_cell-N",3626,49,53
"Zm00001eb163190","Pavement_cell_N",50,"Pavement_cell-N",3627,50,53
"Zm00001eb374880","Pavement_cell_N",51,"Pavement_cell-N",3628,51,53
"Zm00001eb164560","Pavement_cell_N",52,"Pavement_cell-N",3629,52,53
"Zm00001eb165310","Pavement_cell_N",53,"Pavement_cell-N",3630,53,53
"Zm00001eb413270","S_phase",1,"S_phase",3631,1,68
"Zm00001eb077960","S_phase",2,"S_phase",3632,2,68
"Zm00001eb083310","S_phase",3,"S_phase",3633,3,68
"Zm00001eb343680","S_phase",4,"S_phase",3634,4,68
"Zm00001eb351220","S_phase",5,"S_phase",3635,5,68
"Zm00001eb365740","S_phase",6,"S_phase",3636,6,68
"Zm00001eb210220","S_phase",7,"S_phase",3637,7,68
"Zm00001eb218020","S_phase",8,"S_phase",3638,8,68
"Zm00001eb226840","S_phase",9,"S_phase",3639,9,68
"Zm00001eb232030","S_phase",10,"S_phase",3640,10,68
"Zm00001eb236340","S_phase",11,"S_phase",3641,11,68
"Zm00001eb179440","S_phase",12,"S_phase",3642,12,68
"Zm00001eb049830","S_phase",13,"S_phase",3643,13,68
"Zm00001eb356240","S_phase",14,"S_phase",3644,14,68
"Zm00001eb032200","S_phase",15,"S_phase",3645,15,68
"Zm00001eb127650","S_phase",16,"S_phase",3646,16,68
"Zm00001eb267610","S_phase",17,"S_phase",3647,17,68
"Zm00001eb309380","S_phase",18,"S_phase",3648,18,68
"Zm00001eb313020","S_phase",19,"S_phase",3649,19,68
"Zm00001eb422060","S_phase",20,"S_phase",3650,20,68
"Zm00001eb428370","S_phase",21,"S_phase",3651,21,68
"Zm00001eb431010","S_phase",22,"S_phase",3652,22,68
"Zm00001eb008630","S_phase",23,"S_phase",3653,23,68
"Zm00001eb036300","S_phase",24,"S_phase",3654,24,68
"Zm00001eb038030","S_phase",25,"S_phase",3655,25,68
"Zm00001eb341650","S_phase",26,"S_phase",3656,26,68
"Zm00001eb131790","S_phase",27,"S_phase",3657,27,68
"Zm00001eb297550","S_phase",28,"S_phase",3658,28,68
"Zm00001eb046010","S_phase",29,"S_phase",3659,29,68
"Zm00001eb048680","S_phase",30,"S_phase",3660,30,68
"Zm00001eb055960","S_phase",31,"S_phase",3661,31,68
"Zm00001eb061990","S_phase",32,"S_phase",3662,32,68
"Zm00001eb260980","S_phase",33,"S_phase",3663,33,68
"Zm00001eb125730","S_phase",34,"S_phase",3664,34,68
"Zm00001eb144810","S_phase",35,"S_phase",3665,35,68
"Zm00001eb372060","S_phase",36,"S_phase",3666,36,68
"Zm00001eb374630","S_phase",37,"S_phase",3667,37,68
"Zm00001eb388520","S_phase",38,"S_phase",3668,38,68
"Zm00001eb403040","S_phase",39,"S_phase",3669,39,68
"Zm00001eb173650","S_phase",40,"S_phase",3670,40,68
"Zm00001eb186310","S_phase",41,"S_phase",3671,41,68
"Zm00001eb187750","S_phase",42,"S_phase",3672,42,68
"Zm00001eb200430","S_phase",43,"S_phase",3673,43,68
"Zm00001eb201060","S_phase",44,"S_phase",3674,44,68
"Zm00001eb431780","S_phase",45,"S_phase",3675,45,68
"Zm00001eb168520","S_phase",46,"S_phase",3676,46,68
"Zm00001eb373160","S_phase",47,"S_phase",3677,47,68
"Zm00001eb135450","S_phase",48,"S_phase",3678,48,68
"Zm00001eb201150","S_phase",49,"S_phase",3679,49,68
"Zm00001eb350580","S_phase",50,"S_phase",3680,50,68
"Zm00001eb428570","S_phase",51,"S_phase",3681,51,68
"Zm00001eb197480","S_phase",52,"S_phase",3682,52,68
"Zm00001eb051910","S_phase",53,"S_phase",3683,53,68
"Zm00001eb215870","S_phase",54,"S_phase",3684,54,68
"Zm00001eb229420","S_phase",55,"S_phase",3685,55,68
"Zm00001eb068440","S_phase",56,"S_phase",3686,56,68
"Zm00001eb193180","S_phase",57,"S_phase",3687,57,68
"Zm00001eb112590","S_phase",58,"S_phase",3688,58,68
"Zm00001eb003930","S_phase",59,"S_phase",3689,59,68
"Zm00001eb052070","S_phase",60,"S_phase",3690,60,68
"Zm00001eb420850","S_phase",61,"S_phase",3691,61,68
"Zm00001eb062920","S_phase",62,"S_phase",3692,62,68
"Zm00001eb019460","S_phase",63,"S_phase",3693,63,68
"Zm00001eb143390","S_phase",64,"S_phase",3694,64,68
"Zm00001eb353330","S_phase",65,"S_phase",3695,65,68
"Zm00001eb295910","S_phase",66,"S_phase",3696,66,68
"Zm00001eb176120","S_phase",67,"S_phase",3697,67,68
"Zm00001eb056300","S_phase",68,"S_phase",3698,68,68
"Zm00001eb091980","Shoot_apical_meristem",1,"Shoot_apical_meristem",3699,1,59
"Zm00001eb108020","Shoot_apical_meristem",2,"Shoot_apical_meristem",3700,2,59
"Zm00001eb369590","Shoot_apical_meristem",3,"Shoot_apical_meristem",3701,3,59
"Zm00001eb211650","Shoot_apical_meristem",4,"Shoot_apical_meristem",3702,4,59
"Zm00001eb215260","Shoot_apical_meristem",5,"Shoot_apical_meristem",3703,5,59
"Zm00001eb221810","Shoot_apical_meristem",6,"Shoot_apical_meristem",3704,6,59
"Zm00001eb226550","Shoot_apical_meristem",7,"Shoot_apical_meristem",3705,7,59
"Zm00001eb255390","Shoot_apical_meristem",8,"Shoot_apical_meristem",3706,8,59
"Zm00001eb258590","Shoot_apical_meristem",9,"Shoot_apical_meristem",3707,9,59
"Zm00001eb048530","Shoot_apical_meristem",10,"Shoot_apical_meristem",3708,10,59
"Zm00001eb130180","Shoot_apical_meristem",11,"Shoot_apical_meristem",3709,11,59
"Zm00001eb100130","Shoot_apical_meristem",12,"Shoot_apical_meristem",3710,12,59
"Zm00001eb299420","Shoot_apical_meristem",13,"Shoot_apical_meristem",3711,13,59
"Zm00001eb076850","Shoot_apical_meristem",14,"Shoot_apical_meristem",3712,14,59
"Zm00001eb254430","Shoot_apical_meristem",15,"Shoot_apical_meristem",3713,15,59
"Zm00001eb227760","Shoot_apical_meristem",16,"Shoot_apical_meristem",3714,16,59
"Zm00001eb193790","Shoot_apical_meristem",17,"Shoot_apical_meristem",3715,17,59
"Zm00001eb291130","Shoot_apical_meristem",18,"Shoot_apical_meristem",3716,18,59
"Zm00001eb401480","Shoot_apical_meristem",19,"Shoot_apical_meristem",3717,19,59
"Zm00001eb194620","Shoot_apical_meristem",20,"Shoot_apical_meristem",3718,20,59
"Zm00001eb070430","Shoot_apical_meristem",21,"Shoot_apical_meristem",3719,21,59
"Zm00001eb282550","Shoot_apical_meristem",22,"Shoot_apical_meristem",3720,22,59
"Zm00001eb117820","Shoot_apical_meristem",23,"Shoot_apical_meristem",3721,23,59
"Zm00001eb289480","Shoot_apical_meristem",24,"Shoot_apical_meristem",3722,24,59
"Zm00001eb009640","Shoot_apical_meristem",25,"Shoot_apical_meristem",3723,25,59
"Zm00001eb348690","Shoot_apical_meristem",26,"Shoot_apical_meristem",3724,26,59
"Zm00001eb194680","Shoot_apical_meristem",27,"Shoot_apical_meristem",3725,27,59
"Zm00001eb010420","Shoot_apical_meristem",28,"Shoot_apical_meristem",3726,28,59
"Zm00001eb388360","Shoot_apical_meristem",29,"Shoot_apical_meristem",3727,29,59
"Zm00001eb068610","Shoot_apical_meristem",30,"Shoot_apical_meristem",3728,30,59
"Zm00001eb256560","Shoot_apical_meristem",31,"Shoot_apical_meristem",3729,31,59
"Zm00001eb400020","Shoot_apical_meristem",32,"Shoot_apical_meristem",3730,32,59
"Zm00001eb331080","Shoot_apical_meristem",33,"Shoot_apical_meristem",3731,33,59
"Zm00001eb353540","Shoot_apical_meristem",34,"Shoot_apical_meristem",3732,34,59
"Zm00001eb217540","Shoot_apical_meristem",35,"Shoot_apical_meristem",3733,35,59
"Zm00001eb337460","Shoot_apical_meristem",36,"Shoot_apical_meristem",3734,36,59
"Zm00001eb006710","Shoot_apical_meristem",37,"Shoot_apical_meristem",3735,37,59
"Zm00001eb020090","Shoot_apical_meristem",38,"Shoot_apical_meristem",3736,38,59
"Zm00001eb242480","Shoot_apical_meristem",39,"Shoot_apical_meristem",3737,39,59
"Zm00001eb215380","Shoot_apical_meristem",40,"Shoot_apical_meristem",3738,40,59
"Zm00001eb221920","Shoot_apical_meristem",41,"Shoot_apical_meristem",3739,41,59
"Zm00001eb226460","Shoot_apical_meristem",42,"Shoot_apical_meristem",3740,42,59
"Zm00001eb308070","Shoot_apical_meristem",43,"Shoot_apical_meristem",3741,43,59
"Zm00001eb325700","Shoot_apical_meristem",44,"Shoot_apical_meristem",3742,44,59
"Zm00001eb406490","Shoot_apical_meristem",45,"Shoot_apical_meristem",3743,45,59
"Zm00001eb408850","Shoot_apical_meristem",46,"Shoot_apical_meristem",3744,46,59
"Zm00001eb007870","Shoot_apical_meristem",47,"Shoot_apical_meristem",3745,47,59
"Zm00001eb011960","Shoot_apical_meristem",48,"Shoot_apical_meristem",3746,48,59
"Zm00001eb017340","Shoot_apical_meristem",49,"Shoot_apical_meristem",3747,49,59
"Zm00001eb045800","Shoot_apical_meristem",50,"Shoot_apical_meristem",3748,50,59
"Zm00001eb261170","Shoot_apical_meristem",51,"Shoot_apical_meristem",3749,51,59
"Zm00001eb264640","Shoot_apical_meristem",52,"Shoot_apical_meristem",3750,52,59
"Zm00001eb119470","Shoot_apical_meristem",53,"Shoot_apical_meristem",3751,53,59
"Zm00001eb153910","Shoot_apical_meristem",54,"Shoot_apical_meristem",3752,54,59
"Zm00001eb400000","Shoot_apical_meristem",55,"Shoot_apical_meristem",3753,55,59
"Zm00001eb170390","Shoot_apical_meristem",56,"Shoot_apical_meristem",3754,56,59
"Zm00001eb195560","Shoot_apical_meristem",57,"Shoot_apical_meristem",3755,57,59
"Zm00001eb202430","Shoot_apical_meristem",58,"Shoot_apical_meristem",3756,58,59
"Zm00001eb204160","Shoot_apical_meristem",59,"Shoot_apical_meristem",3757,59,59
"Zm00001eb341630","Shoot_system_epidermis",1,"Shoot_system_epidermis",3758,1,68
"Zm00001eb359110","Shoot_system_epidermis",2,"Shoot_system_epidermis",3759,2,68
"Zm00001eb365940","Shoot_system_epidermis",3,"Shoot_system_epidermis",3760,3,68
"Zm00001eb216460","Shoot_system_epidermis",4,"Shoot_system_epidermis",3761,4,68
"Zm00001eb217390","Shoot_system_epidermis",5,"Shoot_system_epidermis",3762,5,68
"Zm00001eb221130","Shoot_system_epidermis",6,"Shoot_system_epidermis",3763,6,68
"Zm00001eb224740","Shoot_system_epidermis",7,"Shoot_system_epidermis",3764,7,68
"Zm00001eb243070","Shoot_system_epidermis",8,"Shoot_system_epidermis",3765,8,68
"Zm00001eb252760","Shoot_system_epidermis",9,"Shoot_system_epidermis",3766,9,68
"Zm00001eb285360","Shoot_system_epidermis",10,"Shoot_system_epidermis",3767,10,68
"Zm00001eb214340","Shoot_system_epidermis",11,"Shoot_system_epidermis",3768,11,68
"Zm00001eb159140","Shoot_system_epidermis",12,"Shoot_system_epidermis",3769,12,68
"Zm00001eb427320","Shoot_system_epidermis",13,"Shoot_system_epidermis",3770,13,68
"Zm00001eb045960","Shoot_system_epidermis",14,"Shoot_system_epidermis",3771,14,68
"Zm00001eb136750","Shoot_system_epidermis",15,"Shoot_system_epidermis",3772,15,68
"Zm00001eb389050","Shoot_system_epidermis",16,"Shoot_system_epidermis",3773,16,68
"Zm00001eb380150","Shoot_system_epidermis",17,"Shoot_system_epidermis",3774,17,68
"Zm00001eb133700","Shoot_system_epidermis",18,"Shoot_system_epidermis",3775,18,68
"Zm00001eb071110","Shoot_system_epidermis",19,"Shoot_system_epidermis",3776,19,68
"Zm00001eb011840","Shoot_system_epidermis",20,"Shoot_system_epidermis",3777,20,68
"Zm00001eb167740","Shoot_system_epidermis",21,"Shoot_system_epidermis",3778,21,68
"Zm00001eb083640","Shoot_system_epidermis",22,"Shoot_system_epidermis",3779,22,68
"Zm00001eb122470","Shoot_system_epidermis",23,"Shoot_system_epidermis",3780,23,68
"Zm00001eb178550","Shoot_system_epidermis",24,"Shoot_system_epidermis",3781,24,68
"Zm00001eb193330","Shoot_system_epidermis",25,"Shoot_system_epidermis",3782,25,68
"Zm00001eb259000","Shoot_system_epidermis",26,"Shoot_system_epidermis",3783,26,68
"Zm00001eb141060","Shoot_system_epidermis",27,"Shoot_system_epidermis",3784,27,68
"Zm00001eb010500","Shoot_system_epidermis",28,"Shoot_system_epidermis",3785,28,68
"Zm00001eb324720","Shoot_system_epidermis",29,"Shoot_system_epidermis",3786,29,68
"Zm00001eb298250","Shoot_system_epidermis",30,"Shoot_system_epidermis",3787,30,68
"Zm00001eb311440","Shoot_system_epidermis",31,"Shoot_system_epidermis",3788,31,68
"Zm00001eb312330","Shoot_system_epidermis",32,"Shoot_system_epidermis",3789,32,68
"Zm00001eb318020","Shoot_system_epidermis",33,"Shoot_system_epidermis",3790,33,68
"Zm00001eb327480","Shoot_system_epidermis",34,"Shoot_system_epidermis",3791,34,68
"Zm00001eb418440","Shoot_system_epidermis",35,"Shoot_system_epidermis",3792,35,68
"Zm00001eb418970","Shoot_system_epidermis",36,"Shoot_system_epidermis",3793,36,68
"Zm00001eb433910","Shoot_system_epidermis",37,"Shoot_system_epidermis",3794,37,68
"Zm00001eb004760","Shoot_system_epidermis",38,"Shoot_system_epidermis",3795,38,68
"Zm00001eb021780","Shoot_system_epidermis",39,"Shoot_system_epidermis",3796,39,68
"Zm00001eb043080","Shoot_system_epidermis",40,"Shoot_system_epidermis",3797,40,68
"Zm00001eb044810","Shoot_system_epidermis",41,"Shoot_system_epidermis",3798,41,68
"Zm00001eb277860","Shoot_system_epidermis",42,"Shoot_system_epidermis",3799,42,68
"Zm00001eb293470","Shoot_system_epidermis",43,"Shoot_system_epidermis",3800,43,68
"Zm00001eb125050","Shoot_system_epidermis",44,"Shoot_system_epidermis",3801,44,68
"Zm00001eb130610","Shoot_system_epidermis",45,"Shoot_system_epidermis",3802,45,68
"Zm00001eb131020","Shoot_system_epidermis",46,"Shoot_system_epidermis",3803,46,68
"Zm00001eb154370","Shoot_system_epidermis",47,"Shoot_system_epidermis",3804,47,68
"Zm00001eb157880","Shoot_system_epidermis",48,"Shoot_system_epidermis",3805,48,68
"Zm00001eb159290","Shoot_system_epidermis",49,"Shoot_system_epidermis",3806,49,68
"Zm00001eb161870","Shoot_system_epidermis",50,"Shoot_system_epidermis",3807,50,68
"Zm00001eb373760","Shoot_system_epidermis",51,"Shoot_system_epidermis",3808,51,68
"Zm00001eb384290","Shoot_system_epidermis",52,"Shoot_system_epidermis",3809,52,68
"Zm00001eb175590","Shoot_system_epidermis",53,"Shoot_system_epidermis",3810,53,68
"Zm00001eb194050","Shoot_system_epidermis",54,"Shoot_system_epidermis",3811,54,68
"Zm00001eb048150","Shoot_system_epidermis",55,"Shoot_system_epidermis",3812,55,68
"Zm00001eb091300","Shoot_system_epidermis",56,"Shoot_system_epidermis",3813,56,68
"Zm00001eb141610","Shoot_system_epidermis",57,"Shoot_system_epidermis",3814,57,68
"Zm00001eb379490","Shoot_system_epidermis",58,"Shoot_system_epidermis",3815,58,68
"Zm00001eb368850","Shoot_system_epidermis",59,"Shoot_system_epidermis",3816,59,68
"Zm00001eb298090","Shoot_system_epidermis",60,"Shoot_system_epidermis",3817,60,68
"Zm00001eb201210","Shoot_system_epidermis",61,"Shoot_system_epidermis",3818,61,68
"Zm00001eb257750","Shoot_system_epidermis",62,"Shoot_system_epidermis",3819,62,68
"Zm00001eb063930","Shoot_system_epidermis",63,"Shoot_system_epidermis",3820,63,68
"Zm00001eb415730","Shoot_system_epidermis",64,"Shoot_system_epidermis",3821,64,68
"Zm00001eb370000","Shoot_system_epidermis",65,"Shoot_system_epidermis",3822,65,68
"Zm00001eb415630","Shoot_system_epidermis",66,"Shoot_system_epidermis",3823,66,68
"Zm00001eb290350","Shoot_system_epidermis",67,"Shoot_system_epidermis",3824,67,68
"Zm00001eb205040","Shoot_system_epidermis",68,"Shoot_system_epidermis",3825,68,68
"Zm00001eb065660","Vascular_tissue",1,"Vascular_tissue",3826,1,100
"Zm00001eb070980","Vascular_tissue",2,"Vascular_tissue",3827,2,100
"Zm00001eb079000","Vascular_tissue",3,"Vascular_tissue",3828,3,100
"Zm00001eb082170","Vascular_tissue",4,"Vascular_tissue",3829,4,100
"Zm00001eb085610","Vascular_tissue",5,"Vascular_tissue",3830,5,100
"Zm00001eb091400","Vascular_tissue",6,"Vascular_tissue",3831,6,100
"Zm00001eb096900","Vascular_tissue",7,"Vascular_tissue",3832,7,100
"Zm00001eb107970","Vascular_tissue",8,"Vascular_tissue",3833,8,100
"Zm00001eb111230","Vascular_tissue",9,"Vascular_tissue",3834,9,100
"Zm00001eb111390","Vascular_tissue",10,"Vascular_tissue",3835,10,100
"Zm00001eb336660","Vascular_tissue",11,"Vascular_tissue",3836,11,100
"Zm00001eb342070","Vascular_tissue",12,"Vascular_tissue",3837,12,100
"Zm00001eb343020","Vascular_tissue",13,"Vascular_tissue",3838,13,100
"Zm00001eb343950","Vascular_tissue",14,"Vascular_tissue",3839,14,100
"Zm00001eb353110","Vascular_tissue",15,"Vascular_tissue",3840,15,100
"Zm00001eb365990","Vascular_tissue",16,"Vascular_tissue",3841,16,100
"Zm00001eb368220","Vascular_tissue",17,"Vascular_tissue",3842,17,100
"Zm00001eb368310","Vascular_tissue",18,"Vascular_tissue",3843,18,100
"Zm00001eb370730","Vascular_tissue",19,"Vascular_tissue",3844,19,100
"Zm00001eb215460","Vascular_tissue",20,"Vascular_tissue",3845,20,100
"Zm00001eb215900","Vascular_tissue",21,"Vascular_tissue",3846,21,100
"Zm00001eb218500","Vascular_tissue",22,"Vascular_tissue",3847,22,100
"Zm00001eb050660","Vascular_tissue",23,"Vascular_tissue",3848,23,100
"Zm00001eb237260","Vascular_tissue",24,"Vascular_tissue",3849,24,100
"Zm00001eb235450","Vascular_tissue",25,"Vascular_tissue",3850,25,100
"Zm00001eb205550","Vascular_tissue",26,"Vascular_tissue",3851,26,100
"Zm00001eb274280","Vascular_tissue",27,"Vascular_tissue",3852,27,100
"Zm00001eb029220","Vascular_tissue",28,"Vascular_tissue",3853,28,100
"Zm00001eb022860","Vascular_tissue",29,"Vascular_tissue",3854,29,100
"Zm00001eb318750","Vascular_tissue",30,"Vascular_tissue",3855,30,100
"Zm00001eb007320","Vascular_tissue",31,"Vascular_tissue",3856,31,100
"Zm00001eb429210","Vascular_tissue",32,"Vascular_tissue",3857,32,100
"Zm00001eb284750","Vascular_tissue",33,"Vascular_tissue",3858,33,100
"Zm00001eb250390","Vascular_tissue",34,"Vascular_tissue",3859,34,100
"Zm00001eb314120","Vascular_tissue",35,"Vascular_tissue",3860,35,100
"Zm00001eb384970","Vascular_tissue",36,"Vascular_tissue",3861,36,100
"Zm00001eb022580","Vascular_tissue",37,"Vascular_tissue",3862,37,100
"Zm00001eb382060","Vascular_tissue",38,"Vascular_tissue",3863,38,100
"Zm00001eb288740","Vascular_tissue",39,"Vascular_tissue",3864,39,100
"Zm00001eb022050","Vascular_tissue",40,"Vascular_tissue",3865,40,100
"Zm00001eb064450","Vascular_tissue",41,"Vascular_tissue",3866,41,100
"Zm00001eb288670","Vascular_tissue",42,"Vascular_tissue",3867,42,100
"Zm00001eb385810","Vascular_tissue",43,"Vascular_tissue",3868,43,100
"Zm00001eb038730","Vascular_tissue",44,"Vascular_tissue",3869,44,100
"Zm00001eb007510","Vascular_tissue",45,"Vascular_tissue",3870,45,100
"Zm00001eb015890","Vascular_tissue",46,"Vascular_tissue",3871,46,100
"Zm00001eb303290","Vascular_tissue",47,"Vascular_tissue",3872,47,100
"Zm00001eb072680","Vascular_tissue",48,"Vascular_tissue",3873,48,100
"Zm00001eb122700","Vascular_tissue",49,"Vascular_tissue",3874,49,100
"Zm00001eb026490","Vascular_tissue",50,"Vascular_tissue",3875,50,100
"Zm00001eb148120","Vascular_tissue",51,"Vascular_tissue",3876,51,100
"Zm00001eb006000","Vascular_tissue",52,"Vascular_tissue",3877,52,100
"Zm00001eb220050","Vascular_tissue",53,"Vascular_tissue",3878,53,100
"Zm00001eb219690","Vascular_tissue",54,"Vascular_tissue",3879,54,100
"Zm00001eb271790","Vascular_tissue",55,"Vascular_tissue",3880,55,100
"Zm00001eb161050","Vascular_tissue",56,"Vascular_tissue",3881,56,100
"Zm00001eb311850","Vascular_tissue",57,"Vascular_tissue",3882,57,100
"Zm00001eb318890","Vascular_tissue",58,"Vascular_tissue",3883,58,100
"Zm00001eb253820","Vascular_tissue",59,"Vascular_tissue",3884,59,100
"Zm00001eb187570","Vascular_tissue",60,"Vascular_tissue",3885,60,100
"Zm00001eb289430","Vascular_tissue",61,"Vascular_tissue",3886,61,100
"Zm00001eb388050","Vascular_tissue",62,"Vascular_tissue",3887,62,100
"Zm00001eb101930","Vascular_tissue",63,"Vascular_tissue",3888,63,100
"Zm00001eb390500","Vascular_tissue",64,"Vascular_tissue",3889,64,100
"Zm00001eb369060","Vascular_tissue",65,"Vascular_tissue",3890,65,100
"Zm00001eb271480","Vascular_tissue",66,"Vascular_tissue",3891,66,100
"Zm00001eb352580","Vascular_tissue",67,"Vascular_tissue",3892,67,100
"Zm00001eb335200","Vascular_tissue",68,"Vascular_tissue",3893,68,100
"Zm00001eb398540","Vascular_tissue",69,"Vascular_tissue",3894,69,100
"Zm00001eb140660","Vascular_tissue",70,"Vascular_tissue",3895,70,100
"Zm00001eb255860","Vascular_tissue",71,"Vascular_tissue",3896,71,100
"Zm00001eb240120","Vascular_tissue",72,"Vascular_tissue",3897,72,100
"Zm00001eb247590","Vascular_tissue",73,"Vascular_tissue",3898,73,100
"Zm00001eb249230","Vascular_tissue",74,"Vascular_tissue",3899,74,100
"Zm00001eb249390","Vascular_tissue",75,"Vascular_tissue",3900,75,100
"Zm00001eb249400","Vascular_tissue",76,"Vascular_tissue",3901,76,100
"Zm00001eb250960","Vascular_tissue",77,"Vascular_tissue",3902,77,100
"Zm00001eb257430","Vascular_tissue",78,"Vascular_tissue",3903,78,100
"Zm00001eb301060","Vascular_tissue",79,"Vascular_tissue",3904,79,100
"Zm00001eb302760","Vascular_tissue",80,"Vascular_tissue",3905,80,100
"Zm00001eb315990","Vascular_tissue",81,"Vascular_tissue",3906,81,100
"Zm00001eb324520","Vascular_tissue",82,"Vascular_tissue",3907,82,100
"Zm00001eb326060","Vascular_tissue",83,"Vascular_tissue",3908,83,100
"Zm00001eb430890","Vascular_tissue",84,"Vascular_tissue",3909,84,100
"Zm00001eb010170","Vascular_tissue",85,"Vascular_tissue",3910,85,100
"Zm00001eb010560","Vascular_tissue",86,"Vascular_tissue",3911,86,100
"Zm00001eb014160","Vascular_tissue",87,"Vascular_tissue",3912,87,100
"Zm00001eb015190","Vascular_tissue",88,"Vascular_tissue",3913,88,100
"Zm00001eb016040","Vascular_tissue",89,"Vascular_tissue",3914,89,100
"Zm00001eb022940","Vascular_tissue",90,"Vascular_tissue",3915,90,100
"Zm00001eb026430","Vascular_tissue",91,"Vascular_tissue",3916,91,100
"Zm00001eb026680","Vascular_tissue",92,"Vascular_tissue",3917,92,100
"Zm00001eb192400","Vascular_tissue",93,"Vascular_tissue",3918,93,100
"Zm00001eb071550","Vascular_tissue",94,"Vascular_tissue",3919,94,100
"Zm00001eb151400","Vascular_tissue",95,"Vascular_tissue",3920,95,100
"Zm00001eb390790","Vascular_tissue",96,"Vascular_tissue",3921,96,100
"Zm00001eb414390","Vascular_tissue",97,"Vascular_tissue",3922,97,100
"Zm00001eb251380","Vascular_tissue",98,"Vascular_tissue",3923,98,100
"Zm00001eb220040","Vascular_tissue",99,"Vascular_tissue",3924,99,100
"Zm00001eb130940","Vascular_tissue",100,"Vascular_tissue",3925,100,100
