gene_id,level,gene_name,tf_family
Zm00001eb004190,1,e2f19,E2F/DP
Zm00001eb015020,1,ereb26,AP2
Zm00001eb015320,1,wrky32,WRKY
Zm00001eb029300,1,rs2,MYB
Zm00001eb031670,1,hb119,HD-ZIP
Zm00001eb035180,1,nactf114,NAC
Zm00001eb040220,1,srs1,SRS
Zm00001eb041860,1,myb146,MYB_related
Zm00001eb050860,1,cpp6,CPP
Zm00001eb051340,1,abi30,B3
Zm00001eb051910,1,kip1,TALE
Zm00001eb055920,1,kn1,TALE
Zm00001eb062170,1,nactf49,NAC
Zm00001eb067270,1,arftf4,ARF
Zm00001eb071920,1,glk36,G2-like
Zm00001eb073790,1,glk37,G2-like
Zm00001eb074810,1,myb104,MYB
Zm00001eb075520,1,yab1,YABBY
Zm00001eb075640,1,myb54,MYB
Zm00001eb079950,1,wrky72,WRKY
Zm00001eb082590,1,zhd15,ZF-HD
Zm00001eb094740,1,bbr2,BBR-BPC
Zm00001eb103060,1,tcptf19,TCP
Zm00001eb106720,1,bhlh80,bHLH
Zm00001eb117820,1,gn1,TALE
Zm00001eb130180,1,lg3,TALE
Zm00001eb144270,1,abi31,B3
Zm00001eb152940,1,arftf11,ARF
Zm00001eb154380,1,mads36,M-type_MADS
Zm00001eb160080,1,hsftf3,HSF
Zm00001eb167310,1,pco136360,bHLH
Zm00001eb169410,1,sbp3 (GRASSIUS),SBP
Zm00001eb172450,1,cca1,MYB_related
Zm00001eb176440,1,gbptf20,GeBP
Zm00001eb176740,1,wrky122,WRKY
Zm00001eb187880,1,glk29,G2-like
Zm00001eb197040,1,bzip79,bZIP
Zm00001eb202660,1,srs3,SRS
Zm00001eb204190,1,c3h43,C3H
Zm00001eb206760,1,knox7,TALE
Zm00001eb207760,1,whirly2,Whirly
Zm00001eb216500,1,gbptf5,GeBP
Zm00001eb220660,1,yab9,YABBY
Zm00001eb222520,1,mybr90,MYB_related
Zm00001eb227390,1,arr5,ARR-B
Zm00001eb238060,1,hmg9,HMG_box
Zm00001eb239380,1,hsftf18,HSF
Zm00001eb243910,1,rgh3,C3H
Zm00001eb244670,1,pap28,E2F/DP
Zm00001eb250620,1,grftf13,GRF
Zm00001eb251820,1,grftf6,GRF
Zm00001eb264150,1,gbptf15,GeBP
Zm00001eb264380,1,nactf119,NAC
Zm00001eb264910,1,knox5,TALE
Zm00001eb271970,1,mybr98,MYB_related
Zm00001eb274800,1,sbp3,SBP
Zm00001eb275690,1,arid8,ARID
Zm00001eb279010,1,gbptf10,GeBP
Zm00001eb284130,1,bhlh124,bHLH
Zm00001eb287060,1,srs6,SRS
Zm00001eb291470,1,ca5p10,NF-YC
Zm00001eb291720,1,ereb42,ERF
Zm00001eb299420,1,rs1,TALE
Zm00001eb303220,1,embp1,bZIP
Zm00001eb319530,1,srs7,SRS
Zm00001eb324300,1,abi22,B3
Zm00001eb334160,1,nactf118,NAC
Zm00001eb344540,1,gata26,GATA
Zm00001eb349730,1,sbp11,SBP
Zm00001eb354880,1,lg4,TALE
Zm00001eb358680,1,wrky47,WRKY
Zm00001eb360510,1,myb24,MYB
Zm00001eb361390,1,abi19,B3
Zm00001eb361790,1,mads43,MIKC_MADS
Zm00001eb362740,1,lrp1,SRS
Zm00001eb375660,1,bhlh125,bHLH
Zm00001eb400120,1,zmm8,MIKC_MADS
Zm00001eb403140,1,e2f6,E2F/DP
Zm00001eb413890,1,abi51,B3
Zm00001eb421120,1,camta5,CAMTA
Zm00001eb424870,1,nactf15,NAC
Zm00001eb425230,1,thx25,Trihelix
Zm00001eb428800,1,hsftf20,HSF
Zm00001eb433020,1,arftf29,ARF
Zm00001eb005740,2,ereb130,AP2
Zm00001eb006890,2,camta4,CAMTA
Zm00001eb023870,2,thx4,Trihelix
Zm00001eb030510,2,abi46,B3
Zm00001eb032000,2,ca2p5,NF-YA
Zm00001eb041290,2,zhd5,ZF-HD
Zm00001eb042980,2,glk38,G2-like
Zm00001eb051330,2,abi4,B3
Zm00001eb053870,2,c3h17,C3H
Zm00001eb057820,2,wrky30,WRKY
Zm00001eb060670,2,hsftf11,HSF
Zm00001eb062760,2,gras40,GRAS
Zm00001eb063930,2,cchh5,C2H2
Zm00001eb073900,2,nfd102,HMG_box
Zm00001eb073910,2,shai1,Nin-like
Zm00001eb092810,2,ddt1,non_TF
Zm00001eb093650,2,nactf126,NAC
Zm00001eb104350,2,hmg103,HMG_box
Zm00001eb106620,2,ms32,bHLH
Zm00001eb112080,2,GRMZM2G033962,Pseudo_ARR-B
Zm00001eb118970,2,arftf7,ARF
Zm00001eb138370,2,zhd21,ZF-HD
Zm00001eb145420,2,ereb52,ERF
Zm00001eb150830,2,ereb158,ERF
Zm00001eb158680,2,hb46,HD-ZIP
Zm00001eb161000,2,abi48,B3
Zm00001eb164530,2,gras26,GRAS
Zm00001eb198620,2,hsftf7,HSF
Zm00001eb199140,2,mbd121,MBD
Zm00001eb199530,2,wrky87,WRKY
Zm00001eb199880,2,ub3,SBP
Zm00001eb199970,2,sbp7,SBP
Zm00001eb202570,2,ereb111,ERF
Zm00001eb227100,2,arftf35,ARF
Zm00001eb227180,2,sbp25,SBP
Zm00001eb232050,2,sbp27,SBP
Zm00001eb235640,2,ereb46,ERF
Zm00001eb243260,2,thx42,Trihelix
Zm00001eb244380,2,bhlh152,bHLH
Zm00001eb246280,2,abi35,B3
Zm00001eb264780,2,wrky62,WRKY
Zm00001eb269420,2,dbp4,ERF
Zm00001eb278870,2,hb10,HD-ZIP
Zm00001eb280500,2,fea4,bZIP
Zm00001eb295700,2,thx1,Trihelix
Zm00001eb303810,2,pza03344,AP2
Zm00001eb306220,2,glk15,G2-like
Zm00001eb307400,2,myb153,MYB
Zm00001eb309370,2,glk7,G2-like
Zm00001eb312850,2,bhlh87,bHLH
Zm00001eb314810,2,bhlh150,bHLH
Zm00001eb316740,2,tsh4,SBP
Zm00001eb325750,2,gras38,GRAS
Zm00001eb331080,2,eil6,EIL
Zm00001eb331630,2,GRMZM2G005732,Pseudo_ARR-B
Zm00001eb337450,2,c3h47,C3H
Zm00001eb352240,2,bzip96,bZIP
Zm00001eb352570,2,ereb93,ERF
Zm00001eb361590,2,thx6,Trihelix
Zm00001eb361750,2,abi20,B3
Zm00001eb370810,2,arftf26,ARF
Zm00001eb378270,2,bbr4,BBR-BPC
Zm00001eb379550,2,nactf117,NAC
Zm00001eb380990,2,col6,CO-like
Zm00001eb386370,2,myb87,MYB
Zm00001eb388060,2,arid10,ARID
Zm00001eb388280,2,arr4,ARR-B
Zm00001eb415640,2,glk55,G2-like
Zm00001eb425660,2,nlp9,Nin-like
Zm00001eb429450,2,gras79,GRAS
Zm00001eb430300,2,grftf5,GRF
Zm00001eb006360,3,abi7,B3
Zm00001eb008680,3,ifa1,YABBY
Zm00001eb031560,3,bhlh163,bHLH
Zm00001eb033590,3,mbd119,MBD
Zm00001eb041450,3,myb78,MYB
Zm00001eb042020,3,wrky25,WRKY
Zm00001eb043940,3,yab10,YABBY
Zm00001eb045630,3,hb69,HD-ZIP
Zm00001eb049650,3,mterf3,mTERF
Zm00001eb051370,3,abi25,B3
Zm00001eb053460,3,c3h51,C3H
Zm00001eb055700,3,gras65,GRAS
Zm00001eb058850,3,ereb184,AP2
Zm00001eb059460,3,bhlh47,bHLH
Zm00001eb062460,3,ts6,AP2
Zm00001eb074570,3,mmp33,C2H2
Zm00001eb076420,3,arftf5,ARF
Zm00001eb076640,3,ras18A1,NAC
Zm00001eb082150,3,abi17,ARF
Zm00001eb091300,3,myb64,MYB
Zm00001eb101700,3,wrky71,WRKY
Zm00001eb101920,3,sbp23,SBP
Zm00001eb110960,3,bbx7,CO-like
Zm00001eb118760,3,wrky93,WRKY
Zm00001eb120590,3,ereb103,ERF
Zm00001eb123570,3,bhlh104,bHLH
Zm00001eb143110,3,sbp22,SBP
Zm00001eb143690,3,vp1,B3
Zm00001eb145150,3,ig1,LBD
Zm00001eb147970,3,hb48,HB-other
Zm00001eb159750,3,bhlh166,bHLH
Zm00001eb164360,3,umc2278,C2H2
Zm00001eb168120,3,zhd1,ZF-HD
Zm00001eb176840,3,nactf92,NAC
Zm00001eb179440,3,umc1511,AT_hook
Zm00001eb183700,3,nactf101,NAC
Zm00001eb186770,3,gras80,GRAS
Zm00001eb193790,3,tu1,MIKC_MADS
Zm00001eb243450,3,mybr28,MYB_related
Zm00001eb253150,3,col5,CO-like
Zm00001eb258240,3,bhlh168,bHLH
Zm00001eb267130,3,cchh4,C2H2
Zm00001eb281570,3,cpp12,CPP
Zm00001eb296770,3,tsh1,GATA
Zm00001eb312620,3,zhd2,ZF-HD
Zm00001eb316800,3,mybr82,MYB_related
Zm00001eb317100,3,mbd108,MBD
Zm00001eb324660,3,c3h32,C3H
Zm00001eb327230,3,ca2p15,NF-YA
Zm00001eb330690,3,abi32,B3
Zm00001eb331880,3,dlf1,bZIP
Zm00001eb335690,3,mybr21,MYB
Zm00001eb355110,3,phd17,zf-MIZ
Zm00001eb360260,3,nactf134,NAC
Zm00001eb360340,3,e2f9,E2F/DP
Zm00001eb361210,3,smh3,MYB_related
Zm00001eb369560,3,ereb83,ERF
Zm00001eb399030,3,mybr54,MYB_related
Zm00001eb400130,3,drl2,YABBY
Zm00001eb402580,3,nactf39,NAC
Zm00001eb402950,3,gata10,GATA
Zm00001eb405850,3,lbd44,LBD
Zm00001eb406000,3,wrky63,WRKY
Zm00001eb408800,3,arftf28,ARF
Zm00001eb408860,3,nactf67,NAC
Zm00001eb416980,3,hb18,HD-ZIP
Zm00001eb430240,3,zfl1,LFY
Zm00001eb001670,4,zag6,MIKC_MADS
Zm00001eb004670,4,hsftf13,HSF
Zm00001eb008010,4,bnlg1953,C2H2
Zm00001eb019780,4,ca2p3,NF-YA
Zm00001eb032780,4,hb84,TALE
Zm00001eb036990,4,bhlh173,bHLH
Zm00001eb047760,4,hsftf24,HSF
Zm00001eb055620,4,chb101b,MYB_related
Zm00001eb058480,4,dof25,Dof
Zm00001eb060810,4,bzip41,bZIP
Zm00001eb070520,4,bhlh148,bHLH
Zm00001eb074730,4,ereb6,ERF
Zm00001eb075080,4,thx32,Trihelix
Zm00001eb092480,4,ns1,WOX
Zm00001eb095690,4,myb139,MYB
Zm00001eb097990,4,hb131,HB-other
Zm00001eb100610,4,gbptf8,GeBP
Zm00001eb104790,4,grftf2,GRF
Zm00001eb106790,4,myb141,MYB
Zm00001eb108930,4,ca2p4,NF-YA
Zm00001eb123510,4,smh5,MYB_related
Zm00001eb133000,4,arftf8,ARF
Zm00001eb143060,4,camta3,CAMTA
Zm00001eb144290,4,arr6,ARR-B
Zm00001eb145660,4,zmm16,MIKC_MADS
Zm00001eb179960,4,zhd7,ZF-HD
Zm00001eb184050,4,fea2,non_TF
Zm00001eb189840,4,bzip97,bZIP
Zm00001eb219990,4,mybr99,MYB_related
Zm00001eb220000,4,mybr99,MYB_related
Zm00001eb228170,4,bzip83,bZIP
Zm00001eb232120,4,arftf20,ARF
Zm00001eb250280,4,glk20,G2-like
Zm00001eb255670,4,mads73,MIKC_MADS
Zm00001eb288890,4,mybr13,MYB_related
Zm00001eb290900,4,abi45,B3
Zm00001eb292830,4,arftf23,ARF
Zm00001eb292900,4,voz1,VOZ
Zm00001eb321680,4,camta2,CAMTA
Zm00001eb339390,4,nlp4,Nin-like
Zm00001eb353320,4,hox1,HB-PHD
Zm00001eb380460,4,conz1,CO-like
Zm00001eb382780,4,mads47,M-type_MADS
Zm00001eb388300,4,bhlh69,bHLH
Zm00001eb399440,4,ereb161,AP2
Zm00001eb408640,4,c3h54,C3H
Zm00001eb413100,4,ca5p5,NF-YC
Zm00001eb420370,4,mbd113,MBD
Zm00001eb427380,4,mybr113,MYB
Zm00001eb024680,5,ocl4,HD-ZIP
Zm00001eb036170,5,bbr1,BBR-BPC
Zm00001eb037670,5,hb129,HD-ZIP
Zm00001eb052150,5,bhlh114,bHLH
Zm00001eb057410,5,hxa102,MYB_related
Zm00001eb066770,5,thx35,Trihelix
Zm00001eb071990,5,zfl2,LFY
Zm00001eb089380,5,e2f5,E2F/DP
Zm00001eb100770,5,hsftf1,HSF
Zm00001eb126430,5,fea3,non_TF
Zm00001eb127850,5,c3h35,C3H
Zm00001eb135750,5,cpp10,CPP
Zm00001eb148320,5,myb15,MYB
Zm00001eb151240,5,mrpi2,C2H2
Zm00001eb162130,5,c3h22,C3H
Zm00001eb170540,5,arftf13,ARF
Zm00001eb171080,5,abi14,B3
Zm00001eb178550,5,wrky97,WRKY
Zm00001eb185110,5,nactf17,NAC
Zm00001eb218880,5,wrky109,WRKY
Zm00001eb229950,5,bhlh129,bHLH
Zm00001eb237460,5,myb157,MYB
Zm00001eb252640,5,arid5,ARID
Zm00001eb256730,5,grf9,GRF
Zm00001eb259870,5,abi49,B3
Zm00001eb274340,5,ca5p3,NF-YC
Zm00001eb275820,5,bhlh142,bHLH
Zm00001eb288060,5,bzip34,bZIP
Zm00001eb288420,5,nactf112,NAC
Zm00001eb301280,5,hsftf4,HSF
Zm00001eb308280,5,cadtfr16,NF-YB
Zm00001eb311020,5,gpm18,C3H
Zm00001eb315330,5,bhlh107,bHLH
Zm00001eb315910,5,bhlh106,bHLH
Zm00001eb319390,5,hb128,HD-ZIP
Zm00001eb329910,5,ddt4,non_TF
Zm00001eb331250,5,bzip92,bZIP
Zm00001eb340550,5,thx47,Trihelix
Zm00001eb355240,5,rap2,AP2
Zm00001eb369190,5,myb74,MYB
Zm00001eb369280,5,obf4,bZIP
Zm00001eb372960,5,mads74,M-type_MADS
Zm00001eb373300,5,bzip100,bZIP
Zm00001eb373670,5,grftf12,GRF
Zm00001eb385620,5,hb87,HB-other
Zm00001eb389900,5,ca5p7,NF-YC
Zm00001eb403880,5,nactf57,NAC
Zm00001eb405630,5,IDP103,C3H
Zm00001eb428890,5,glk41,G2-like
Zm00001eb005020,6,hb64,TALE
Zm00001eb008690,6,zmm14,MIKC_MADS
Zm00001eb021750,6,bzip78,bZIP
Zm00001eb035030,6,ub2,SBP
Zm00001eb038320,6,bhlh170,bHLH
Zm00001eb041850,6,hmga102,AT_hook
Zm00001eb055990,6,bhlh27,bHLH
Zm00001eb067340,6,GRMZM2G046968,C3H
Zm00001eb071190,6,ereb97,ERF
Zm00001eb079510,6,mybr93,MYB_related
Zm00001eb088080,6,abi28,B3
Zm00001eb092230,6,TIDP3698,Pseudo_ARR-B
Zm00001eb093560,6,wri1,AP2
Zm00001eb102090,6,mbd111,MBD
Zm00001eb102260,6,bhlh121,bHLH
Zm00001eb102440,6,sbp5,SBP
Zm00001eb136060,6,hb25,HD-ZIP
Zm00001eb138920,6,myb8,MYB
Zm00001eb142180,6,ldp1,HB-other
Zm00001eb150840,6,ereb147,ERF
Zm00001eb171720,6,ocl5a,HD-ZIP
Zm00001eb187040,6,hmg3,HMG_box
Zm00001eb227240,6,c3h29,C3H
Zm00001eb229050,6,arid7,ARID
Zm00001eb234690,6,myb50,MYB
Zm00001eb246010,6,nactf13,NAC
Zm00001eb248590,6,myb89,MYB
Zm00001eb251390,6,glk47,G2-like
Zm00001eb252180,6,zhd12,ZF-HD
Zm00001eb264080,6,gbptf1,GeBP
Zm00001eb273580,6,myb56,MYB
Zm00001eb278670,6,grftf11,GRF
Zm00001eb284910,6,mybr62,MYB
Zm00001eb299300,6,ereb114,AP2
Zm00001eb315610,6,bhlh105,bHLH
Zm00001eb316660,6,bhlh146,bHLH
Zm00001eb325760,6,wrky1,WRKY
Zm00001eb332590,6,bzip72,bZIP
Zm00001eb332860,6,myb60,MYB
Zm00001eb333750,6,c3h42,C3H
Zm00001eb340140,6,ereb148,ERF
Zm00001eb340790,6,gata2,GATA
Zm00001eb352580,6,ereb92,ERF
Zm00001eb358260,6,c3h46,C3H
Zm00001eb370960,6,wrky111,WRKY
Zm00001eb404260,6,rld1,HD-ZIP
Zm00001eb419680,6,tcptf40,TCP
Zm00001eb428400,6,bhlh134,bHLH
Zm00001eb429720,6,sbp21,SBP
Zm00001eb429870,6,ereb2,ERF
Zm00001eb432090,6,ereb156,ERF
Zm00001eb005690,7,nfya1,NF-YA
Zm00001eb058460,7,glk44,G2-like
Zm00001eb058610,7,IDP2395,G2-like
Zm00001eb069140,7,bzip27,bZIP
Zm00001eb074930,7,ereb198,ERF
Zm00001eb116410,7,bhlh73,bHLH
Zm00001eb122470,7,gl13,non_TF
Zm00001eb128760,7,myb43,MYB
Zm00001eb139160,7,gata31,GATA
Zm00001eb146420,7,rz538b,C2H2
Zm00001eb152350,7,tcptf30,TCP
Zm00001eb170530,7,bhlh130,bHLH
Zm00001eb184870,7,toc1,Pseudo_ARR-B
Zm00001eb187720,7,bhlh13,bHLH
Zm00001eb194220,7,ereb17,ERF
Zm00001eb194770,7,e2f13,E2F/DP
Zm00001eb218120,7,lbd26,LBD
Zm00001eb218610,7,ca2p10,NF-YA
Zm00001eb227830,7,dbb5,DBB
Zm00001eb245040,7,myb126,MYB
Zm00001eb248560,7,myb26,MYB
Zm00001eb249290,7,ereb195,ERF
Zm00001eb255160,7,ereb18,ERF
Zm00001eb255490,7,bhlh161,bHLH
Zm00001eb278470,7,bhlh5,bHLH
Zm00001eb291730,7,ereb196,ERF
Zm00001eb303620,7,nactf4,NAC
Zm00001eb309600,7,hb55,HB-other
Zm00001eb311180,7,ereb109,ERF
Zm00001eb312160,7,myb159,MYB
Zm00001eb312600,7,myb162,MYB
Zm00001eb314500,7,hb11,HD-ZIP
Zm00001eb316310,7,wrky52,WRKY
Zm00001eb320340,7,mterf25,mTERF
Zm00001eb330680,7,bzip58,bZIP
Zm00001eb349860,7,mterf27,mTERF
Zm00001eb353470,7,gata32,GATA
Zm00001eb363140,7,gras2,GRAS
Zm00001eb363810,7,arftf25,ARF
Zm00001eb373390,7,gbptf4,GeBP
Zm00001eb378820,7,si606013h03,GRF
Zm00001eb403750,7,mads1,M-type_MADS
Zm00001eb416530,7,mybr26,MYB_related
Zm00001eb419910,7,pco088744,C3H
Zm00001eb428940,7,nkd2,C2H2
Zm00001eb002310,8,glk48,G2-like
Zm00001eb006180,8,ereb180,ERF
Zm00001eb009550,8,hb45,HD-ZIP
Zm00001eb019090,8,umc2227,bHLH
Zm00001eb023160,8,mybr43,MYB_related
Zm00001eb025220,8,wrky60,WRKY
Zm00001eb025650,8,hb121,HD-ZIP
Zm00001eb031210,8,bzip111,bZIP
Zm00001eb032370,8,gata9,GATA
Zm00001eb032670,8,bhlh115,bHLH
Zm00001eb033910,8,ca5p13,NF-YC
Zm00001eb041610,8,bhlh42,bHLH
Zm00001eb045640,8,arftf2,ARF
Zm00001eb048440,8,hb49,HD-ZIP
Zm00001eb051900,8,hb33,HB-other
Zm00001eb055830,8,bhlh137,bHLH
Zm00001eb056760,8,bhlh103,bHLH
Zm00001eb058370,8,TIDP3413,C2H2
Zm00001eb061300,8,bhlh17,bHLH
Zm00001eb066260,8,myb133,MYB
Zm00001eb067160,8,c3h16,C3H
Zm00001eb075250,8,thx12,Trihelix
Zm00001eb078490,8,col11,CO-like
Zm00001eb085420,8,camta1,CAMTA
Zm00001eb092090,8,bzip23,bZIP
Zm00001eb101040,8,bhlh169,bHLH
Zm00001eb101190,8,bhlh33,bHLH
Zm00001eb101980,8,umc2380,AT_hook
Zm00001eb107920,8,wrky116,WRKY
Zm00001eb113220,8,bhlh96,bHLH
Zm00001eb118010,8,glk27,G2-like
Zm00001eb123060,8,ra2,LBD
Zm00001eb124630,8,myb81,MYB
Zm00001eb124790,8,mads54,M-type_MADS
Zm00001eb128000,8,nactf66,NAC
Zm00001eb130510,8,ereb193,ERF
Zm00001eb135400,8,wrky110,WRKY
Zm00001eb136350,8,gras50,GRAS
Zm00001eb136360,8,mterf10,mTERF
Zm00001eb139970,8,ereb141,ERF
Zm00001eb142540,8,arftf10,ARF
Zm00001eb145040,8,mads53,M-type_MADS
Zm00001eb148850,8,ca3p1,NF-YB
Zm00001eb163680,8,zhd9,ZF-HD
Zm00001eb169130,8,bzip119,bZIP
Zm00001eb172020,8,cadtfr5,NF-YB
Zm00001eb172100,8,mybr83,MYB_related
Zm00001eb175150,8,tga1,SBP
Zm00001eb180800,8,thx34,Trihelix
Zm00001eb181510,8,e2f16,E2F/DP
Zm00001eb186480,8,ereb5,ERF
Zm00001eb188380,8,bhlh11,bHLH
Zm00001eb197620,8,ca5p9,NF-YC
Zm00001eb198030,8,c2,non_TF
Zm00001eb201290,8,nactf125,NAC
Zm00001eb211700,8,dof33,Dof
Zm00001eb212930,8,bhlh159,bHLH
Zm00001eb215190,8,wrky113,WRKY
Zm00001eb215910,8,chb101a,MYB_related
Zm00001eb219100,8,lbd27,LBD
Zm00001eb221620,8,arftf17,ARF
Zm00001eb228320,8,bhlh127,bHLH
Zm00001eb246440,8,mterf17,mTERF
Zm00001eb248800,8,dbb7,DBB
Zm00001eb249730,8,IDP7496,MYB_related
Zm00001eb250540,8,ereb10,ERF
Zm00001eb253280,8,dof42,Dof
Zm00001eb270270,8,hb60,HD-ZIP
Zm00001eb286490,8,wrky83,WRKY
Zm00001eb289490,8,bhlh118,bHLH
Zm00001eb292980,8,lbd33,LBD
Zm00001eb294030,8,hdt103,C2H2
Zm00001eb300940,8,cchh7,non_TF
Zm00001eb307550,8,ereb177,ERF
Zm00001eb315850,8,bzip74,bZIP
Zm00001eb317060,8,nactf79,NAC
Zm00001eb320200,8,grftf3,GRF
Zm00001eb320820,8,nactf18,NAC
Zm00001eb321620,8,mterf26,mTERF
Zm00001eb326210,8,gras11,GRAS
Zm00001eb332400,8,pif3,bHLH
Zm00001eb343660,8,hb29,HB-other
Zm00001eb353990,8,cchh1,C2H2
Zm00001eb356490,8,hdt102,C2H2
Zm00001eb357490,8,smh1,MYB_related
Zm00001eb362090,8,gata17,GATA
Zm00001eb365420,8,arr7,ARR-B
Zm00001eb370720,8,bzip20,bZIP
Zm00001eb373970,8,arftf27,ARF
Zm00001eb376730,8,dbb11,DBB
Zm00001eb381600,8,c3h5,C3H
Zm00001eb384950,8,mads71,M-type_MADS
Zm00001eb388050,8,bzip60,bZIP
Zm00001eb391190,8,dbf2,ERF
Zm00001eb397720,8,gras1,GRAS
Zm00001eb402220,8,hb22,HD-ZIP
Zm00001eb403500,8,glk30,G2-like
Zm00001eb411700,8,bzip37,bZIP
Zm00001eb415730,8,nactf61,NAC
Zm00001eb423100,8,npi264,ERF
Zm00001eb427470,8,yab14,YABBY
Zm00001eb000880,9,thx18,Trihelix
Zm00001eb002660,9,nactf53,NAC
Zm00001eb006160,9,ereb179,ERF
Zm00001eb010050,9,cchh25,C2H2
Zm00001eb012280,9,gras67,GRAS
Zm00001eb012440,9,dof30,Dof
Zm00001eb015440,9,eil3,EIL
Zm00001eb015570,9,nactf11,NAC
Zm00001eb022070,9,abi34,B3
Zm00001eb023330,9,gata16,GATA
Zm00001eb028160,9,bzip45,bZIP
Zm00001eb031310,9,cpp5,CPP
Zm00001eb035050,9,mybr103,MYB_related
Zm00001eb042400,9,hb112,HD-ZIP
Zm00001eb056630,9,gata34,GATA
Zm00001eb060980,9,myb80,MYB
Zm00001eb061430,9,hb65,HB-other
Zm00001eb062640,9,dof27,Dof
Zm00001eb062820,9,mterf5,mTERF
Zm00001eb071590,9,wrky50,WRKY
Zm00001eb073130,9,gras52,GRAS
Zm00001eb080690,9,myb49,MYB
Zm00001eb080700,9,nactf32,NAC
Zm00001eb089580,9,c3h10,C3H
Zm00001eb098330,9,wrky38,WRKY
Zm00001eb099550,9,zhd20,ZF-HD
Zm00001eb101280,9,hb54,HD-ZIP
Zm00001eb101360,9,bhlh151,bHLH
Zm00001eb102580,9,bhlh23,bHLH
Zm00001eb103330,9,hb126,HD-ZIP
Zm00001eb104260,9,nlp17,Nin-like
Zm00001eb105640,9,sbp13,SBP
Zm00001eb106630,9,ms32,bHLH
Zm00001eb107170,9,c3h15,C3H
Zm00001eb107280,9,mterf8,mTERF
Zm00001eb107800,9,hb107,HD-ZIP
Zm00001eb113710,9,ca5p8,NF-YC
Zm00001eb117830,9,ereb41,AP2
Zm00001eb120750,9,bzr2,BES1
Zm00001eb121110,9,mybr22,MYB_related
Zm00001eb121380,9,nactf16,NAC
Zm00001eb122500,9,d1,non_TF
Zm00001eb127840,9,c3h12,C3H
Zm00001eb128310,9,dof6,Dof
Zm00001eb128930,9,dof8,Dof
Zm00001eb129490,9,myb128,MYB_related
Zm00001eb131420,9,gata27,GATA
Zm00001eb135200,9,glk42,G2-like
Zm00001eb136750,9,gl6,non_TF
Zm00001eb136980,9,bzip48,bZIP
Zm00001eb141310,9,gras4,GRAS
Zm00001eb142960,9,tcptf8,TCP
Zm00001eb143430,9,c3h13,C3H
Zm00001eb143990,9,mterf11,mTERF
Zm00001eb144450,9,bhlh132,bHLH
Zm00001eb145340,9,nactf95,NAC
Zm00001eb147710,9,myb34,MYB
Zm00001eb148820,9,pco075454,C3H
Zm00001eb152810,9,bzip53,bZIP
Zm00001eb153520,9,voz4,VOZ
Zm00001eb157080,9,thx17,Trihelix
Zm00001eb157950,9,ereb208,ERF
Zm00001eb159390,9,hsftf23,HSF
Zm00001eb160100,9,c3h2,C3H
Zm00001eb160120,9,umc2152,C2H2
Zm00001eb169140,9,pco137632,NAC
Zm00001eb171050,9,ereb209,ERF
Zm00001eb179000,9,hb7,HD-ZIP
Zm00001eb179290,9,kan3,G2-like
Zm00001eb181970,9,yy1,C2H2
Zm00001eb185560,9,tcptf25,TCP
Zm00001eb185920,9,myb166,MYB
Zm00001eb186200,9,thx16,Trihelix
Zm00001eb188410,9,zhd17,ZF-HD
Zm00001eb190120,9,gl4,non_TF
Zm00001eb191020,9,nactf26,NAC
Zm00001eb193550,9,ereb13,ERF
Zm00001eb195850,9,gl3,MYB
Zm00001eb197370,9,abi40,B3
Zm00001eb202140,9,hb6,TALE
Zm00001eb202410,9,thx38,Trihelix
Zm00001eb203350,9,gbptf14,GeBP
Zm00001eb204110,9,bhlh24,bHLH
Zm00001eb207450,9,arftf16,ARF
Zm00001eb208830,9,bzip71,bZIP
Zm00001eb209880,9,thx21,Trihelix
Zm00001eb212120,9,nactf6,NAC
Zm00001eb215740,9,bhlh18,bHLH
Zm00001eb215870,9,gras55,GRAS
Zm00001eb216410,9,col8,CO-like
Zm00001eb217350,9,hb37,TALE
Zm00001eb217440,9,cl53605_1,GRF
Zm00001eb219490,9,qm1,MYB_related
Zm00001eb220250,9,thx19,Trihelix
Zm00001eb223300,9,hb98,HD-ZIP
Zm00001eb224800,9,nactf113,NAC
Zm00001eb225570,9,arftf19,ARF
Zm00001eb229400,9,thx22,Trihelix
Zm00001eb233310,9,glk53,G2-like
Zm00001eb233790,9,col18,CO-like
Zm00001eb234620,9,thx13,Trihelix
Zm00001eb235510,9,bzip61,bZIP
Zm00001eb248680,9,nactf10,NAC
Zm00001eb248900,9,thx20,Trihelix
Zm00001eb249440,9,ereb30,ERF
Zm00001eb249450,9,ereb66,ERF
Zm00001eb250580,9,c3h34,C3H
Zm00001eb252100,9,bhlh29,bHLH
Zm00001eb254600,9,tcptf26,TCP
Zm00001eb254990,9,mterf19,mTERF
Zm00001eb255860,9,ereb139,ERF
Zm00001eb256070,9,ereb136,ERF
Zm00001eb256290,9,gbptf17,GeBP
Zm00001eb258290,9,gata24,GATA
Zm00001eb270470,9,why1,Whirly
Zm00001eb271500,9,znfn1,C2H2
Zm00001eb273020,9,zim20,GATA
Zm00001eb274210,9,mybr77,MYB_related
Zm00001eb279120,9,bzip125,bZIP
Zm00001eb279580,9,tcptf10,TCP
Zm00001eb280600,9,col10,CO-like
Zm00001eb282210,9,bhlh123,bHLH
Zm00001eb284250,9,c3h39,C3H
Zm00001eb286420,9,mads58,M-type_MADS
Zm00001eb287710,9,mterf22,mTERF
Zm00001eb288730,9,mybr3,MYB
Zm00001eb294180,9,wrky82,WRKY
Zm00001eb295810,9,nactf87,NAC
Zm00001eb298580,9,wrky85,WRKY
Zm00001eb301520,9,bhlh39,bHLH
Zm00001eb313350,9,ereb143,AP2
Zm00001eb315750,9,hb120,HD-ZIP
Zm00001eb315870,9,bhlh86,bHLH
Zm00001eb316580,9,mmp46,C2H2
Zm00001eb324600,9,gras54,GRAS
Zm00001eb336500,9,myb76,MYB
Zm00001eb337410,9,mybr24,MYB_related
Zm00001eb348760,9,myb25,MYB
Zm00001eb349120,9,nactf88,NAC
Zm00001eb349900,9,mterf4,mTERF
Zm00001eb354510,9,myb30,MYB
Zm00001eb354920,9,c3h7,C3H
Zm00001eb358700,9,hsftf25,HSF
Zm00001eb359500,9,ereb80,ERF
Zm00001eb360750,9,abi33,RAV
Zm00001eb365080,9,hdt104,C2H2
Zm00001eb368640,9,wrky115,WRKY
Zm00001eb368850,9,wrky90,WRKY
Zm00001eb370850,9,voz5,VOZ
Zm00001eb372490,9,tcptf9,TCP
Zm00001eb374110,9,ereb160,ERF
Zm00001eb374830,9,ereb207,ERF
Zm00001eb376740,9,prf5,DBB
Zm00001eb377500,9,hb4,HD-ZIP
Zm00001eb379950,9,col4,CO-like
Zm00001eb385190,9,gata29,GATA
Zm00001eb389660,9,bzip17,bZIP
Zm00001eb391280,9,gata28,GATA
Zm00001eb393690,9,abi38,B3
Zm00001eb394180,9,gbptf9,GeBP
Zm00001eb395380,9,nactf29,NAC
Zm00001eb395560,9,wrky65,WRKY
Zm00001eb397240,9,prrtf1,Pseudo_ARR-B
Zm00001eb398110,9,ereb173,ERF
Zm00001eb407120,9,e2f11,E2F/DP
Zm00001eb413920,9,wrky33,WRKY
Zm00001eb413930,9,ereb54,ERF
Zm00001eb417490,9,wrky126,WRKY
Zm00001eb417610,9,bhlh117,bHLH
Zm00001eb417620,9,myb149,MYB_related
Zm00001eb429330,9,r1,bHLH
Zm00001eb431760,9,bzip113,bZIP
Zm00001eb432450,9,farl15,FAR1
Zm00001eb432460,9,ereb190,ERF
Zm00001eb433050,9,c3h52,C3H
Zm00001eb433430,9,c3h14,C3H
Zm00001eb000470,10,gras53,GRAS
Zm00001eb001720,10,knox1,TALE
Zm00001eb001990,10,nactf33,NAC
Zm00001eb002010,10,bzip114,bZIP
Zm00001eb002490,10,nlp7,Nin-like
Zm00001eb009140,10,crr8,ARR-B
Zm00001eb011300,10,pza03344,AP2
Zm00001eb011550,10,ereb4,ERF
Zm00001eb011560,10,gras61,GRAS
Zm00001eb015490,10,glk26,G2-like
Zm00001eb017630,10,mterf1,mTERF
Zm00001eb018020,10,gbptf18,GeBP
Zm00001eb020740,10,lbd6,LBD
Zm00001eb023620,10,hb78,HD-ZIP
Zm00001eb024330,10,myc7,bHLH
Zm00001eb027860,10,hb127,HD-ZIP
Zm00001eb028430,10,obf1,bZIP
Zm00001eb031300,10,cpp2,CPP
Zm00001eb031700,10,arftf34,ARF
Zm00001eb033570,10,thx8,Trihelix
Zm00001eb034940,10,bhlh112,bHLH
Zm00001eb035740,10,mterf2,mTERF
Zm00001eb037290,10,bzip62,bZIP
Zm00001eb038070,10,ereb172,ERF
Zm00001eb039810,10,iddp1,C2H2
Zm00001eb040700,10,arid9,ARID
Zm00001eb041540,10,myb125,MYB
Zm00001eb044660,10,dof13,Dof
Zm00001eb045780,10,myb121,MYB
Zm00001eb050760,10,IDP7202,LSD
Zm00001eb051120,10,wrky102,WRKY
Zm00001eb051350,10,abi24,B3
Zm00001eb053830,10,ca2p16,NF-YA
Zm00001eb054480,10,d8,GRAS
Zm00001eb056050,10,grftf1,GRF
Zm00001eb056620,10,gata34,GATA
Zm00001eb062130,10,bhlh48,bHLH
Zm00001eb064860,10,hsftf5,HSF
Zm00001eb065440,10,mybr95,MYB_related
Zm00001eb066640,10,arftf3,ARF
Zm00001eb067800,10,ereb45,ERF
Zm00001eb068530,10,ereb47,ERF
Zm00001eb069700,10,umc1961,bHLH
Zm00001eb071110,10,gl2,non_TF
Zm00001eb073560,10,ereb68,ERF
Zm00001eb074460,10,gras31,GRAS
Zm00001eb074830,10,hb53,HD-ZIP
Zm00001eb078590,10,nlp3,Nin-like
Zm00001eb080570,10,grf1,non_TF
Zm00001eb084180,10,s1fa1,S1Fa-like
Zm00001eb084940,10,ba2,non_TF
Zm00001eb086370,10,bhlh144,bHLH
Zm00001eb087050,10,gl14,non_TF
Zm00001eb098960,10,hb34,HD-ZIP
Zm00001eb100750,10,bzip123,bZIP
Zm00001eb101410,10,bhlh157,bHLH
Zm00001eb101880,10,bhlh6,bHLH
Zm00001eb103370,10,bbx6,DBB
Zm00001eb103490,10,prrh1,Pseudo_ARR-B
Zm00001eb103730,10,myb31,MYB
Zm00001eb104640,10,thx46,Trihelix
Zm00001eb104750,10,AY109722,C2H2
Zm00001eb105770,10,dof34,Dof
Zm00001eb107900,10,mterf9,mTERF
Zm00001eb107910,10,gras75,GRAS
Zm00001eb108460,10,AC233952.1_FG008,C2H2
Zm00001eb109820,10,myb7,MYB
Zm00001eb110370,10,bzip91,bZIP
Zm00001eb118900,10,g2,G2-like
Zm00001eb120740,10,dbb3,DBB
Zm00001eb122550,10,glk14,G2-like
Zm00001eb129520,10,bhlh68,bHLH
Zm00001eb129860,10,sbp24,SBP
Zm00001eb130740,10,thx41,Trihelix
Zm00001eb134600,10,mbd105,MBD
Zm00001eb135910,10,nactf108,NAC
Zm00001eb136460,10,dof46,Dof
Zm00001eb142500,10,bhlh175,bHLH
Zm00001eb143520,10,bhlh32,bHLH
Zm00001eb145580,10,nactf109,NAC
Zm00001eb146230,10,myb32,MYB
Zm00001eb146690,10,bzip95,bZIP
Zm00001eb148190,10,glk54,G2-like
Zm00001eb148290,10,gras23,GRAS
Zm00001eb149360,10,lbd20,LBD
Zm00001eb149820,10,ppr191,NAC
Zm00001eb150140,10,myb138,MYB
Zm00001eb150360,10,obf3,bZIP
Zm00001eb152420,10,cpp11,CPP
Zm00001eb153100,10,hox3,HB-PHD
Zm00001eb153470,10,ereb134,ERF
Zm00001eb155280,10,smh4,MYB_related
Zm00001eb155410,10,bhlh57,bHLH
Zm00001eb157260,10,nactf82,NAC
Zm00001eb157450,10,hmg4,HMG_box
Zm00001eb158520,10,gras46,GRAS
Zm00001eb158610,10,c3h21,C3H
Zm00001eb163520,10,gfa1,FAR1
Zm00001eb165340,10,gras82,GRAS
Zm00001eb168040,10,ereb106,ERF
Zm00001eb168720,10,Zm00001d049079,MYB
Zm00001eb171140,10,mbd122,MBD
Zm00001eb172290,10,TIDP2780,LSD
Zm00001eb175840,10,nactf12,NAC
Zm00001eb176680,10,bzip68,bZIP
Zm00001eb178160,10,wrky94,WRKY
Zm00001eb178450,10,mterf33,mTERF
Zm00001eb181960,10,mybr38,MYB_related
Zm00001eb182650,10,hb56,HD-ZIP
Zm00001eb186490,10,ereb176,ERF
Zm00001eb187250,10,mecs1,MYB_related
Zm00001eb187260,10,mybr64,MYB_related
Zm00001eb187310,10,gras76,GRAS
Zm00001eb187450,10,mybr58,MYB_related
Zm00001eb188100,10,wrky11,WRKY
Zm00001eb189510,10,dof9,Dof
Zm00001eb189900,10,hb115,HD-ZIP
Zm00001eb190160,10,myb142,MYB
Zm00001eb192920,10,mterf14,mTERF
Zm00001eb193670,10,ereb7,ERF
Zm00001eb195490,10,ereb155,ERF
Zm00001eb195920,10,wri2,AP2
Zm00001eb200970,10,tcptf2,TCP
Zm00001eb203940,10,wrky8,WRKY
Zm00001eb204490,10,bzip120,bZIP
Zm00001eb206080,10,c3h38,C3H
Zm00001eb208150,10,sbp20,SBP
Zm00001eb209070,10,bzip84,bZIP
Zm00001eb209480,10,bhlh128,bHLH
Zm00001eb210530,10,hsftf22,HSF
Zm00001eb213430,10,tcptf44,TCP
Zm00001eb214190,10,glk8,G2-like
Zm00001eb216610,10,d9,GRAS
Zm00001eb216950,10,ca2p1,NF-YA
Zm00001eb218500,10,yab6,YABBY
Zm00001eb224680,10,arftf18,ARF
Zm00001eb226740,10,zim36,GATA
Zm00001eb227200,10,glk10,G2-like
Zm00001eb228620,10,hmg1,HMG_box
Zm00001eb233420,10,bzip104,bZIP
Zm00001eb234120,10,wrky48,WRKY
Zm00001eb234270,10,knox6,TALE
Zm00001eb237820,10,wrky2,WRKY
Zm00001eb238140,10,bhlh139,bHLH
Zm00001eb238570,10,bzip89,bZIP
Zm00001eb240100,10,gata15,GATA
Zm00001eb244400,10,thx24,Trihelix
Zm00001eb246270,10,gl8,non_TF
Zm00001eb248270,10,tcptf16,TCP
Zm00001eb249840,10,gras10,GRAS
Zm00001eb250240,10,iddp10,C2H2
Zm00001eb250560,10,ereb16,ERF
Zm00001eb251200,10,bhlh53,bHLH
Zm00001eb252220,10,dof29,Dof
Zm00001eb253350,10,bhlh156,bHLH
Zm00001eb255520,10,mterf21,mTERF
Zm00001eb255970,10,bzip4,bZIP
Zm00001eb258400,10,nactf104,NAC
Zm00001eb259650,10,bzip38,bZIP
Zm00001eb266370,10,myb21,MYB
Zm00001eb283990,10,Zm00001eb283990,non_TF
Zm00001eb285760,10,ereb69,ERF
Zm00001eb289080,10,bzip101,bZIP
Zm00001eb289480,10,hb76,TALE
Zm00001eb292380,10,cpp4,CPP
Zm00001eb292790,10,dof10,Dof
Zm00001eb293740,10,gata25,GATA
Zm00001eb295800,10,hb3,HB-other
Zm00001eb295830,10,arftf24,ARF
Zm00001eb299540,10,mterf23,mTERF
Zm00001eb301170,10,cpp1,CPP
Zm00001eb310260,10,wrky37,WRKY
Zm00001eb310270,10,wrky79,WRKY
Zm00001eb312870,10,wrky53,WRKY
Zm00001eb313510,10,gl1,non_TF
Zm00001eb314630,10,gbptf7,GeBP
Zm00001eb316260,10,ca5p16,NF-YC
Zm00001eb316730,10,eil4,EIL
Zm00001eb317460,10,bhlh136,bHLH
Zm00001eb319090,10,ocl3,HD-ZIP
Zm00001eb320470,10,thx48,Trihelix
Zm00001eb320600,10,idd7,C2H2
Zm00001eb322390,10,dof14,Dof
Zm00001eb324750,10,znf10,C2H2
Zm00001eb327140,10,ca3p4,NF-YB
Zm00001eb328650,10,gbptf12,GeBP
Zm00001eb330830,10,c3h20,C3H
Zm00001eb332030,10,myb11,MYB
Zm00001eb332640,10,mybr107,MYB_related
Zm00001eb335200,10,ereb118,ERF
Zm00001eb335900,10,gl26,non_TF
Zm00001eb338940,10,ereb96,ERF
Zm00001eb346880,10,wrky34,WRKY
Zm00001eb349010,10,nactf38,NAC
Zm00001eb349450,10,glk3,G2-like
Zm00001eb349820,10,mbd101,MBD
Zm00001eb350280,10,wrky92,WRKY
Zm00001eb353030,10,tcptf7,TCP
Zm00001eb353230,10,lbd38,LBD
Zm00001eb356430,10,wrky68,WRKY
Zm00001eb357780,10,mybr35,MYB_related
Zm00001eb359740,10,wrky42,WRKY
Zm00001eb360120,10,thx14,Trihelix
Zm00001eb366540,10,myb163,MYB
Zm00001eb366900,10,bzip75,bZIP
Zm00001eb367300,10,myb79,MYB
Zm00001eb368970,10,wox13b,WOX
Zm00001eb369730,10,mrpi1,C2H2
Zm00001eb370470,10,cpp7,CPP
Zm00001eb370600,10,dof45,Dof
Zm00001eb371070,10,gata13,GATA
Zm00001eb372660,10,ereb31,ERF
Zm00001eb375580,10,ereb122,ERF
Zm00001eb377480,10,hb77,HD-ZIP
Zm00001eb379300,10,mybr69,MYB_related
Zm00001eb379460,10,nactf46,NAC
Zm00001eb383050,10,bhlh34,bHLH
Zm00001eb384240,10,hb21,TALE
Zm00001eb384320,10,nactf98,NAC
Zm00001eb384760,10,hsftf28,HSF
Zm00001eb384820,10,bzr1,BES1
Zm00001eb385610,10,bzip80,bZIP
Zm00001eb386830,10,knox2,TALE
Zm00001eb387370,10,myb112,MYB
Zm00001eb389540,10,col13,CO-like
Zm00001eb390330,10,bhlh91,bHLH
Zm00001eb391130,10,mybst1,MYB_related
Zm00001eb392440,10,AY110782,CAMTA
Zm00001eb392530,10,TIDP2890,bHLH
Zm00001eb395640,10,bzip105,bZIP
Zm00001eb399180,10,cchh2,C2H2
Zm00001eb399830,10,arr1,ARR-B
Zm00001eb407990,10,cchh35,C2H2
Zm00001eb408520,10,wrky15,WRKY
Zm00001eb409460,10,mads34,MIKC_MADS
Zm00001eb415010,10,ereb163,AP2
Zm00001eb416370,10,mybr84,MYB_related
Zm00001eb417000,10,c3h24,C3H
Zm00001eb421100,10,abi21,B3
Zm00001eb424710,10,wrky59,WRKY
Zm00001eb427020,10,tcptf14,TCP
Zm00001eb427600,10,dbb12,DBB
Zm00001eb428830,10,dof23,Dof
Zm00001eb431080,10,bhlh7,bHLH
Zm00001eb432100,10,ereb212,AP2
Zm00001eb432140,10,wox4,WOX
Zm00001eb000690,11,rld2,HD-ZIP
Zm00001eb002830,11,bhlh35,bHLH
Zm00001eb010280,11,mybr59,MYB_related
Zm00001eb010770,11,ca5p11,NF-YC
Zm00001eb011070,11,farl1,FAR1
Zm00001eb015120,11,myb75,MYB
Zm00001eb015750,11,glk17,G2-like
Zm00001eb016100,11,bzip98,bZIP
Zm00001eb020850,11,gras58,GRAS
Zm00001eb023210,11,ereb44,ERF
Zm00001eb027720,11,gras21,GRAS
Zm00001eb029220,11,dof11,Dof
Zm00001eb032060,11,mbd106,MBD
Zm00001eb037440,11,bhlh145,bHLH
Zm00001eb037480,11,tcptf21,TCP
Zm00001eb038010,11,bzip49,bZIP
Zm00001eb048370,11,dof40,Dof
Zm00001eb050220,11,mbd115,MBD
Zm00001eb050660,11,hb124,HD-ZIP
Zm00001eb050790,11,bhlh43,bHLH
Zm00001eb059920,11,tcptf5,TCP
Zm00001eb061930,11,bzip29,bZIP
Zm00001eb063390,11,sbp17,SBP
Zm00001eb063940,11,mterf6,mTERF
Zm00001eb064730,11,ca5p4,NF-YC
Zm00001eb067740,11,lg1,SBP
Zm00001eb071780,11,thx23,Trihelix
Zm00001eb073830,11,nkd1,C2H2
Zm00001eb074320,11,b1,bHLH
Zm00001eb075170,11,wrky101,WRKY
Zm00001eb075300,11,dbb2,DBB
Zm00001eb081720,11,thx15,Trihelix
Zm00001eb082700,11,gras25,GRAS
Zm00001eb084300,11,thx26,Trihelix
Zm00001eb095110,11,nactf5,NAC
Zm00001eb095290,11,bzip86,bZIP
Zm00001eb099470,11,bhlh88,bHLH
Zm00001eb099980,11,ereb202,ERF
Zm00001eb102540,11,nactf35,NAC
Zm00001eb102780,11,bzip65,bZIP
Zm00001eb117090,11,mads62,M-type_MADS
Zm00001eb117560,11,tcptf43,TCP
Zm00001eb122740,11,bzip6,bZIP
Zm00001eb134520,11,yab12,YABBY
Zm00001eb136130,11,arftf9,ARF
Zm00001eb136720,11,myb6,MYB
Zm00001eb146650,11,ereb174,ERF
Zm00001eb149810,11,nactf70,NAC
Zm00001eb150010,11,bzip102,bZIP
Zm00001eb152630,11,dof37,Dof
Zm00001eb153330,11,wrky103,WRKY
Zm00001eb154070,11,hsftf31,HSF
Zm00001eb156040,11,ereb126,RAV
Zm00001eb161460,11,mybr17,MYB_related
Zm00001eb168870,11,abi36,B3
Zm00001eb170920,11,col17,CO-like
Zm00001eb174220,11,bhlh85,bHLH
Zm00001eb178500,11,cadtfr3,NF-YB
Zm00001eb182260,11,arftf14,ARF
Zm00001eb183160,11,mterf13,mTERF
Zm00001eb183200,11,mads39,MIKC_MADS
Zm00001eb184110,11,dbb4,DBB
Zm00001eb185160,11,myb39,MYB
Zm00001eb185290,11,arftf15,ARF
Zm00001eb188460,11,dof43,Dof
Zm00001eb189080,11,col9,CO-like
Zm00001eb190840,11,TIDP7116,AT_hook
Zm00001eb193330,11,hb83,HB-other
Zm00001eb193920,11,bhlh36,bHLH
Zm00001eb198470,11,bzip43,bZIP
Zm00001eb200840,11,IDP8537,C2H2
Zm00001eb202260,11,bzip110,bZIP
Zm00001eb206360,11,ereb8,ERF
Zm00001eb207650,11,c3h1,C3H
Zm00001eb208910,11,bzr5,BES1
Zm00001eb216910,11,c3h27,C3H
Zm00001eb218710,11,smh6,MYB_related
Zm00001eb231360,11,bzip160,bZIP
Zm00001eb237340,11,cpp9,CPP
Zm00001eb240740,11,arid6,HMG_box
Zm00001eb243730,11,nactf133,NAC
Zm00001eb246520,11,bhlh176,bHLH
Zm00001eb247330,11,toc2,Pseudo_ARR-B
Zm00001eb250190,11,Zm00001eb250190,non_TF
Zm00001eb250390,11,dof22,Dof
Zm00001eb250760,11,abi16,B3
Zm00001eb256420,11,hb71,HB-other
Zm00001eb256690,11,mybr67,MYB_related
Zm00001eb259370,11,tcptf4,TCP
Zm00001eb261760,11,AY110100,LSD
Zm00001eb265240,11,mybr63,MYB_related
Zm00001eb266360,11,myb62,MYB
Zm00001eb266750,11,dof3,Dof
Zm00001eb268180,11,ereb72,ERF
Zm00001eb268690,11,hb38,TALE
Zm00001eb273540,11,arftf21,ARF
Zm00001eb273570,11,myb115,MYB
Zm00001eb273840,11,arftf22,ARF
Zm00001eb275490,11,myb158,MYB
Zm00001eb279090,11,ereb27,ERF
Zm00001eb281290,11,si606058e04,AT_hook
Zm00001eb288360,11,nactf20,NAC
Zm00001eb289320,11,myb85,MYB
Zm00001eb289860,11,nfy2,NF-YB
Zm00001eb291140,11,glk43,G2-like
Zm00001eb292690,11,tcptf23,TCP
Zm00001eb293840,11,hb47,HB-PHD
Zm00001eb294830,11,ereb162,RAV
Zm00001eb296340,11,gbf1,bZIP
Zm00001eb296640,11,c3h3,C3H
Zm00001eb296830,11,zhd6,ZF-HD
Zm00001eb309590,11,ereb94,ERF
Zm00001eb317770,11,zmm7,MIKC_MADS
Zm00001eb319590,11,GRMZM2G179024,Pseudo_ARR-B
Zm00001eb320870,11,hmg13,HMG_box
Zm00001eb320950,11,nlp13,Nin-like
Zm00001eb328900,11,hsftf27,HSF
Zm00001eb330490,11,ereb200,ERF
Zm00001eb330910,11,nactf2,NAC
Zm00001eb333460,11,c3h28,C3H
Zm00001eb333470,11,c3h23,C3H
Zm00001eb337530,11,nactf47,NAC
Zm00001eb337810,11,nfd110,HMG_box
Zm00001eb342580,11,myb91,MYB_related
Zm00001eb344600,11,zhd11,ZF-HD
Zm00001eb349060,11,zmm29,M-type_MADS
Zm00001eb355710,11,dof5,Dof
Zm00001eb361200,11,smh3,MYB_related
Zm00001eb362240,11,glk56,G2-like
Zm00001eb364730,11,c3h49,C3H
Zm00001eb364850,11,bhlh55,bHLH
Zm00001eb365340,11,jmj11,C2H2
Zm00001eb366690,11,bzip44,bZIP
Zm00001eb367660,11,myb36,MYB
Zm00001eb371980,11,glk1,G2-like
Zm00001eb372360,11,nlp14,Nin-like
Zm00001eb372610,11,mads60,M-type_MADS
Zm00001eb374760,11,arr2,ARR-B
Zm00001eb379340,11,gras32,GRAS
Zm00001eb386770,11,bzip93,bZIP
Zm00001eb387280,11,gl15,AP2
Zm00001eb388180,11,c3h18,C3H
Zm00001eb393300,11,wrky61,WRKY
Zm00001eb395300,11,c3h6,C3H
Zm00001eb395580,11,myb29,MYB
Zm00001eb398190,11,bhlh143,bHLH
Zm00001eb403060,11,Zm00001eb403060,non_TF
Zm00001eb406610,11,glk4,G2-like
Zm00001eb406660,11,glk5,G2-like
Zm00001eb410950,11,myb109,MYB_related
Zm00001eb415660,11,c3h31,C3H
Zm00001eb416800,11,bhlh162,bHLH
Zm00001eb424290,11,grf2,non_TF
Zm00001eb428070,11,mybr111,MYB_related
Zm00001eb429830,11,myb68,MYB
Zm00001eb433460,11,arftf30,ARF
Zm00001eb433840,11,dof41,Dof
Zm00001eb001460,12,nactf78,NAC
Zm00001eb001630,12,bhlh140,bHLH
Zm00001eb003470,12,myb120,MYB
Zm00001eb006680,12,bhlh160,bHLH
Zm00001eb006700,12,hb5,HD-ZIP
Zm00001eb009170,12,hsftf14,HSF
Zm00001eb010190,12,bzip115,bZIP
Zm00001eb023780,12,mybr32,MYB_related
Zm00001eb028820,12,myb56,MYB
Zm00001eb030990,12,wrky3,WRKY
Zm00001eb035640,12,arftf1,ARF
Zm00001eb036040,12,bhlh81,bHLH
Zm00001eb037530,12,ereb79,ERF
Zm00001eb040160,12,myb167,MYB_related
Zm00001eb041070,12,ereb60,AP2
Zm00001eb041890,12,kan1,G2-like
Zm00001eb042490,12,cadtfr11,NF-YB
Zm00001eb054670,12,gbptf3,GeBP
Zm00001eb055540,12,myb77,MYB
Zm00001eb056780,12,wrky107,WRKY
Zm00001eb064180,12,farl3,FAR1
Zm00001eb064880,12,wrky10,WRKY
Zm00001eb068520,12,ereb197,AP2
Zm00001eb070890,12,mads9,MIKC_MADS
Zm00001eb073010,12,abi12,B3
Zm00001eb073550,12,ereb105,ERF
Zm00001eb075510,12,nactf131,NAC
Zm00001eb093670,12,gras37,GRAS
Zm00001eb099960,12,arid2,ARID
Zm00001eb101350,12,bzip82,bZIP
Zm00001eb101420,12,dof2,Dof
Zm00001eb101630,12,ca5p12,NF-YC
Zm00001eb108090,12,gras85,GRAS
Zm00001eb108240,12,lbd14,LBD
Zm00001eb111570,12,abi39,B3
Zm00001eb122050,12,ca5p15,NF-YC
Zm00001eb136080,12,ca2p12,NF-YA
Zm00001eb138730,12,bzip129,bZIP
Zm00001eb139480,12,bzip8,bZIP
Zm00001eb143080,12,mads69,M-type_MADS
Zm00001eb151260,12,LOC103651133,MYB_related
Zm00001eb157620,12,gata35,GATA
Zm00001eb174000,12,mads32,MIKC_MADS
Zm00001eb174990,12,bbr3,BBR-BPC
Zm00001eb175500,12,nactf75,NAC
Zm00001eb175540,12,bhlh165,bHLH
Zm00001eb179590,12,bhlh40,bHLH
Zm00001eb181760,12,thx40,Trihelix
Zm00001eb187120,12,dof17,Dof
Zm00001eb192430,12,bhlh12,bHLH
Zm00001eb193180,12,grftf10,GRF
Zm00001eb195650,12,scro1,GRAS
Zm00001eb198700,12,nfd106,HMG_box
Zm00001eb199430,12,ca5p14,NF-YC
Zm00001eb214850,12,mybr106,MYB_related
Zm00001eb215560,12,grftf14,GRF
Zm00001eb222650,12,e2f18,E2F/DP
Zm00001eb231040,12,bzip14,bZIP
Zm00001eb232000,12,glk18,G2-like
Zm00001eb234870,12,ereb138,ERF
Zm00001eb241300,12,hsftf29,HSF
Zm00001eb242480,12,hsftf6,HSF
Zm00001eb245030,12,nactf30,NAC
Zm00001eb248780,12,gata3,GATA
Zm00001eb249470,12,ereb104,ERF
Zm00001eb252160,12,mybr78,MYB_related
Zm00001eb254860,12,ereb187,AP2
Zm00001eb257650,12,AY110182,C3H
Zm00001eb257810,12,lrl3,bHLH
Zm00001eb264930,12,lip15,bZIP
Zm00001eb265410,12,phd12,zf-MIZ
Zm00001eb265630,12,cchh26,C2H2
Zm00001eb270930,12,dbb8,DBB
Zm00001eb271520,12,ereb25,ERF
Zm00001eb273390,12,ereb19,ERF
Zm00001eb278680,12,pl1,MYB
Zm00001eb280090,12,e2f12,E2F/DP
Zm00001eb284010,12,zag1,MIKC_MADS
Zm00001eb288080,12,glk51,G2-like
Zm00001eb288970,12,bzip87,bZIP
Zm00001eb293010,12,hb2,non_TF
Zm00001eb300360,12,yab3,YABBY
Zm00001eb302890,12,ereb82,ERF
Zm00001eb311960,12,mwp1,G2-like
Zm00001eb312120,12,myb66,MYB
Zm00001eb317890,12,nactf63,NAC
Zm00001eb319350,12,hsftf10,HSF
Zm00001eb323880,12,bhlh90,bHLH
Zm00001eb325550,12,bes1,BES1
Zm00001eb326020,12,gras19,GRAS
Zm00001eb328570,12,tcptf38,TCP
Zm00001eb333350,12,nactf97,NAC
Zm00001eb336820,12,bzip122,bZIP
Zm00001eb344160,12,wrky106,WRKY
Zm00001eb348560,12,ereb113,ERF
Zm00001eb359300,12,c3h9,C3H
Zm00001eb363940,12,nactf9,NAC
Zm00001eb364110,12,tcptf20,TCP
Zm00001eb364360,12,sbp18,SBP
Zm00001eb371000,12,hstf2,HSF
Zm00001eb371020,12,hox4,HB-PHD
Zm00001eb389960,12,mybr86,MYB_related
Zm00001eb393510,12,ereb67,ERF
Zm00001eb395100,12,bzip124,bZIP
Zm00001eb399390,12,bhlh9,bHLH
Zm00001eb406520,12,ddt6,non_TF
Zm00001eb407530,12,bzip10,bZIP
Zm00001eb408080,12,tcptf12,TCP
Zm00001eb409800,12,jmj8,C2H2
Zm00001eb412510,12,bzip107,bZIP
Zm00001eb413540,12,nactf110,NAC
Zm00001eb415520,12,bhlh116,bHLH
Zm00001eb423330,12,thx2,Trihelix
Zm00001eb427790,12,thx31,Trihelix
Zm00001eb427970,12,abi2,B3
Zm00001eb430640,12,ereb205,ERF
Zm00001eb430800,12,mbd123,MBD
Zm00001eb434360,12,cchh46,C2H2
Zm00001eb011370,13,bhlh56,bHLH
Zm00001eb024300,13,nactf43,NAC
Zm00001eb035370,13,sbp16,SBP
Zm00001eb042240,13,dbf1,ERF
Zm00001eb051310,13,glk23,G2-like
Zm00001eb053560,13,pap25,E2F/DP
Zm00001eb086280,13,wrky105,WRKY
Zm00001eb113950,13,grftf15,GRF
Zm00001eb126140,13,ocl1,HD-ZIP
Zm00001eb147220,13,lg2,bZIP
Zm00001eb234170,13,glk24,ARR-B
Zm00001eb318060,13,ereb116,ERF
Zm00001eb335680,13,mybr18,MYB_related
Zm00001eb359990,13,hb113,HB-other
Zm00001eb398670,13,lbd42,LBD
Zm00001eb418630,13,gbptf11,GeBP
Zm00001eb119340,14,myb117,MYB
Zm00001eb121610,14,wrky56,WRKY
Zm00001eb215440,14,zim2,GATA
Zm00001eb427580,14,gata6,GATA
Zm00001eb294560,15,myb99,MYB
Zm00001eb309360,15,glk101,G2-like
