"gene","cluster","weight"
"Zm00001eb023820","Bundle_sheath",0.810937893557843
"Zm00001eb294420","Bundle_sheath",0.81037417730594
"Zm00001eb351330","Bundle_sheath",0.804071207955741
"Zm00001eb157400","Bundle_sheath",0.801409141766271
"Zm00001eb327330","Bundle_sheath",0.79391520497609
"Zm00001eb260960","Bundle_sheath",0.792613244920331
"Zm00001eb352030","Bundle_sheath",0.789578841377618
"Zm00001eb148830","Bundle_sheath",0.789271051232262
"Zm00001eb036530","Bundle_sheath",0.787540066607479
"Zm00001eb154510","Bundle_sheath",0.786467326548731
"Zm00001eb352180","Bundle_sheath",0.786395306393806
"Zm00001eb174930","Bundle_sheath",0.786003467923789
"Zm00001eb260880","Bundle_sheath",0.785301427719929
"Zm00001eb282790","Bundle_sheath",0.784869366335773
"Zm00001eb433350","Bundle_sheath",0.783603996925076
"Zm00001eb373790","Bundle_sheath",0.78315148169783
"Zm00001eb070950","Bundle_sheath",0.783083599947838
"Zm00001eb301010","Bundle_sheath",0.782607713153161
"Zm00001eb224520","Bundle_sheath",0.782287478020306
"Zm00001eb402880","Bundle_sheath",0.781488497913827
"Zm00001eb213080","Bundle_sheath",0.780551759536642
"Zm00001eb320980","Bundle_sheath",0.779889197929488
"Zm00001eb003180","Bundle_sheath",0.778126267200432
"Zm00001eb057690","Bundle_sheath",0.777269855560736
"Zm00001eb229690","Bundle_sheath",0.776877600272956
"Zm00001eb106150","Bundle_sheath",0.776307155391448
"Zm00001eb098510","Bundle_sheath",0.775186511062641
"Zm00001eb291240","Bundle_sheath",0.775063281868249
"Zm00001eb393200","Bundle_sheath",0.774237595652233
"Zm00001eb176000","Bundle_sheath",0.774041095849626
"Zm00001eb109030","Bundle_sheath",0.773919623244378
"Zm00001eb034830","Bundle_sheath",0.772953141942526
"Zm00001eb252830","Bundle_sheath",0.772364922760691
"Zm00001eb335620","Bundle_sheath",0.772078181912372
"Zm00001eb369660","Bundle_sheath",0.7707967054724
"Zm00001eb202910","Bundle_sheath",0.770436306970801
"Zm00001eb361700","Bundle_sheath",0.770422343575737
"Zm00001eb086050","Bundle_sheath",0.770261571009967
"Zm00001eb241550","Bundle_sheath",0.770235430581681
"Zm00001eb124750","Bundle_sheath",0.769989537874146
"Zm00001eb219320","Bundle_sheath",0.769843800520546
"Zm00001eb173790","Bundle_sheath",0.769477060434407
"Zm00001eb160340","Bundle_sheath",0.769086323554193
"Zm00001eb212030","Bundle_sheath",0.76900614568019
"Zm00001eb303080","Bundle_sheath",0.767953115147098
"Zm00001eb109610","Bundle_sheath",0.766958439100841
"Zm00001eb226990","Bundle_sheath",0.765811803207234
"Zm00001eb399010","Bundle_sheath",0.765742760322045
"Zm00001eb332790","Bundle_sheath",0.765509848510561
"Zm00001eb258730","Bundle_sheath",0.765171005441854
"Zm00001eb095960","Bundle_sheath",0.764434696863327
"Zm00001eb173220","Bundle_sheath",0.764296670638344
"Zm00001eb268660","Bundle_sheath",0.764108447645605
"Zm00001eb303720","Bundle_sheath",0.763949491214375
"Zm00001eb207840","Bundle_sheath",0.763874106744647
"Zm00001eb289680","Bundle_sheath",0.76236731053102
"Zm00001eb317810","Bundle_sheath",0.762141990757364
"Zm00001eb222240","Bundle_sheath",0.760875698393048
"Zm00001eb138230","Bundle_sheath",0.760737940122342
"Zm00001eb426610","Bundle_sheath",0.759324004951795
"Zm00001eb172130","Bundle_sheath",0.758733880317329
"Zm00001eb144760","Bundle_sheath",0.758003526278276
"Zm00001eb386940","Bundle_sheath",0.757534368113203
"Zm00001eb415950","Bundle_sheath",0.757038712247475
"Zm00001eb199800","Bundle_sheath",0.756954693695512
"Zm00001eb430770","Bundle_sheath",0.756830035411646
"Zm00001eb334050","Bundle_sheath",0.756810296113293
"Zm00001eb116850","Bundle_sheath",0.756744915269881
"Zm00001eb285610","Bundle_sheath",0.756321100922894
"Zm00001eb214990","Bundle_sheath",0.755473382910829
"Zm00001eb191550","Bundle_sheath",0.75515195687008
"Zm00001eb327790","Bundle_sheath",0.754865007612879
"Zm00001eb066650","Bundle_sheath",0.754863727386892
"Zm00001eb310700","Bundle_sheath",0.754771372479667
"Zm00001eb028980","Bundle_sheath",0.754690212106651
"Zm00001eb060550","Bundle_sheath",0.754494843666543
"Zm00001eb430450","Bundle_sheath",0.754238977105391
"Zm00001eb173730","Bundle_sheath",0.753650966332438
"Zm00001eb192860","Bundle_sheath",0.753129080720333
"Zm00001eb109830","Bundle_sheath",0.752462231844758
"Zm00001eb322940","Bundle_sheath",0.7519364162366
"Zm00001eb147170","Bundle_sheath",0.751865854943846
"Zm00001eb365710","Bundle_sheath",0.751095010036376
"Zm00001eb173710","Bundle_sheath",0.75091205681107
"Zm00001eb066820","Bundle_sheath",0.750723268137081
"Zm00001eb143000","Bundle_sheath",0.750464186124613
"Zm00001eb342400","Bundle_sheath",0.750403092549621
"Zm00001eb273640","Bundle_sheath",0.748976920800457
"Zm00001eb188040","Bundle_sheath",0.748690745633387
"Zm00001eb343250","Bundle_sheath",0.748672286561021
"Zm00001eb136620","Bundle_sheath",0.748423386811052
"Zm00001eb013750","Bundle_sheath",0.748332163266327
"Zm00001eb364750","Bundle_sheath",0.748060219448598
"Zm00001eb330480","Bundle_sheath",0.747802358116722
"Zm00001eb431270","Bundle_sheath",0.747787858813105
"Zm00001eb343830","Bundle_sheath",0.747619762163784
"Zm00001eb400820","Bundle_sheath",0.747466968680909
"Zm00001eb357670","Bundle_sheath",0.747280264095735
"Zm00001eb019230","Bundle_sheath",0.747266836609223
"Zm00001eb093610","Bundle_sheath",0.747030173437871
"Zm00001eb332950","G2_M_phase",0.971792211450529
"Zm00001eb370670","G2_M_phase",0.966123334938517
"Zm00001eb238060","G2_M_phase",0.96594207653706
"Zm00001eb363590","G2_M_phase",0.96323990589768
"Zm00001eb128530","G2_M_phase",0.962025014459659
"Zm00001eb215350","G2_M_phase",0.960980677974443
"Zm00001eb083820","G2_M_phase",0.959099221769254
"Zm00001eb425710","G2_M_phase",0.957850519437363
"Zm00001eb150450","G2_M_phase",0.957027554277988
"Zm00001eb224920","G2_M_phase",0.955018206866252
"Zm00001eb000490","G2_M_phase",0.954930478600205
"Zm00001eb410030","G2_M_phase",0.954465328728916
"Zm00001eb035350","G2_M_phase",0.952863262543191
"Zm00001eb217550","G2_M_phase",0.952731870208581
"Zm00001eb369340","G2_M_phase",0.951780213584817
"Zm00001eb110930","G2_M_phase",0.950661953281347
"Zm00001eb185660","G2_M_phase",0.950551017537851
"Zm00001eb056410","G2_M_phase",0.950108524966744
"Zm00001eb322350","G2_M_phase",0.948610242220043
"Zm00001eb078560","G2_M_phase",0.948179553452122
"Zm00001eb046680","G2_M_phase",0.947856499364095
"Zm00001eb258470","G2_M_phase",0.94610888628316
"Zm00001eb352410","G2_M_phase",0.944269543646963
"Zm00001eb291210","G2_M_phase",0.94279676911901
"Zm00001eb215710","G2_M_phase",0.942573847293598
"Zm00001eb287500","G2_M_phase",0.940989436796536
"Zm00001eb320530","G2_M_phase",0.940347830070849
"Zm00001eb390180","G2_M_phase",0.939892133245332
"Zm00001eb213760","G2_M_phase",0.939220116721608
"Zm00001eb214870","G2_M_phase",0.937861528984639
"Zm00001eb402780","G2_M_phase",0.937193913879052
"Zm00001eb054920","G2_M_phase",0.936429567606683
"Zm00001eb044540","G2_M_phase",0.935353420872205
"Zm00001eb104870","G2_M_phase",0.933666977500151
"Zm00001eb121300","G2_M_phase",0.933443355449126
"Zm00001eb395070","G2_M_phase",0.932008293072028
"Zm00001eb292680","G2_M_phase",0.931150116567558
"Zm00001eb073920","G2_M_phase",0.929457621245565
"Zm00001eb103750","G2_M_phase",0.929014528481077
"Zm00001eb024930","G2_M_phase",0.928170506537206
"Zm00001eb086650","G2_M_phase",0.927472081504661
"Zm00001eb332020","G2_M_phase",0.926186867408679
"Zm00001eb319650","G2_M_phase",0.925968096920828
"Zm00001eb049330","G2_M_phase",0.92572421834315
"Zm00001eb188180","G2_M_phase",0.924109498080281
"Zm00001eb122560","G2_M_phase",0.921910339511391
"Zm00001eb429190","G2_M_phase",0.921665960772561
"Zm00001eb425240","G2_M_phase",0.921529516810316
"Zm00001eb008930","G2_M_phase",0.920451669527922
"Zm00001eb195080","G2_M_phase",0.920268160401281
"Zm00001eb273600","G2_M_phase",0.920084751306871
"Zm00001eb126560","G2_M_phase",0.919738989902547
"Zm00001eb379030","G2_M_phase",0.919710130604081
"Zm00001eb365730","G2_M_phase",0.918752221965917
"Zm00001eb206490","G2_M_phase",0.91805579757798
"Zm00001eb370520","G2_M_phase",0.915575548441708
"Zm00001eb399910","G2_M_phase",0.914075014969823
"Zm00001eb272010","G2_M_phase",0.913972231853103
"Zm00001eb105690","G2_M_phase",0.913776018633204
"Zm00001eb360520","G2_M_phase",0.91267371347048
"Zm00001eb402980","G2_M_phase",0.91250195813091
"Zm00001eb408600","G2_M_phase",0.911370743653605
"Zm00001eb280870","G2_M_phase",0.911182232915445
"Zm00001eb128470","G2_M_phase",0.910035663490777
"Zm00001eb068860","G2_M_phase",0.909217549894576
"Zm00001eb347320","G2_M_phase",0.908586196472503
"Zm00001eb324310","G2_M_phase",0.908270844866216
"Zm00001eb195530","G2_M_phase",0.908229031393915
"Zm00001eb386190","G2_M_phase",0.906652673491399
"Zm00001eb378590","G2_M_phase",0.90462577042323
"Zm00001eb139790","G2_M_phase",0.903907789089645
"Zm00001eb025840","G2_M_phase",0.903696771099648
"Zm00001eb129360","G2_M_phase",0.903233021679585
"Zm00001eb091700","G2_M_phase",0.901323206337082
"Zm00001eb332550","G2_M_phase",0.895844641143376
"Zm00001eb400340","G2_M_phase",0.895635123636836
"Zm00001eb144800","G2_M_phase",0.895484775194568
"Zm00001eb389230","G2_M_phase",0.89531101921039
"Zm00001eb346750","G2_M_phase",0.89509264885146
"Zm00001eb058870","G2_M_phase",0.894352210282153
"Zm00001eb144540","G2_M_phase",0.891024238009487
"Zm00001eb111820","G2_M_phase",0.889392262186877
"Zm00001eb161550","G2_M_phase",0.889142781804297
"Zm00001eb078060","G2_M_phase",0.887632045044913
"Zm00001eb008500","G2_M_phase",0.887487298407547
"Zm00001eb106950","G2_M_phase",0.883731488285526
"Zm00001eb213650","G2_M_phase",0.882728815224265
"Zm00001eb203140","G2_M_phase",0.8816793770953
"Zm00001eb055850","G2_M_phase",0.881382731516094
"Zm00001eb063140","G2_M_phase",0.881165111398893
"Zm00001eb003140","G2_M_phase",0.880801494241445
"Zm00001eb218770","G2_M_phase",0.880069308331144
"Zm00001eb184090","G2_M_phase",0.878299688159525
"Zm00001eb246590","G2_M_phase",0.877040982604595
"Zm00001eb006360","G2_M_phase",0.876715477726924
"Zm00001eb058490","G2_M_phase",0.876309797016599
"Zm00001eb057700","G2_M_phase",0.873607026183836
"Zm00001eb268890","G2_M_phase",0.872935109692343
"Zm00001eb236510","G2_M_phase",0.872213327134003
"Zm00001eb402070","G2_M_phase",0.872134251655884
"Zm00001eb161780","Leaf_epidermis",0.839498528798261
"Zm00001eb293430","Leaf_epidermis",0.818490672626536
"orf99-d-XLOC-043654","Leaf_epidermis",0.774248990725018
"Zm00001eb340650","Leaf_epidermis",0.769696433255082
"Zm00001eb382940","Leaf_epidermis",0.763432224817589
"Zm00001eb129760","Leaf_epidermis",0.751863261870005
"rrn26-XLOC-043610","Leaf_epidermis",0.750677416646545
"Zm00001eb327420","Leaf_epidermis",0.748302927629631
"Zm00001eb026200","Leaf_epidermis",0.736701748585583
"Zm00001eb102970","Leaf_epidermis",0.725237243890169
"Zm00001eb129730","Leaf_epidermis",0.71660326495494
"Zm00001eb172970","Leaf_epidermis",0.69785967970041
"Zm00001eb207430","Leaf_epidermis",0.694409173061616
"Zm00001eb397980","Leaf_epidermis",0.693255413768574
"orf101-a-XLOC-043567","Leaf_epidermis",0.686966083284141
"Zm00001eb047760","Leaf_epidermis",0.680355600621933
"Zm00001eb242420","Leaf_epidermis",0.677115247064918
"Zm00001eb420610","Leaf_epidermis",0.676792695602145
"Zm00001eb148000","Leaf_epidermis",0.673186445288933
"orf99-c-XLOC-043565","Leaf_epidermis",0.66931312679019
"Zm00001eb012920","Leaf_epidermis",0.666894771815667
"Zm00001eb106850","Leaf_epidermis",0.666472025038741
"Zm00001eb007650","Leaf_epidermis",0.665162229197676
"Zm00001eb056740","Leaf_epidermis",0.664594509986664
"Zm00001eb301590","Leaf_epidermis",0.660911722038218
"Zm00001eb049240","Leaf_epidermis",0.657570522336819
"Zm00001eb420440","Leaf_epidermis",0.657416731153095
"Zm00001eb097100","Leaf_epidermis",0.651471494612102
"Zm00001eb252120","Leaf_epidermis",0.650885161656467
"Zm00001eb126710","Leaf_epidermis",0.646477478996081
"Zm00001eb338370","Leaf_epidermis",0.645423199103937
"Zm00001eb312360","Leaf_epidermis",0.643686165757348
"Zm00001eb178320","Leaf_epidermis",0.640479590289353
"Zm00001eb363480","Leaf_epidermis",0.636711543580569
"Zm00001eb143060","Leaf_epidermis",0.633905098538951
"Zm00001eb001430","Leaf_epidermis",0.633369335092311
"Zm00001eb280740","Leaf_epidermis",0.632010466651784
"Zm00001eb129740","Leaf_epidermis",0.631383619514233
"Zm00001eb002960","Leaf_epidermis",0.631199467100206
"Zm00001eb092260","Leaf_epidermis",0.629788499699642
"Zm00001eb392440","Leaf_epidermis",0.629681763541662
"Zm00001eb201290","Leaf_epidermis",0.629056803811783
"Zm00001eb144000","Leaf_epidermis",0.628845446694075
"Zm00001eb025170","Leaf_epidermis",0.628793282651014
"Zm00001eb246010","Leaf_epidermis",0.626878767900272
"Zm00001eb382690","Leaf_epidermis",0.626291230908709
"Zm00001eb131100","Leaf_epidermis",0.625705939281444
"Zm00001eb332230","Leaf_epidermis",0.623046646955188
"Zm00001eb195390","Leaf_epidermis",0.62272728456055
"Zm00001eb237680","Leaf_epidermis",0.619671246125119
"Zm00001eb316990","Leaf_epidermis",0.618879543689908
"Zm00001eb078810","Leaf_epidermis",0.618300207159263
"Zm00001eb172410","Leaf_epidermis",0.618228095169603
"Zm00001eb413950","Leaf_epidermis",0.618154811685527
"Zm00001eb354890","Leaf_epidermis",0.617637857232579
"Zm00001eb123630","Leaf_epidermis",0.613990864946869
"Zm00001eb390790","Leaf_epidermis",0.613888684600511
"Zm00001eb211300","Leaf_epidermis",0.613195940902012
"Zm00001eb230820","Leaf_epidermis",0.612711983541805
"Zm00001eb334770","Leaf_epidermis",0.611524055661605
"Zm00001eb361140","Leaf_epidermis",0.60763648398079
"Zm00001eb066640","Leaf_epidermis",0.60636531491397
"Zm00001eb272880","Leaf_epidermis",0.606323108573452
"Zm00001eb128730","Leaf_epidermis",0.604989752678004
"Zm00001eb258600","Leaf_epidermis",0.604933065364833
"Zm00001eb258890","Leaf_epidermis",0.604733846230945
"Zm00001eb230910","Leaf_epidermis",0.603970194578714
"Zm00001eb258590","Leaf_epidermis",0.60238552058934
"Zm00001eb075460","Leaf_epidermis",0.601674163146217
"Zm00001eb128000","Leaf_epidermis",0.601232802624668
"Zm00001eb343620","Leaf_epidermis",0.59803709602154
"Zm00001eb081380","Leaf_epidermis",0.597778553712043
"Zm00001eb180670","Leaf_epidermis",0.595949492970708
"Zm00001eb431660","Leaf_epidermis",0.594951574976619
"Zm00001eb092090","Leaf_epidermis",0.594505951517053
"Zm00001eb419490","Leaf_epidermis",0.594041063482632
"Zm00001eb345280","Leaf_epidermis",0.593736832890877
"Zm00001eb233880","Leaf_epidermis",0.592254143998792
"Zm00001eb426330","Leaf_epidermis",0.591303443738004
"Zm00001eb012040","Leaf_epidermis",0.590554468307496
"Zm00001eb393130","Leaf_epidermis",0.589987139594624
"Zm00001eb404070","Leaf_epidermis",0.589710666912247
"Zm00001eb163520","Leaf_epidermis",0.589269729430348
"Zm00001eb282520","Leaf_epidermis",0.589251083144213
"Zm00001eb129770","Leaf_epidermis",0.588453490695406
"Zm00001eb186320","Leaf_epidermis",0.588019061515823
"Zm00001eb078110","Leaf_epidermis",0.587914668346676
"Zm00001eb096970","Leaf_epidermis",0.587004872765944
"Zm00001eb020710","Leaf_epidermis",0.586949682362305
"Zm00001eb125880","Leaf_epidermis",0.586938325374764
"Zm00001eb271090","Leaf_epidermis",0.586169694871263
"Zm00001eb324690","Leaf_epidermis",0.586056092454339
"Zm00001eb030660","Leaf_epidermis",0.586001813213025
"Zm00001eb000080","Leaf_epidermis",0.585365854452232
"Zm00001eb330040","Leaf_epidermis",0.584824396241065
"Zm00001eb387290","Leaf_epidermis",0.584691268917194
"Zm00001eb075660","Leaf_epidermis",0.58468788459999
"Zm00001eb283860","Leaf_epidermis",0.583728528297122
"Zm00001eb296060","Leaf_epidermis",0.583414600334917
"Zm00001eb012470","Leaf_epidermis",0.582944505658643
"Zm00001eb165560","Leaf_primordium",0.936242855704146
"Zm00001eb165550","Leaf_primordium",0.933987582045635
"Zm00001eb165580","Leaf_primordium",0.919998023335896
"Zm00001eb413300","Leaf_primordium",0.918002218117378
"Zm00001eb316520","Leaf_primordium",0.913795801840675
"Zm00001eb101770","Leaf_primordium",0.912383081256533
"Zm00001eb003730","Leaf_primordium",0.909265112566642
"Zm00001eb265890","Leaf_primordium",0.904301433769555
"Zm00001eb265900","Leaf_primordium",0.899811247343858
"Zm00001eb171410","Leaf_primordium",0.883670877920349
"Zm00001eb125590","Leaf_primordium",0.883027242309619
"Zm00001eb169520","Leaf_primordium",0.875366261471376
"Zm00001eb096930","Leaf_primordium",0.874109828712047
"Zm00001eb164860","Leaf_primordium",0.864741379148571
"Zm00001eb068660","Leaf_primordium",0.864199422889145
"Zm00001eb036930","Leaf_primordium",0.855921109834342
"Zm00001eb294690","Leaf_primordium",0.851587086128134
"Zm00001eb299990","Leaf_primordium",0.849186533913238
"Zm00001eb121780","Leaf_primordium",0.844617937726323
"Zm00001eb335880","Leaf_primordium",0.843720119375499
"Zm00001eb406570","Leaf_primordium",0.84202059483828
"Zm00001eb264630","Leaf_primordium",0.840545040105639
"Zm00001eb106660","Leaf_primordium",0.840479672574349
"Zm00001eb228320","Leaf_primordium",0.840189365672225
"Zm00001eb166850","Leaf_primordium",0.837475893768066
"Zm00001eb082720","Leaf_primordium",0.835324363698689
"Zm00001eb387920","Leaf_primordium",0.834162823326888
"Zm00001eb319210","Leaf_primordium",0.833684858440199
"Zm00001eb312080","Leaf_primordium",0.831258597081418
"Zm00001eb094610","Leaf_primordium",0.830473686284641
"Zm00001eb323330","Leaf_primordium",0.829094056058444
"Zm00001eb093580","Leaf_primordium",0.827399441905154
"Zm00001eb048710","Leaf_primordium",0.826575654629241
"Zm00001eb241500","Leaf_primordium",0.82651232005945
"Zm00001eb356370","Leaf_primordium",0.825873938872288
"Zm00001eb323460","Leaf_primordium",0.824998795861266
"Zm00001eb016620","Leaf_primordium",0.823977498556597
"Zm00001eb009340","Leaf_primordium",0.820802857155368
"Zm00001eb190920","Leaf_primordium",0.820313914276582
"Zm00001eb255240","Leaf_primordium",0.819263623813298
"Zm00001eb340450","Leaf_primordium",0.818127948967037
"Zm00001eb206040","Leaf_primordium",0.811725402573291
"Zm00001eb067710","Leaf_primordium",0.809880943519325
"Zm00001eb016200","Leaf_primordium",0.808256044307301
"Zm00001eb265000","Leaf_primordium",0.808247318211019
"Zm00001eb268360","Leaf_primordium",0.8076513790047
"Zm00001eb309480","Leaf_primordium",0.806944408824179
"Zm00001eb320890","Leaf_primordium",0.805606313565233
"Zm00001eb014210","Leaf_primordium",0.803118531663845
"Zm00001eb305810","Leaf_primordium",0.802576325193773
"Zm00001eb154790","Leaf_primordium",0.802279606643843
"Zm00001eb162620","Leaf_primordium",0.802255742803473
"Zm00001eb273380","Leaf_primordium",0.802034462763339
"Zm00001eb080570","Leaf_primordium",0.801183246145349
"Zm00001eb324090","Leaf_primordium",0.800319612824046
"Zm00001eb185130","Leaf_primordium",0.800197040883794
"Zm00001eb160820","Leaf_primordium",0.799526257417964
"Zm00001eb074210","Leaf_primordium",0.797075162652558
"Zm00001eb332650","Leaf_primordium",0.796072068172393
"Zm00001eb096870","Leaf_primordium",0.794667979855541
"Zm00001eb159730","Leaf_primordium",0.794185761387868
"Zm00001eb220940","Leaf_primordium",0.79364902827568
"Zm00001eb321790","Leaf_primordium",0.7923782084042
"Zm00001eb165590","Leaf_primordium",0.791498843088525
"Zm00001eb087160","Leaf_primordium",0.791490961453173
"Zm00001eb211960","Leaf_primordium",0.791185892122931
"Zm00001eb236430","Leaf_primordium",0.790654601092295
"Zm00001eb066060","Leaf_primordium",0.790202032586183
"Zm00001eb126900","Leaf_primordium",0.789822212825422
"Zm00001eb220910","Leaf_primordium",0.789397355148366
"Zm00001eb145750","Leaf_primordium",0.787604032895194
"Zm00001eb124410","Leaf_primordium",0.787478646085173
"Zm00001eb209760","Leaf_primordium",0.78739057193775
"Zm00001eb045780","Leaf_primordium",0.786958207941311
"Zm00001eb227740","Leaf_primordium",0.784340222674965
"Zm00001eb112260","Leaf_primordium",0.784133798891942
"Zm00001eb194190","Leaf_primordium",0.781076318625743
"Zm00001eb233170","Leaf_primordium",0.78095208903996
"Zm00001eb266860","Leaf_primordium",0.780880372413526
"Zm00001eb122240","Leaf_primordium",0.780871052066959
"Zm00001eb240670","Leaf_primordium",0.780281149192476
"Zm00001eb258710","Leaf_primordium",0.780032189599619
"Zm00001eb226490","Leaf_primordium",0.779951309008271
"Zm00001eb370430","Leaf_primordium",0.779734782970413
"Zm00001eb108550","Leaf_primordium",0.778497428772848
"Zm00001eb081030","Leaf_primordium",0.778362565234607
"Zm00001eb326330","Leaf_primordium",0.778357498469024
"Zm00001eb324240","Leaf_primordium",0.778143568366619
"Zm00001eb213670","Leaf_primordium",0.777697911929606
"Zm00001eb021040","Leaf_primordium",0.776827397815536
"Zm00001eb078440","Leaf_primordium",0.775306336021638
"Zm00001eb080410","Leaf_primordium",0.775039048498955
"Zm00001eb184110","Leaf_primordium",0.773500972381123
"Zm00001eb296990","Leaf_primordium",0.772646534301065
"Zm00001eb063220","Leaf_primordium",0.771517114720956
"Zm00001eb209570","Leaf_primordium",0.770934249020894
"Zm00001eb386480","Leaf_primordium",0.770880985429609
"Zm00001eb215400","Leaf_primordium",0.77074584040439
"Zm00001eb184340","Leaf_primordium",0.77042647779099
"Zm00001eb385240","Leaf_primordium",0.768645916280769
"Zm00001eb075320","Leaf_rim",0.9902120049551
"rrn26-XLOC-043610","Leaf_rim",0.768549537516039
"orf99-d-XLOC-043654","Leaf_rim",0.704177912870664
"Zm00001eb382940","Leaf_rim",0.663154030695267
"Zm00001eb316520","Leaf_rim",0.605593961714377
"Zm00001eb320810","Leaf_rim",0.575387215323261
"Zm00001eb427180","Leaf_rim",0.564579125429637
"Zm00001eb187430","Leaf_rim",0.54135708670435
"Zm00001eb265900","Leaf_rim",0.537894174685365
"Zm00001eb265890","Leaf_rim",0.529229704861603
"Zm00001eb094610","Leaf_rim",0.528365011587274
"Zm00001eb397500","Leaf_rim",0.526356695853603
"orf101-a-XLOC-043567","Leaf_rim",0.526267261010129
"Zm00001eb302250","Leaf_rim",0.521540697803419
"Zm00001eb149490","Leaf_rim",0.519092077608963
"Zm00001eb040460","Leaf_rim",0.51839063705941
"Zm00001eb160010","Leaf_rim",0.512796777751342
"orf99-c-XLOC-043565","Leaf_rim",0.511418346158586
"Zm00001eb072880","Leaf_rim",0.510323750719831
"Zm00001eb413300","Leaf_rim",0.507544784839224
"Zm00001eb320870","Leaf_rim",0.506164945159715
"Zm00001eb267050","Leaf_rim",0.505870527020417
"Zm00001eb101770","Leaf_rim",0.505439481796766
"Zm00001eb073400","Leaf_rim",0.504457149274605
"Zm00001eb374680","Leaf_rim",0.502203101067859
"Zm00001eb263730","Leaf_rim",0.5017117214603
"Zm00001eb082430","Leaf_rim",0.501397078074912
"Zm00001eb376570","Leaf_rim",0.501233227979998
"Zm00001eb431780","Leaf_rim",0.501168455989352
"Zm00001eb441600","Leaf_rim",0.501090200501313
"Zm00001eb292810","Leaf_rim",0.501029866117405
"Zm00001eb330620","Leaf_rim",0.501007592745127
"Zm00001eb254760","Leaf_rim",0.500988519570016
"Zm00001eb269380","Leaf_rim",0.500965094126759
"Zm00001eb352670","Leaf_rim",0.500947173022628
"Zm00001eb413850","Leaf_rim",0.500922424831209
"Zm00001eb440080","Leaf_rim",0.50090582647524
"Zm00001eb069150","Leaf_rim",0.500902796955256
"Zm00001eb160560","Leaf_rim",0.500882657047756
"Zm00001eb271250","Leaf_rim",0.50084263324853
"Zm00001eb343790","Leaf_rim",0.500823133380463
"Zm00001eb146380","Leaf_rim",0.500823048041872
"Zm00001eb184780","Leaf_rim",0.500822664018212
"Zm00001eb263510","Leaf_rim",0.500800902677481
"Zm00001eb267030","Leaf_rim",0.50080081733889
"Zm00001eb419660","Leaf_rim",0.500781786833075
"Zm00001eb412340","Leaf_rim",0.500740440285686
"Zm00001eb263520","Leaf_rim",0.500737368096407
"Zm00001eb056260","Leaf_rim",0.500727767504908
"Zm00001eb435610","Leaf_rim",0.500718038905522
"Zm00001eb157460","Leaf_rim",0.500717441535385
"Zm00001eb136250","Leaf_rim",0.500699093738298
"Zm00001eb302630","Leaf_rim",0.500698923061116
"Zm00001eb057680","Leaf_rim",0.50065774719091
"Zm00001eb212800","Leaf_rim",0.500657149820772
"Zm00001eb319400","Leaf_rim",0.500656893804999
"Zm00001eb173980","Leaf_rim",0.500616144627748
"Zm00001eb441610","Leaf_rim",0.500616059289157
"Zm00001eb440350","Leaf_rim",0.500615803273384
"Zm00001eb215520","Leaf_rim",0.500575054096133
"Zm00001eb416620","Leaf_rim",0.500574712741768
"Zm00001eb218170","Leaf_rim",0.500552908731742
"Zm00001eb057170","Leaf_rim",0.500549751203871
"Zm00001eb271010","Leaf_rim",0.500533451532971
"Zm00001eb192890","Leaf_rim",0.50053336619438
"Zm00001eb382330","Leaf_rim",0.500514933058702
"Zm00001eb326800","Leaf_rim",0.500514933058702
"Zm00001eb020920","Leaf_rim",0.500514933058702
"Zm00001eb200570","Leaf_rim",0.500514933058702
"Zm00001eb391150","Leaf_rim",0.500514933058702
"Zm00001eb263530","Leaf_rim",0.500514933058702
"Zm00001eb177580","Leaf_rim",0.500514933058702
"Zm00001eb346870","Leaf_rim",0.500510751467738
"Zm00001eb410160","Leaf_rim",0.500492361001356
"Zm00001eb272810","Leaf_rim",0.500491678292627
"Zm00001eb403780","Leaf_rim",0.500484680528157
"Zm00001eb158160","Leaf_rim",0.500473543842018
"Zm00001eb385110","Leaf_rim",0.500473543842018
"Zm00001eb426900","Leaf_rim",0.500473543842018
"Zm00001eb113430","Leaf_rim",0.500473543842018
"Zm00001eb359240","Leaf_rim",0.500473543842018
"Zm00001eb431720","Leaf_rim",0.500473543842018
"Zm00001eb401810","Leaf_rim",0.500473543842018
"Zm00001eb191100","Leaf_rim",0.500473543842018
"Zm00001eb324910","Leaf_rim",0.500473543842018
"Zm00001eb061020","Leaf_rim",0.500473543842018
"Zm00001eb018200","Leaf_rim",0.500473543842018
"Zm00001eb338530","Leaf_rim",0.500473458503427
"Zm00001eb345600","Leaf_rim",0.500473458503427
"Zm00001eb236960","Leaf_rim",0.500473458503427
"Zm00001eb303510","Leaf_rim",0.500473458503427
"Zm00001eb423560","Leaf_rim",0.500473458503427
"Zm00001eb304610","Leaf_rim",0.500470813007103
"Zm00001eb292990","Leaf_rim",0.500450246406648
"Zm00001eb337400","Leaf_rim",0.500449990390875
"Zm00001eb365830","Leaf_rim",0.500432154625335
"Zm00001eb086120","Leaf_rim",0.500432154625335
"Zm00001eb139470","Leaf_rim",0.500432154625335
"Zm00001eb244940","Leaf_rim",0.500432154625335
"Zm00001eb181630","Leaf_rim",0.500432154625335
"orf99-d-XLOC-043654","Leaf_subsidiary_cell",0.805812642529531
"rrn26-XLOC-043610","Leaf_subsidiary_cell",0.800252389371461
"Zm00001eb378490","Leaf_subsidiary_cell",0.799592589745561
"Zm00001eb382940","Leaf_subsidiary_cell",0.745296845773439
"Zm00001eb371430","Leaf_subsidiary_cell",0.665992774233223
"orf99-c-XLOC-043565","Leaf_subsidiary_cell",0.66428754452046
"orf101-a-XLOC-043567","Leaf_subsidiary_cell",0.651354190688498
"nad4-XLOC-043641","Leaf_subsidiary_cell",0.639612319676122
"Zm00001eb101750","Leaf_subsidiary_cell",0.619660747687498
"Zm00001eb178320","Leaf_subsidiary_cell",0.603186255669152
"Zm00001eb102970","Leaf_subsidiary_cell",0.600298511287058
"Zm00001eb417040","Leaf_subsidiary_cell",0.596120634432572
"Zm00001eb402880","Leaf_subsidiary_cell",0.596050170394855
"Zm00001eb280740","Leaf_subsidiary_cell",0.593106054782586
"Zm00001eb213760","Leaf_subsidiary_cell",0.592369385297358
"rrn18-XLOC-043715","Leaf_subsidiary_cell",0.589901862812924
"Zm00001eb376670","Leaf_subsidiary_cell",0.58978527685961
"Zm00001eb050280","Leaf_subsidiary_cell",0.588042893381505
"Zm00001eb430090","Leaf_subsidiary_cell",0.586313321546622
"Zm00001eb293810","Leaf_subsidiary_cell",0.58447100725139
"Zm00001eb063460","Leaf_subsidiary_cell",0.581038768032388
"Zm00001eb255460","Leaf_subsidiary_cell",0.57990621877162
"Zm00001eb366710","Leaf_subsidiary_cell",0.578828759576703
"Zm00001eb256170","Leaf_subsidiary_cell",0.578110026391985
"Zm00001eb126710","Leaf_subsidiary_cell",0.576602095984831
"Zm00001eb426330","Leaf_subsidiary_cell",0.574102544392344
"Zm00001eb222830","Leaf_subsidiary_cell",0.571701642452661
"Zm00001eb367170","Leaf_subsidiary_cell",0.57142491095908
"Zm00001eb361710","Leaf_subsidiary_cell",0.570233428139493
"atpF-XLOC-043743","Leaf_subsidiary_cell",0.567768467983704
"Zm00001eb409890","Leaf_subsidiary_cell",0.567296999513158
"Zm00001eb295800","Leaf_subsidiary_cell",0.565677607809978
"Zm00001eb001430","Leaf_subsidiary_cell",0.564884567094576
"Zm00001eb134090","Leaf_subsidiary_cell",0.563881415430343
"Zm00001eb422980","Leaf_subsidiary_cell",0.563206241832577
"Zm00001eb232240","Leaf_subsidiary_cell",0.562674558638891
"Zm00001eb313730","Leaf_subsidiary_cell",0.562441386732262
"Zm00001eb341370","Leaf_subsidiary_cell",0.562165936403003
"Zm00001eb302880","Leaf_subsidiary_cell",0.56212237681605
"Zm00001eb165170","Leaf_subsidiary_cell",0.560883490916545
"Zm00001eb164010","Leaf_subsidiary_cell",0.558946370461475
"Zm00001eb374670","Leaf_subsidiary_cell",0.558064929407846
"Zm00001eb023660","Leaf_subsidiary_cell",0.557999590027417
"Zm00001eb229760","Leaf_subsidiary_cell",0.557421784918134
"Zm00001eb392440","Leaf_subsidiary_cell",0.557282138007021
"Zm00001eb001830","Leaf_subsidiary_cell",0.556754298306301
"Zm00001eb061280","Leaf_subsidiary_cell",0.556487816127296
"Zm00001eb322290","Leaf_subsidiary_cell",0.556444256540344
"Zm00001eb248980","Leaf_subsidiary_cell",0.556114997309555
"Zm00001eb334050","Leaf_subsidiary_cell",0.555301457964999
"Zm00001eb052790","Leaf_subsidiary_cell",0.555087503523202
"Zm00001eb285210","Leaf_subsidiary_cell",0.555024726471417
"Zm00001eb110550","Leaf_subsidiary_cell",0.554885079560304
"Zm00001eb422820","Leaf_subsidiary_cell",0.554382863146027
"Zm00001eb031700","Leaf_subsidiary_cell",0.553723063520127
"Zm00001eb210900","Leaf_subsidiary_cell",0.553186255669152
"Zm00001eb335110","Leaf_subsidiary_cell",0.553076075537448
"Zm00001eb315020","Leaf_subsidiary_cell",0.552512363235709
"Zm00001eb097100","Leaf_subsidiary_cell",0.551255541035693
"Zm00001eb176160","Leaf_subsidiary_cell",0.551136392753735
"Zm00001eb062460","Leaf_subsidiary_cell",0.550907064340072
"Zm00001eb052850","Leaf_subsidiary_cell",0.549784764393881
"Zm00001eb365530","Leaf_subsidiary_cell",0.549782202065237
"Zm00001eb086700","Leaf_subsidiary_cell",0.549631024675225
"Zm00001eb049240","Leaf_subsidiary_cell",0.549025033950855
"Zm00001eb123630","Leaf_subsidiary_cell",0.548311425423425
"Zm00001eb305590","Leaf_subsidiary_cell",0.548253773028929
"Zm00001eb422350","Leaf_subsidiary_cell",0.548178184333923
"Zm00001eb064170","Leaf_subsidiary_cell",0.548109001460527
"Zm00001eb053420","Leaf_subsidiary_cell",0.548041099751454
"Zm00001eb105880","Leaf_subsidiary_cell",0.54796679222077
"orf911-XLOC-043636","Leaf_subsidiary_cell",0.547788710379993
"Zm00001eb256570","Leaf_subsidiary_cell",0.54766699976939
"Zm00001eb187430","Leaf_subsidiary_cell",0.547582442924129
"Zm00001eb047470","Leaf_subsidiary_cell",0.547217311092321
"Zm00001eb039370","Leaf_subsidiary_cell",0.547030261101289
"Zm00001eb417380","Leaf_subsidiary_cell",0.546966202885182
"Zm00001eb406010","Leaf_subsidiary_cell",0.546802213851949
"Zm00001eb035860","Leaf_subsidiary_cell",0.546706126527788
"Zm00001eb309160","Leaf_subsidiary_cell",0.546658723447869
"Zm00001eb122880","Leaf_subsidiary_cell",0.546583134752863
"Zm00001eb201770","Leaf_subsidiary_cell",0.546448612499039
"Zm00001eb285840","Leaf_subsidiary_cell",0.546043764573244
"Zm00001eb192570","Leaf_subsidiary_cell",0.54559151356753
"Zm00001eb245110","Leaf_subsidiary_cell",0.545219975914111
"Zm00001eb007250","Leaf_subsidiary_cell",0.545032925923079
"Zm00001eb431660","Leaf_subsidiary_cell",0.544880467368745
"Zm00001eb414990","Leaf_subsidiary_cell",0.54464345196915
"Zm00001eb055170","Leaf_subsidiary_cell",0.544174545827248
"Zm00001eb124690","Leaf_subsidiary_cell",0.544156609526738
"Zm00001eb371610","Leaf_subsidiary_cell",0.5440618033669
"Zm00001eb158200","Leaf_subsidiary_cell",0.543861941732647
"Zm00001eb431540","Leaf_subsidiary_cell",0.543331539703282
"Zm00001eb324180","Leaf_subsidiary_cell",0.542981781843339
"Zm00001eb204640","Leaf_subsidiary_cell",0.542920285955877
"Zm00001eb301590","Leaf_subsidiary_cell",0.542890819176468
"Zm00001eb043220","Leaf_subsidiary_cell",0.542739641786456
"Zm00001eb040480","Leaf_subsidiary_cell",0.542524406180337
"Zm00001eb029200","Leaf_subsidiary_cell",0.542516719194404
"Zm00001eb161780","Leaf_subsidiary_cell",0.541628872319164
"Zm00001eb079490","Mesophyll",0.999872317817235
"Zm00001eb140690","Mesophyll",0.761939141015973
"Zm00001eb323110","Mesophyll",0.759456793720436
"Zm00001eb075660","Mesophyll",0.755920082950572
"Zm00001eb377070","Mesophyll",0.753763282374717
"Zm00001eb304890","Mesophyll",0.752876705285528
"Zm00001eb140600","Mesophyll",0.751262853911017
"Zm00001eb358990","Mesophyll",0.748730033591554
"Zm00001eb326050","Mesophyll",0.748467213957633
"Zm00001eb302140","Mesophyll",0.743583070542264
"Zm00001eb248540","Mesophyll",0.741437752793583
"Zm00001eb230820","Mesophyll",0.740056128744773
"Zm00001eb246640","Mesophyll",0.736090183039693
"Zm00001eb156150","Mesophyll",0.735307636936999
"Zm00001eb099020","Mesophyll",0.732780900802084
"Zm00001eb141210","Mesophyll",0.732542846370056
"Zm00001eb211300","Mesophyll",0.730872780558031
"Zm00001eb313460","Mesophyll",0.730329402892987
"Zm00001eb018640","Mesophyll",0.73013085281415
"Zm00001eb373030","Mesophyll",0.727536419414547
"Zm00001eb396340","Mesophyll",0.723034637005553
"Zm00001eb325160","Mesophyll",0.722371546582574
"Zm00001eb344870","Mesophyll",0.721521731678892
"Zm00001eb100710","Mesophyll",0.720479793651882
"Zm00001eb271090","Mesophyll",0.719435541920888
"Zm00001eb373050","Mesophyll",0.717565469253445
"Zm00001eb128970","Mesophyll",0.715714163296086
"Zm00001eb389870","Mesophyll",0.71482998560362
"Zm00001eb049960","Mesophyll",0.713794303146637
"Zm00001eb144000","Mesophyll",0.713760368821553
"Zm00001eb350170","Mesophyll",0.71355693425653
"Zm00001eb286490","Mesophyll",0.7125307636937
"Zm00001eb417550","Mesophyll",0.709893912387742
"Zm00001eb102970","Mesophyll",0.709042383629259
"Zm00001eb339970","Mesophyll",0.708777593062316
"Zm00001eb214560","Mesophyll",0.708670648522657
"Zm00001eb168560","Mesophyll",0.708618461643929
"Zm00001eb043760","Mesophyll",0.708553763625146
"Zm00001eb074350","Mesophyll",0.707993333104819
"Zm00001eb043620","Mesophyll",0.707875334201686
"Zm00001eb228230","Mesophyll",0.707802238294372
"Zm00001eb290350","Mesophyll",0.706848478096936
"Zm00001eb127770","Mesophyll",0.70605744841297
"Zm00001eb418060","Mesophyll",0.706036539384383
"Zm00001eb254120","Mesophyll",0.705822821690546
"Zm00001eb232010","Mesophyll",0.705614245561116
"Zm00001eb002950","Mesophyll",0.703627887845342
"Zm00001eb163920","Mesophyll",0.703184513608007
"Zm00001eb018660","Mesophyll",0.702997360663605
"Zm00001eb168570","Mesophyll",0.702316274765202
"Zm00001eb107430","Mesophyll",0.701842479605128
"Zm00001eb107990","Mesophyll",0.700557088503462
"Zm00001eb400880","Mesophyll",0.697995732501542
"Zm00001eb404290","Mesophyll",0.697793669020361
"Zm00001eb344820","Mesophyll",0.697655875094262
"Zm00001eb099610","Mesophyll",0.697633852060053
"Zm00001eb314010","Mesophyll",0.697523908274491
"Zm00001eb106490","Mesophyll",0.697497857681497
"Zm00001eb212710","Mesophyll",0.697306677178309
"Zm00001eb275080","Mesophyll",0.696788493178858
"Zm00001eb061280","Mesophyll",0.696377253719065
"Zm00001eb059930","Mesophyll",0.695892832659217
"Zm00001eb288340","Mesophyll",0.695014482073079
"Zm00001eb324180","Mesophyll",0.694920305751697
"Zm00001eb314770","Mesophyll",0.694313858229931
"Zm00001eb337300","Mesophyll",0.694076489339823
"Zm00001eb158820","Mesophyll",0.692756564063893
"Zm00001eb324690","Mesophyll",0.691601683005416
"Zm00001eb233290","Mesophyll",0.691308271063276
"Zm00001eb062570","Mesophyll",0.691079642832659
"Zm00001eb020710","Mesophyll",0.690954617124837
"Zm00001eb020600","Mesophyll",0.690713820525125
"Zm00001eb318470","Mesophyll",0.690158274490985
"Zm00001eb249220","Mesophyll",0.690081408103105
"Zm00001eb249290","Mesophyll",0.689475903201481
"Zm00001eb073030","Mesophyll",0.68929766230205
"Zm00001eb021350","Mesophyll",0.689059522177281
"Zm00001eb110040","Mesophyll",0.688955319805306
"Zm00001eb341770","Mesophyll",0.688489408377322
"Zm00001eb311620","Mesophyll",0.687832402138891
"Zm00001eb394600","Mesophyll",0.687272057311305
"Zm00001eb110050","Mesophyll",0.68636602797011
"Zm00001eb012080","Mesophyll",0.685917512168369
"Zm00001eb096970","Mesophyll",0.68566369027216
"Zm00001eb369960","Mesophyll",0.685631041338178
"Zm00001eb062560","Mesophyll",0.685483049976006
"Zm00001eb245840","Mesophyll",0.685422893672448
"Zm00001eb184080","Mesophyll",0.684648745458285
"Zm00001eb066210","Mesophyll",0.684101254541715
"Zm00001eb035970","Mesophyll",0.684034157126208
"Zm00001eb005990","Mesophyll",0.683863714266127
"Zm00001eb399340","Mesophyll",0.682487231781723
"Zm00001eb265760","Mesophyll",0.682449698361555
"Zm00001eb118760","Mesophyll",0.682140690340714
"Zm00001eb238330","Mesophyll",0.682131863988483
"Zm00001eb388960","Mesophyll",0.681696373483239
"Zm00001eb003440","Mesophyll",0.681390107630082
"Zm00001eb252850","Mesophyll",0.681370826763557
"Zm00001eb242420","Mesophyll",0.680628213477754
"Zm00001eb141080","Mesophyll",0.680226143141153
"Zm00001eb042700","Pavement_cell_N",0.987439863072747
"rrn26-XLOC-043610","Pavement_cell_N",0.802625190250694
"orf99-d-XLOC-043654","Pavement_cell_N",0.752341363643174
"Zm00001eb382940","Pavement_cell_N",0.73917683906528
"orf101-a-XLOC-043567","Pavement_cell_N",0.618338810993063
"orf99-c-XLOC-043565","Pavement_cell_N",0.594475265954713
"Zm00001eb187430","Pavement_cell_N",0.558684669450138
"Zm00001eb316520","Pavement_cell_N",0.534000280353151
"nad4-XLOC-043641","Pavement_cell_N",0.527468819689707
"Zm00001eb149490","Pavement_cell_N",0.526411458617757
"Zm00001eb094610","Pavement_cell_N",0.518891579734281
"Zm00001eb040460","Pavement_cell_N",0.515881869782153
"Zm00001eb397500","Pavement_cell_N",0.514084464311874
"Zm00001eb267050","Pavement_cell_N",0.507560774037218
"Zm00001eb298200","Pavement_cell_N",0.502028783501366
"Zm00001eb439520","Pavement_cell_N",0.501433033055791
"orf105-g-XLOC-043592","Pavement_cell_N",0.500937864256323
"orf131-c-XLOC-043705","Pavement_cell_N",0.500899043270106
"Zm00001eb442470","Pavement_cell_N",0.500739672905639
"orf125-XLOC-043631","Pavement_cell_N",0.500729302068013
"Zm00001eb442620","Pavement_cell_N",0.500721500721501
"Zm00001eb384400","Pavement_cell_N",0.500678655231131
"Zm00001eb238260","Pavement_cell_N",0.500654105755796
"Zm00001eb139800","Pavement_cell_N",0.500635747825313
"Zm00001eb367160","Pavement_cell_N",0.500592964250392
"Zm00001eb071370","Pavement_cell_N",0.500592964250392
"Zm00001eb089200","Pavement_cell_N",0.500592964250392
"Zm00001eb228500","Pavement_cell_N",0.500592964250392
"Zm00001eb085620","Pavement_cell_N",0.500592902334943
"Zm00001eb396110","Pavement_cell_N",0.500592902334943
"Zm00001eb263880","Pavement_cell_N",0.500586710790092
"Zm00001eb088730","Pavement_cell_N",0.500567238381535
"Zm00001eb211980","Pavement_cell_N",0.500525538326963
"Zm00001eb342860","Pavement_cell_N",0.500507211354204
"Zm00001eb126890","Pavement_cell_N",0.500507087523307
"Zm00001eb339680","Pavement_cell_N",0.500464427779282
"trnY-XLOC-043559","Pavement_cell_N",0.500464427779282
"Zm00001eb421190","Pavement_cell_N",0.500464427779282
"Zm00001eb282830","Pavement_cell_N",0.500464427779282
"Zm00001eb049860","Pavement_cell_N",0.500464365863834
"Zm00001eb421960","Pavement_cell_N",0.500464242032937
"Zm00001eb378510","Pavement_cell_N",0.500421582288913
"Zm00001eb397160","Pavement_cell_N",0.500421520373464
"Zm00001eb014530","Pavement_cell_N",0.500421396542567
"Zm00001eb273450","Pavement_cell_N",0.500421210796221
"Zm00001eb225080","Pavement_cell_N",0.500396970898129
"Zm00001eb429420","Pavement_cell_N",0.500378736798543
"Zm00001eb263590","Pavement_cell_N",0.500378241474955
"Zm00001eb258400","Pavement_cell_N",0.500372978661831
"Zm00001eb320820","Pavement_cell_N",0.500372916746383
"Zm00001eb437150","Pavement_cell_N",0.50036075036075
"Zm00001eb021620","Pavement_cell_N",0.50036075036075
"Zm00001eb293270","Pavement_cell_N",0.50036075036075
"orf146-a-XLOC-043588","Pavement_cell_N",0.500354280196381
"orf117-d-XLOC-043607","Pavement_cell_N",0.500354156365484
"trnS-a-XLOC-043682","Pavement_cell_N",0.500354094450035
"Zm00001eb186430","Pavement_cell_N",0.500335891308173
"Zm00001eb212800","Pavement_cell_N",0.500335829392725
"Zm00001eb029590","Pavement_cell_N",0.500335767477276
"Zm00001eb099190","Pavement_cell_N",0.500335643646379
"orf149-b-XLOC-043589","Pavement_cell_N",0.500335395984585
"Zm00001eb197550","Pavement_cell_N",0.500317873912656
"Zm00001eb441130","Pavement_cell_N",0.500317873912656
"Zm00001eb396790","Pavement_cell_N",0.500317873912656
"Zm00001eb076260","Pavement_cell_N",0.500317873912656
"Zm00001eb167860","Pavement_cell_N",0.500317873912656
"Zm00001eb197100","Pavement_cell_N",0.500317873912656
"Zm00001eb429990","Pavement_cell_N",0.500317873912656
"Zm00001eb131860","Pavement_cell_N",0.500317873912656
"Zm00001eb045010","Pavement_cell_N",0.500317873912656
"Zm00001eb175240","Pavement_cell_N",0.500317873912656
"Zm00001eb360810","Pavement_cell_N",0.500317873912656
"Zm00001eb127240","Pavement_cell_N",0.500317873912656
"Zm00001eb160440","Pavement_cell_N",0.500317873912656
"rpoC2-XLOC-043739","Pavement_cell_N",0.500317873912656
"Zm00001eb338050","Pavement_cell_N",0.500317873912656
"Zm00001eb418780","Pavement_cell_N",0.500317873912656
"Zm00001eb312500","Pavement_cell_N",0.500317873912656
"Zm00001eb337370","Pavement_cell_N",0.500317873912656
"Zm00001eb025720","Pavement_cell_N",0.500317873912656
"Zm00001eb365790","Pavement_cell_N",0.500317873912656
"Zm00001eb076310","Pavement_cell_N",0.500317873912656
"Zm00001eb305500","Pavement_cell_N",0.500317873912656
"Zm00001eb086020","Pavement_cell_N",0.500317873912656
"Zm00001eb405050","Pavement_cell_N",0.500317873912656
"Zm00001eb334180","Pavement_cell_N",0.500317873912656
"Zm00001eb428650","Pavement_cell_N",0.500317873912656
"Zm00001eb174580","Pavement_cell_N",0.500317873912656
"Zm00001eb034350","Pavement_cell_N",0.500317873912656
"Zm00001eb349440","Pavement_cell_N",0.500317873912656
"Zm00001eb204250","Pavement_cell_N",0.500317811997208
"Zm00001eb014990","Pavement_cell_N",0.500317811997208
"Zm00001eb161560","Pavement_cell_N",0.500317811997208
"Zm00001eb341000","Pavement_cell_N",0.500317811997208
"Zm00001eb267030","Pavement_cell_N",0.500311032255596
"Zm00001eb263510","Pavement_cell_N",0.50031084650925
"Zm00001eb332470","Pavement_cell_N",0.500293045817803
"Zm00001eb356570","Pavement_cell_N",0.500293045817803
"Zm00001eb356590","Pavement_cell_N",0.500292860071458
"Zm00001eb095550","Pavement_cell_N",0.500292798156009
"Zm00001eb137500","S_phase",0.905626192568253
"Zm00001eb410730","S_phase",0.904290689432264
"Zm00001eb336310","S_phase",0.900992398758429
"Zm00001eb177270","S_phase",0.898955522511703
"Zm00001eb397500","S_phase",0.895698998805915
"Zm00001eb188570","S_phase",0.895557233744244
"Zm00001eb004730","S_phase",0.894113240475485
"Zm00001eb198700","S_phase",0.892351099025842
"Zm00001eb427180","S_phase",0.890359152598477
"Zm00001eb187430","S_phase",0.890012582082491
"Zm00001eb148540","S_phase",0.881283849008078
"Zm00001eb160010","S_phase",0.878576751569727
"Zm00001eb302250","S_phase",0.877823429709312
"Zm00001eb142940","S_phase",0.875810773104845
"Zm00001eb099910","S_phase",0.874192952993964
"Zm00001eb192050","S_phase",0.871985629390081
"Zm00001eb366710","S_phase",0.871979693628024
"Zm00001eb083380","S_phase",0.871242619291487
"Zm00001eb099930","S_phase",0.867020646053541
"Zm00001eb368020","S_phase",0.866550161088783
"Zm00001eb320870","S_phase",0.86596291058576
"Zm00001eb040460","S_phase",0.864383044690656
"Zm00001eb258230","S_phase",0.863033287060385
"Zm00001eb123370","S_phase",0.861573392881592
"Zm00001eb236340","S_phase",0.861564164288029
"Zm00001eb321260","S_phase",0.858690908838826
"Zm00001eb106450","S_phase",0.857819911578809
"Zm00001eb323490","S_phase",0.856541946340711
"Zm00001eb181740","S_phase",0.854673264461163
"Zm00001eb313720","S_phase",0.854201912961798
"Zm00001eb400180","S_phase",0.854097365561488
"Zm00001eb072880","S_phase",0.854084410869117
"Zm00001eb072850","S_phase",0.853530608601916
"Zm00001eb379830","S_phase",0.851528133779079
"Zm00001eb083310","S_phase",0.850744569860887
"Zm00001eb351700","S_phase",0.850573212642393
"Zm00001eb403860","S_phase",0.849284589028632
"Zm00001eb001460","S_phase",0.849102313474093
"Zm00001eb123830","S_phase",0.8487664446605
"Zm00001eb365740","S_phase",0.847603295257803
"Zm00001eb320810","S_phase",0.847292555947807
"Zm00001eb243130","S_phase",0.846389020313304
"Zm00001eb008630","S_phase",0.846240842895543
"Zm00001eb051770","S_phase",0.84401311240167
"Zm00001eb422440","S_phase",0.843655406915986
"Zm00001eb146770","S_phase",0.837252192765823
"Zm00001eb073400","S_phase",0.836747566337557
"Zm00001eb313730","S_phase",0.836389124297457
"Zm00001eb110750","S_phase",0.835153532601631
"Zm00001eb144810","S_phase",0.834513466814324
"Zm00001eb000420","S_phase",0.831923654835003
"Zm00001eb078510","S_phase",0.825766623166629
"Zm00001eb376150","S_phase",0.823926623582566
"Zm00001eb049830","S_phase",0.823918304850341
"Zm00001eb313690","S_phase",0.82136419409682
"Zm00001eb148730","S_phase",0.821027068808047
"Zm00001eb061060","S_phase",0.820553117704862
"Zm00001eb319670","S_phase",0.817321203581907
"Zm00001eb103500","S_phase",0.815804594713099
"Zm00001eb212820","S_phase",0.814217233293646
"Zm00001eb271240","S_phase",0.814023129541725
"Zm00001eb368180","S_phase",0.813887256915379
"Zm00001eb124070","S_phase",0.813010367220036
"Zm00001eb181150","S_phase",0.812116883386972
"Zm00001eb309380","S_phase",0.80919141922771
"Zm00001eb061990","S_phase",0.80422002353508
"Zm00001eb428040","S_phase",0.803413063182504
"Zm00001eb357340","S_phase",0.803272901209856
"Zm00001eb210660","S_phase",0.802518929448485
"Zm00001eb422190","S_phase",0.8018650424342
"Zm00001eb212840","S_phase",0.797058634930703
"Zm00001eb160020","S_phase",0.79695239778791
"Zm00001eb052270","S_phase",0.796417572628598
"Zm00001eb127650","S_phase",0.794970633142176
"Zm00001eb106460","S_phase",0.78475276034599
"Zm00001eb055960","S_phase",0.784695829022324
"Zm00001eb267610","S_phase",0.77696846333952
"Zm00001eb187750","S_phase",0.773480531566989
"Zm00001eb079910","S_phase",0.769326191355104
"Zm00001eb215920","S_phase",0.766880874021466
"Zm00001eb356240","S_phase",0.763725778191404
"Zm00001eb259380","S_phase",0.763028521120048
"Zm00001eb032200","S_phase",0.761346924062106
"Zm00001eb397510","S_phase",0.761253641611685
"Zm00001eb131790","S_phase",0.761072752512517
"Zm00001eb176980","S_phase",0.756568115685836
"Zm00001eb041850","S_phase",0.755405052936599
"Zm00001eb077450","S_phase",0.753084429932878
"Zm00001eb295080","S_phase",0.747818239167018
"Zm00001eb122030","S_phase",0.745129208975219
"Zm00001eb291710","S_phase",0.741355407435907
"Zm00001eb215110","S_phase",0.73634488770578
"Zm00001eb409020","S_phase",0.734705144269347
"Zm00001eb179440","S_phase",0.733906719282648
"Zm00001eb290510","S_phase",0.733243127080766
"Zm00001eb378250","S_phase",0.727936555802229
"Zm00001eb431260","S_phase",0.725137562368828
"Zm00001eb182070","S_phase",0.723510340357463
"Zm00001eb148250","S_phase",0.723414025035918
"Zm00001eb301680","S_phase",0.72229810176929
"Zm00001eb077610","Shoot_apical_meristem",0.899373424646828
"Zm00001eb221810","Shoot_apical_meristem",0.888630444127474
"Zm00001eb130180","Shoot_apical_meristem",0.888583598741671
"Zm00001eb045800","Shoot_apical_meristem",0.847027003263057
"Zm00001eb115970","Shoot_apical_meristem",0.83814821508822
"Zm00001eb007870","Shoot_apical_meristem",0.838089988081049
"Zm00001eb070430","Shoot_apical_meristem",0.835769114285156
"Zm00001eb083400","Shoot_apical_meristem",0.819710037319994
"Zm00001eb226490","Shoot_apical_meristem",0.817096416498955
"Zm00001eb003730","Shoot_apical_meristem",0.812302067254147
"Zm00001eb048540","Shoot_apical_meristem",0.807526524551085
"Zm00001eb100130","Shoot_apical_meristem",0.801746126340882
"Zm00001eb266570","Shoot_apical_meristem",0.799797426678911
"Zm00001eb021040","Shoot_apical_meristem",0.7991038316497
"Zm00001eb055920","Shoot_apical_meristem",0.792403720275894
"Zm00001eb390210","Shoot_apical_meristem",0.791909230348385
"Zm00001eb119470","Shoot_apical_meristem",0.783055061646378
"Zm00001eb329730","Shoot_apical_meristem",0.782987162703453
"Zm00001eb337450","Shoot_apical_meristem",0.782496971414056
"Zm00001eb074530","Shoot_apical_meristem",0.780474071396471
"Zm00001eb204160","Shoot_apical_meristem",0.779253453564939
"Zm00001eb150740","Shoot_apical_meristem",0.778393384005158
"Zm00001eb219770","Shoot_apical_meristem",0.778356308251431
"Zm00001eb302370","Shoot_apical_meristem",0.774694454756834
"Zm00001eb072750","Shoot_apical_meristem",0.773279860880439
"Zm00001eb103480","Shoot_apical_meristem",0.773222317747514
"Zm00001eb254430","Shoot_apical_meristem",0.772419791320659
"Zm00001eb117140","Shoot_apical_meristem",0.771436966333848
"Zm00001eb241930","Shoot_apical_meristem",0.771190869301862
"Zm00001eb277100","Shoot_apical_meristem",0.768346050137752
"Zm00001eb363490","Shoot_apical_meristem",0.767275835792024
"Zm00001eb070280","Shoot_apical_meristem",0.765773315226949
"Zm00001eb202440","Shoot_apical_meristem",0.761652728658239
"Zm00001eb023570","Shoot_apical_meristem",0.759685759784287
"Zm00001eb010420","Shoot_apical_meristem",0.75928202973876
"Zm00001eb336990","Shoot_apical_meristem",0.756665331483616
"Zm00001eb370430","Shoot_apical_meristem",0.754750874382071
"Zm00001eb000440","Shoot_apical_meristem",0.75361959983587
"Zm00001eb299420","Shoot_apical_meristem",0.753515650950585
"Zm00001eb361880","Shoot_apical_meristem",0.752354969811837
"Zm00001eb314010","Shoot_apical_meristem",0.752327077512261
"Zm00001eb094610","Shoot_apical_meristem",0.751227896207429
"Zm00001eb375490","Shoot_apical_meristem",0.751038707282284
"Zm00001eb335880","Shoot_apical_meristem",0.750277213310147
"Zm00001eb340450","Shoot_apical_meristem",0.749751167471033
"Zm00001eb379920","Shoot_apical_meristem",0.747611764590945
"Zm00001eb110240","Shoot_apical_meristem",0.746576330135407
"Zm00001eb193790","Shoot_apical_meristem",0.742445045819574
"Zm00001eb225410","Shoot_apical_meristem",0.740618759647512
"Zm00001eb077640","Shoot_apical_meristem",0.739047802809746
"Zm00001eb228320","Shoot_apical_meristem",0.7382206080619
"Zm00001eb264650","Shoot_apical_meristem",0.737944469411282
"Zm00001eb017340","Shoot_apical_meristem",0.737685329920475
"Zm00001eb341630","Shoot_apical_meristem",0.735698137908126
"Zm00001eb206400","Shoot_apical_meristem",0.735591209285058
"Zm00001eb107990","Shoot_apical_meristem",0.73543650716114
"Zm00001eb242690","Shoot_apical_meristem",0.735232273002599
"Zm00001eb266970","Shoot_apical_meristem",0.734856532952969
"Zm00001eb009640","Shoot_apical_meristem",0.734532962738623
"Zm00001eb368000","Shoot_apical_meristem",0.733228081830438
"Zm00001eb091980","Shoot_apical_meristem",0.732111070947068
"Zm00001eb265760","Shoot_apical_meristem",0.731714521581117
"Zm00001eb327800","Shoot_apical_meristem",0.731522255221868
"Zm00001eb126900","Shoot_apical_meristem",0.731426219738565
"Zm00001eb389540","Shoot_apical_meristem",0.731290128763751
"Zm00001eb004180","Shoot_apical_meristem",0.731031135817425
"Zm00001eb009250","Shoot_apical_meristem",0.731028351472284
"Zm00001eb289460","Shoot_apical_meristem",0.730340618222318
"Zm00001eb115230","Shoot_apical_meristem",0.729699681509994
"Zm00001eb108020","Shoot_apical_meristem",0.728295931925204
"Zm00001eb326330","Shoot_apical_meristem",0.728025264268548
"Zm00001eb285760","Shoot_apical_meristem",0.727715029601985
"Zm00001eb353760","Shoot_apical_meristem",0.727392289806366
"Zm00001eb255410","Shoot_apical_meristem",0.72669288184607
"Zm00001eb331080","Shoot_apical_meristem",0.725665556185154
"Zm00001eb366860","Shoot_apical_meristem",0.724867133003771
"Zm00001eb048770","Shoot_apical_meristem",0.724468141229801
"Zm00001eb226550","Shoot_apical_meristem",0.723751978350495
"Zm00001eb393530","Shoot_apical_meristem",0.723453906875867
"Zm00001eb193370","Shoot_apical_meristem",0.722689433165947
"Zm00001eb313700","Shoot_apical_meristem",0.72207389749702
"Zm00001eb326000","Shoot_apical_meristem",0.720581732741945
"Zm00001eb265040","Shoot_apical_meristem",0.720394155806092
"Zm00001eb353540","Shoot_apical_meristem",0.71989922624514
"Zm00001eb264660","Shoot_apical_meristem",0.719635250786455
"Zm00001eb354910","Shoot_apical_meristem",0.719283739424373
"Zm00001eb431170","Shoot_apical_meristem",0.718829695773657
"Zm00001eb429480","Shoot_apical_meristem",0.717882334551281
"Zm00001eb021990","Shoot_apical_meristem",0.715959915199594
"Zm00001eb329900","Shoot_apical_meristem",0.715192119814768
"Zm00001eb195290","Shoot_apical_meristem",0.714230152992438
"Zm00001eb153910","Shoot_apical_meristem",0.714198597080834
"Zm00001eb076850","Shoot_apical_meristem",0.713693262861721
"Zm00001eb339990","Shoot_apical_meristem",0.713664198206296
"Zm00001eb339040","Shoot_apical_meristem",0.713511303464312
"Zm00001eb258590","Shoot_apical_meristem",0.713499237968698
"Zm00001eb400880","Shoot_apical_meristem",0.713118710799351
"Zm00001eb401480","Shoot_apical_meristem",0.712623439301276
"Zm00001eb354920","Shoot_apical_meristem",0.712361662009809
"Zm00001eb101840","Shoot_apical_meristem",0.712222151663768
"Zm00001eb149490","Shoot_system_epidermis",0.955001168244431
"Zm00001eb036750","Shoot_system_epidermis",0.927220516055446
"Zm00001eb006020","Shoot_system_epidermis",0.924368977679919
"Zm00001eb120700","Shoot_system_epidermis",0.913849968559597
"Zm00001eb136750","Shoot_system_epidermis",0.912782938581603
"Zm00001eb278420","Shoot_system_epidermis",0.912395694608482
"Zm00001eb225160","Shoot_system_epidermis",0.907983958781611
"Zm00001eb010500","Shoot_system_epidermis",0.905505156506681
"Zm00001eb333780","Shoot_system_epidermis",0.901129630245628
"Zm00001eb127460","Shoot_system_epidermis",0.894673286317674
"Zm00001eb053160","Shoot_system_epidermis",0.893024638936324
"Zm00001eb069090","Shoot_system_epidermis",0.891556478306122
"Zm00001eb131020","Shoot_system_epidermis",0.891535978922706
"Zm00001eb427610","Shoot_system_epidermis",0.886282846604897
"Zm00001eb154370","Shoot_system_epidermis",0.875193862448536
"Zm00001eb071110","Shoot_system_epidermis",0.869533367505652
"Zm00001eb222980","Shoot_system_epidermis",0.869412595478433
"Zm00001eb038890","Shoot_system_epidermis",0.867978981218717
"Zm00001eb047970","Shoot_system_epidermis",0.866965454030283
"Zm00001eb239170","Shoot_system_epidermis",0.866213769894722
"Zm00001eb024680","Shoot_system_epidermis",0.863747792258487
"Zm00001eb217390","Shoot_system_epidermis",0.858888175963661
"Zm00001eb288310","Shoot_system_epidermis",0.850414035444897
"Zm00001eb333330","Shoot_system_epidermis",0.847357082426758
"Zm00001eb324400","Shoot_system_epidermis",0.84687786174799
"Zm00001eb308150","Shoot_system_epidermis",0.845841129978915
"Zm00001eb328280","Shoot_system_epidermis",0.845092752195518
"Zm00001eb371370","Shoot_system_epidermis",0.839568839654745
"Zm00001eb427320","Shoot_system_epidermis",0.838504134142515
"Zm00001eb087050","Shoot_system_epidermis",0.83823365449702
"Zm00001eb407050","Shoot_system_epidermis",0.837413799391391
"Zm00001eb201940","Shoot_system_epidermis",0.836273648934333
"Zm00001eb046210","Shoot_system_epidermis",0.835707240750931
"Zm00001eb191580","Shoot_system_epidermis",0.832343458251994
"Zm00001eb417150","Shoot_system_epidermis",0.822418370172776
"Zm00001eb229240","Shoot_system_epidermis",0.820073905988185
"Zm00001eb023250","Shoot_system_epidermis",0.81819096848866
"Zm00001eb005130","Shoot_system_epidermis",0.816842718230264
"Zm00001eb311010","Shoot_system_epidermis",0.816072718907565
"Zm00001eb130610","Shoot_system_epidermis",0.815539895246748
"Zm00001eb124340","Shoot_system_epidermis",0.813987272347634
"Zm00001eb147550","Shoot_system_epidermis",0.810756605590661
"Zm00001eb221130","Shoot_system_epidermis",0.80874983017373
"Zm00001eb161870","Shoot_system_epidermis",0.807198810354453
"Zm00001eb054700","Shoot_system_epidermis",0.807144405832485
"Zm00001eb008010","Shoot_system_epidermis",0.80387736920171
"Zm00001eb045960","Shoot_system_epidermis",0.803155722774595
"Zm00001eb056280","Shoot_system_epidermis",0.802514611070789
"Zm00001eb384290","Shoot_system_epidermis",0.800718119651474
"Zm00001eb304540","Shoot_system_epidermis",0.797579269292164
"Zm00001eb411630","Shoot_system_epidermis",0.79578975127014
"Zm00001eb046050","Shoot_system_epidermis",0.793593752316951
"Zm00001eb008140","Shoot_system_epidermis",0.789703638630537
"Zm00001eb075940","Shoot_system_epidermis",0.785014449760881
"Zm00001eb094040","Shoot_system_epidermis",0.783922231390948
"Zm00001eb369130","Shoot_system_epidermis",0.782787731790316
"Zm00001eb228180","Shoot_system_epidermis",0.781114557287461
"Zm00001eb070050","Shoot_system_epidermis",0.780658060265382
"Zm00001eb416980","Shoot_system_epidermis",0.77868168324986
"Zm00001eb038580","Shoot_system_epidermis",0.778425711476889
"Zm00001eb407150","Shoot_system_epidermis",0.777185348491522
"Zm00001eb171720","Shoot_system_epidermis",0.77297738415043
"Zm00001eb080380","Shoot_system_epidermis",0.7708201396523
"Zm00001eb335900","Shoot_system_epidermis",0.770362821051805
"Zm00001eb205210","Shoot_system_epidermis",0.767568372356972
"Zm00001eb421990","Shoot_system_epidermis",0.765147541456647
"Zm00001eb054050","Shoot_system_epidermis",0.763104456281408
"Zm00001eb157880","Shoot_system_epidermis",0.763006227564397
"Zm00001eb061920","Shoot_system_epidermis",0.762243422062466
"Zm00001eb431350","Shoot_system_epidermis",0.761359964764305
"Zm00001eb079470","Shoot_system_epidermis",0.759269087771426
"Zm00001eb159140","Shoot_system_epidermis",0.758250230342534
"Zm00001eb126930","Shoot_system_epidermis",0.758168172693379
"Zm00001eb167740","Shoot_system_epidermis",0.758047440743156
"Zm00001eb406130","Shoot_system_epidermis",0.757117534206718
"Zm00001eb319090","Shoot_system_epidermis",0.754348394134812
"Zm00001eb395750","Shoot_system_epidermis",0.751540980531798
"Zm00001eb021780","Shoot_system_epidermis",0.750544165450664
"Zm00001eb044810","Shoot_system_epidermis",0.7498829751719
"Zm00001eb026580","Shoot_system_epidermis",0.749553161533939
"Zm00001eb310760","Shoot_system_epidermis",0.745461620866008
"Zm00001eb034870","Shoot_system_epidermis",0.745031594699737
"Zm00001eb133700","Shoot_system_epidermis",0.744061490936387
"Zm00001eb010660","Shoot_system_epidermis",0.741863768672373
"Zm00001eb368850","Shoot_system_epidermis",0.740993416551879
"Zm00001eb247450","Shoot_system_epidermis",0.740238506218146
"Zm00001eb290590","Shoot_system_epidermis",0.739917108749329
"Zm00001eb425840","Shoot_system_epidermis",0.739622442636794
"Zm00001eb122470","Shoot_system_epidermis",0.739248584380311
"Zm00001eb330340","Shoot_system_epidermis",0.735684797633213
"Zm00001eb389050","Shoot_system_epidermis",0.734639850079974
"Zm00001eb259000","Shoot_system_epidermis",0.734580896818969
"Zm00001eb398750","Shoot_system_epidermis",0.733157782732185
"Zm00001eb011840","Shoot_system_epidermis",0.732298872594028
"Zm00001eb428490","Shoot_system_epidermis",0.731370488983435
"Zm00001eb135460","Shoot_system_epidermis",0.728601669527496
"Zm00001eb124380","Shoot_system_epidermis",0.72842422862804
"Zm00001eb040890","Shoot_system_epidermis",0.728161022957306
"Zm00001eb057000","Shoot_system_epidermis",0.727099002603802
"Zm00001eb064230","Shoot_system_epidermis",0.726053433857126
"Zm00001eb326000","Vascular_tissue",0.845592328950473
"Zm00001eb326020","Vascular_tissue",0.833737369595898
"Zm00001eb274280","Vascular_tissue",0.81566278242176
"Zm00001eb179690","Vascular_tissue",0.810977148240646
"Zm00001eb142250","Vascular_tissue",0.804521954626889
"Zm00001eb370730","Vascular_tissue",0.803344576212105
"Zm00001eb249230","Vascular_tissue",0.79868867873947
"Zm00001eb022050","Vascular_tissue",0.793096938515751
"Zm00001eb235450","Vascular_tissue",0.791004968583468
"Zm00001eb257430","Vascular_tissue",0.787700439307303
"Zm00001eb257620","Vascular_tissue",0.787439942737312
"Zm00001eb205550","Vascular_tissue",0.780323407730673
"Zm00001eb382060","Vascular_tissue",0.780268026865764
"Zm00001eb250960","Vascular_tissue",0.776505281945297
"Zm00001eb400610","Vascular_tissue",0.775712640969645
"Zm00001eb214000","Vascular_tissue",0.774165055552827
"Zm00001eb359160","Vascular_tissue",0.771914339656589
"Zm00001eb428410","Vascular_tissue",0.770619966818039
"Zm00001eb284750","Vascular_tissue",0.770347155045546
"Zm00001eb250390","Vascular_tissue",0.767697772014663
"Zm00001eb085640","Vascular_tissue",0.767210795866958
"Zm00001eb215900","Vascular_tissue",0.766554861148345
"Zm00001eb343010","Vascular_tissue",0.765864984530153
"Zm00001eb120430","Vascular_tissue",0.760059755765505
"Zm00001eb042000","Vascular_tissue",0.759500352710403
"Zm00001eb026430","Vascular_tissue",0.752034186101032
"Zm00001eb369250","Vascular_tissue",0.75060982780193
"Zm00001eb046400","Vascular_tissue",0.749306293654201
"Zm00001eb353110","Vascular_tissue",0.747743952522191
"Zm00001eb004180","Vascular_tissue",0.747379940667757
"Zm00001eb393050","Vascular_tissue",0.746662317297588
"Zm00001eb029220","Vascular_tissue",0.745784108192358
"Zm00001eb393530","Vascular_tissue",0.745143454837825
"Zm00001eb271790","Vascular_tissue",0.742200158986261
"Zm00001eb041430","Vascular_tissue",0.741349321169518
"Zm00001eb187010","Vascular_tissue",0.737597802607429
"Zm00001eb324530","Vascular_tissue",0.736953019154495
"Zm00001eb384870","Vascular_tissue",0.736401838749845
"Zm00001eb384970","Vascular_tissue",0.734375049279583
"Zm00001eb007320","Vascular_tissue",0.733959974390386
"Zm00001eb288730","Vascular_tissue",0.733511182879706
"Zm00001eb385810","Vascular_tissue",0.730644218755843
"Zm00001eb007510","Vascular_tissue",0.729805846326998
"Zm00001eb273530","Vascular_tissue",0.72930535349362
"Zm00001eb162180","Vascular_tissue",0.729091977591738
"Zm00001eb429870","Vascular_tissue",0.729047485168066
"Zm00001eb360890","Vascular_tissue",0.728058401693971
"Zm00001eb225410","Vascular_tissue",0.72750849786519
"Zm00001eb038410","Vascular_tissue",0.726749535964672
"Zm00001eb315100","Vascular_tissue",0.722394872850791
"Zm00001eb290550","Vascular_tissue",0.721919611164001
"Zm00001eb107970","Vascular_tissue",0.721697149045639
"Zm00001eb013340","Vascular_tissue",0.721566487750804
"Zm00001eb107480","Vascular_tissue",0.720985570637674
"Zm00001eb226870","Vascular_tissue",0.718540589931241
"Zm00001eb318990","Vascular_tissue",0.718357213562282
"Zm00001eb324210","Vascular_tissue",0.715719732724061
"Zm00001eb122960","Vascular_tissue",0.715481914148921
"Zm00001eb005980","Vascular_tissue",0.7144526560813
"Zm00001eb141310","Vascular_tissue",0.714137304295287
"Zm00001eb288670","Vascular_tissue",0.712667214542993
"Zm00001eb322390","Vascular_tissue",0.711735877353799
"Zm00001eb070780","Vascular_tissue",0.711590272612026
"Zm00001eb390500","Vascular_tissue",0.711276647958072
"Zm00001eb333010","Vascular_tissue",0.711261366593992
"Zm00001eb172420","Vascular_tissue",0.710105126773746
"Zm00001eb368310","Vascular_tissue",0.709733192639654
"Zm00001eb065580","Vascular_tissue",0.708197509415498
"Zm00001eb323070","Vascular_tissue",0.707896988437376
"Zm00001eb275140","Vascular_tissue",0.707827415052512
"Zm00001eb163000","Vascular_tissue",0.707660821901596
"Zm00001eb070980","Vascular_tissue",0.707294632358915
"Zm00001eb183710","Vascular_tissue",0.706920220165784
"Zm00001eb291480","Vascular_tissue",0.706373995879213
"Zm00001eb265260","Vascular_tissue",0.706204586752116
"Zm00001eb015890","Vascular_tissue",0.706035365356765
"Zm00001eb400880","Vascular_tissue",0.704873944140344
"Zm00001eb326200","Vascular_tissue",0.7038951483659
"Zm00001eb006000","Vascular_tissue",0.703760019055523
"Zm00001eb336990","Vascular_tissue",0.703679069126884
"Zm00001eb337950","Vascular_tissue",0.703489572703023
"Zm00001eb186900","Vascular_tissue",0.70329894988869
"Zm00001eb173640","Vascular_tissue",0.703280514631287
"Zm00001eb079000","Vascular_tissue",0.702645605868164
"Zm00001eb379920","Vascular_tissue",0.7021775530804
"Zm00001eb249400","Vascular_tissue",0.700286080652261
"Zm00001eb213260","Vascular_tissue",0.700046610037761
"Zm00001eb150320","Vascular_tissue",0.698622589655801
"Zm00001eb140730","Vascular_tissue",0.69855448057855
"Zm00001eb085610","Vascular_tissue",0.698116539962757
"Zm00001eb171050","Vascular_tissue",0.698081809589848
"Zm00001eb064450","Vascular_tissue",0.69808008245779
"Zm00001eb139570","Vascular_tissue",0.698048656163601
"Zm00001eb265760","Vascular_tissue",0.697832877295377
"Zm00001eb041050","Vascular_tissue",0.697617135973503
"Zm00001eb183910","Vascular_tissue",0.69666428472628
"Zm00001eb233420","Vascular_tissue",0.696653884387582
"Zm00001eb022580","Vascular_tissue",0.696483311323663
"Zm00001eb023740","Vascular_tissue",0.696414451319431
"Zm00001eb242360","Vascular_tissue",0.696020777849216
