gene_id,gene_name,tf_family
Zm00001eb227240,c3h29,C3H
Zm00001eb050860,cpp6,CPP
Zm00001eb019780,ca2p3,NF-YA
Zm00001eb164530,gras26,GRAS
Zm00001eb055700,gras65,GRAS
Zm00001eb269420,dbp4,ERF
Zm00001eb325760,wrky1,WRKY
Zm00001eb202570,ereb111,ERF
Zm00001eb380990,col6,CO-like
Zm00001eb150830,ereb158,ERF
Zm00001eb361590,thx6,Trihelix
Zm00001eb307400,myb153,MYB
Zm00001eb314810,bhlh150,bHLH
Zm00001eb203350,gbptf14,GeBP
Zm00001eb424870,nactf15,NAC
Zm00001eb051340,abi30,B3
Zm00001eb264780,wrky62,WRKY
Zm00001eb062170,nactf49,NAC
Zm00001eb331080,eil6,EIL
Zm00001eb162130,c3h22,C3H
Zm00001eb353320,hox1,HB-PHD
Zm00001eb386370,myb87,MYB
Zm00001eb235640,ereb46,ERF
Zm00001eb388280,arr4,ARR-B
Zm00001eb040220,srs1,SRS
Zm00001eb289490,bhlh118,bHLH
Zm00001eb079950,wrky72,WRKY
Zm00001eb041860,myb146,MYB_related
Zm00001eb284130,bhlh124,bHLH
Zm00001eb334160,nactf118,NAC
Zm00001eb222520,mybr90,MYB_related
Zm00001eb360510,myb24,MYB
Zm00001eb073910,shai1,Nin-like
Zm00001eb244670,pap28,E2F/DP
Zm00001eb144270,abi31,B3
Zm00001eb295700,thx1,Trihelix
Zm00001eb160080,hsftf3,HSF
Zm00001eb216500,gbptf5,GeBP
Zm00001eb264150,gbptf15,GeBP
Zm00001eb358680,wrky47,WRKY
Zm00001eb243260,thx42,Trihelix
Zm00001eb430300,grftf5,GRF
Zm00001eb373300,bzip100,bZIP
Zm00001eb198620,hsftf7,HSF
Zm00001eb311020,gpm18,C3H
Zm00001eb309600,hb55,HB-other
Zm00001eb093650,nactf126,NAC
Zm00001eb358260,c3h46,C3H
Zm00001eb413100,ca5p5,NF-YC
Zm00001eb015020,ereb26,AP2
Zm00001eb075640,myb54,MYB
Zm00001eb082590,zhd15,ZF-HD
Zm00001eb354880,lg4,TALE
Zm00001eb055920,kn1,TALE
Zm00001eb154380,mads36,M-type_MADS
Zm00001eb102260,bhlh121,bHLH
Zm00001eb104790,grftf2,GRF
Zm00001eb399030,mybr54,MYB_related
Zm00001eb197040,bzip79,bZIP
Zm00001eb400120,zmm8,MIKC_MADS
Zm00001eb071920,glk36,G2-like
Zm00001eb344540,gata26,GATA
Zm00001eb172450,cca1,MYB_related
Zm00001eb117820,gn1,TALE
Zm00001eb035180,nactf114,NAC
Zm00001eb264380,nactf119,NAC
Zm00001eb299420,rs1,TALE
Zm00001eb403140,e2f6,E2F/DP
Zm00001eb103060,tcptf19,TCP
Zm00001eb421120,camta5,CAMTA
Zm00001eb291720,ereb42,ERF
Zm00001eb130180,lg3,TALE
Zm00001eb202660,srs3,SRS
Zm00001eb220660,yab9,YABBY
Zm00001eb264910,knox5,TALE
Zm00001eb251820,grftf6,GRF
Zm00001eb402580,nactf39,NAC
Zm00001eb227390,arr5,ARR-B
Zm00001eb279010,gbptf10,GeBP
Zm00001eb375660,bhlh125,bHLH
Zm00001eb015320,wrky32,WRKY
Zm00001eb204190,c3h43,C3H
Zm00001eb062760,gras40,GRAS
Zm00001eb176440,gbptf20,GeBP
Zm00001eb076640,ras18A1,NAC
Zm00001eb167310,pco136360,bHLH
Zm00001eb228170,bzip83,bZIP
Zm00001eb267130,cchh4,C2H2
Zm00001eb149810,nactf70,NAC
Zm00001eb023870,thx4,Trihelix
Zm00001eb057820,wrky30,WRKY
Zm00001eb184050,fea2,non_TF
Zm00001eb144290,arr6,ARR-B
Zm00001eb273580,myb56,MYB
Zm00001eb168120,zhd1,ZF-HD
Zm00001eb067340,GRMZM2G046968,C3H
Zm00001eb320340,mterf25,mTERF
Zm00001eb148320,myb15,MYB
Zm00001eb199530,wrky87,WRKY
Zm00001eb357490,smh1,MYB_related
Zm00001eb419680,tcptf40,TCP
Zm00001eb031560,bhlh163,bHLH
Zm00001eb070520,bhlh148,bHLH
Zm00001eb116410,bhlh73,bHLH
Zm00001eb294030,hdt103,C2H2
Zm00001eb150840,ereb147,ERF
Zm00001eb004670,hsftf13,HSF
Zm00001eb360260,nactf134,NAC
Zm00001eb388300,bhlh69,bHLH
Zm00001eb005020,hb64,TALE
Zm00001eb120590,ereb103,ERF
Zm00001eb406000,wrky63,WRKY
Zm00001eb148850,ca3p1,NF-YB
Zm00001eb074570,mmp33,C2H2
Zm00001eb139160,gata31,GATA
Zm00001eb415640,glk55,G2-like
Zm00001eb339390,nlp4,Nin-like
Zm00001eb142180,ldp1,HB-other
Zm00001eb121110,mybr22,MYB_related
Zm00001eb362090,gata17,GATA
Zm00001eb340550,thx47,Trihelix
Zm00001eb092090,bzip23,bZIP
Zm00001eb178550,wrky97,WRKY
Zm00001eb094740,bbr2,BBR-BPC
Zm00001eb296770,tsh1,GATA
Zm00001eb355110,phd17,zf-MIZ
Zm00001eb379550,nactf117,NAC
Zm00001eb317100,mbd108,MBD
Zm00001eb388060,arid10,ARID
Zm00001eb278870,hb10,HD-ZIP
Zm00001eb427580,gata6,GATA
Zm00001eb106620,ms32,bHLH
Zm00001eb306220,glk15,G2-like
Zm00001eb343660,hb29,HB-other
Zm00001eb101700,wrky71,WRKY
Zm00001eb244380,bhlh152,bHLH
Zm00001eb145420,ereb52,ERF
Zm00001eb376740,prf5,DBB
Zm00001eb030510,abi46,B3
Zm00001eb280500,fea4,bZIP
Zm00001eb312850,bhlh87,bHLH
Zm00001eb427790,thx31,Trihelix
Zm00001eb097990,hb131,HB-other
Zm00001eb143060,camta3,CAMTA
Zm00001eb031670,hb119,HD-ZIP
Zm00001eb220000,mybr99,MYB_related
Zm00001eb074810,myb104,MYB
Zm00001eb053870,c3h17,C3H
Zm00001eb429450,gras79,GRAS
Zm00001eb313820,arid4,ARID
Zm00001eb112080,GRMZM2G033962,Pseudo_ARR-B
Zm00001eb100750,bzip123,bZIP
Zm00001eb337450,c3h47,C3H
Zm00001eb075520,yab1,YABBY
Zm00001eb428800,hsftf20,HSF
Zm00001eb152940,arftf11,ARF
Zm00001eb362740,lrp1,SRS
Zm00001eb041290,zhd5,ZF-HD
Zm00001eb106790,myb141,MYB
Zm00001eb138730,bzip129,bZIP
Zm00001eb157860,bzip1,bZIP
Zm00001eb274800,sbp3,SBP
Zm00001eb169410,sbp3 (GRASSIUS),SBP
Zm00001eb060670,hsftf11,HSF
Zm00001eb361390,abi19,B3
Zm00001eb187880,glk29,G2-like
Zm00001eb029300,rs2,MYB
Zm00001eb303220,embp1,bZIP
Zm00001eb100610,gbptf8,GeBP
Zm00001eb067270,arftf4,ARF
Zm00001eb250620,grftf13,GRF
Zm00001eb004190,e2f19,E2F/DP
Zm00001eb271970,mybr98,MYB_related
Zm00001eb308280,cadtfr16,NF-YB
Zm00001eb324300,abi22,B3
Zm00001eb413890,abi51,B3
Zm00001eb073790,glk37,G2-like
Zm00001eb074730,ereb6,ERF
Zm00001eb239380,hsftf18,HSF
Zm00001eb425230,thx25,Trihelix
Zm00001eb006890,camta4,CAMTA
Zm00001eb425660,nlp9,Nin-like
Zm00001eb051910,kip1,TALE
Zm00001eb158680,hb46,HD-ZIP
Zm00001eb361790,mads43,MIKC_MADS
Zm00001eb303810,pza03344,AP2
Zm00001eb042240,dbf1,ERF
Zm00001eb349730,sbp11,SBP
Zm00001eb051330,abi4,B3
Zm00001eb227100,arftf35,ARF
Zm00001eb138370,zhd21,ZF-HD
Zm00001eb325750,gras38,GRAS
Zm00001eb233350,thx37,Trihelix
Zm00001eb361210,smh3,MYB_related
Zm00001eb035370,sbp16,SBP
Zm00001eb229950,bhlh129,bHLH
Zm00001eb136060,hb25,HD-ZIP
Zm00001eb292900,voz1,VOZ
Zm00001eb407810,gata7,GATA
Zm00001eb143690,vp1,B3
Zm00001eb008680,ifa1,YABBY
Zm00001eb179440,umc1511,AT_hook
Zm00001eb227180,sbp25,SBP
Zm00001eb330690,abi32,B3
Zm00001eb031310,cpp5,CPP
Zm00001eb147970,hb48,HB-other
Zm00001eb145150,ig1,LBD
Zm00001eb408860,nactf67,NAC
Zm00001eb232120,arftf20,ARF
Zm00001eb290900,abi45,B3
Zm00001eb408640,c3h54,C3H
Zm00001eb316800,mybr82,MYB_related
Zm00001eb108930,ca2p4,NF-YA
Zm00001eb045630,hb69,HD-ZIP
Zm00001eb187040,hmg3,HMG_box
Zm00001eb243910,rgh3,C3H
Zm00001eb238060,hmg9,HMG_box
Zm00001eb032000,ca2p5,NF-YA
Zm00001eb331630,GRMZM2G005732,Pseudo_ARR-B
Zm00001eb047760,hsftf24,HSF
Zm00001eb183700,nactf101,NAC
Zm00001eb058850,ereb184,AP2
Zm00001eb106720,bhlh80,bHLH
Zm00001eb389900,ca5p7,NF-YC
Zm00001eb284410,nlp8,Nin-like
Zm00001eb159750,bhlh166,bHLH
Zm00001eb176740,wrky122,WRKY
Zm00001eb161000,abi48,B3
Zm00001eb005740,ereb130,AP2
Zm00001eb136750,gl6,non_TF
Zm00001eb092810,ddt1,non_TF
Zm00001eb199880,ub3,SBP
Zm00001eb331880,dlf1,bZIP
Zm00001eb073900,nfd102,HMG_box
Zm00001eb408800,arftf28,ARF
Zm00001eb053460,c3h51,C3H
Zm00001eb104350,hmg103,HMG_box
Zm00001eb258240,bhlh168,bHLH
Zm00001eb207760,whirly2,Whirly
Zm00001eb091300,myb64,MYB
Zm00001eb206760,knox7,TALE
Zm00001eb316740,tsh4,SBP
Zm00001eb246280,abi35,B3
Zm00001eb288890,mybr13,MYB_related
Zm00001eb352570,ereb93,ERF
Zm00001eb076420,arftf5,ARF
Zm00001eb128000,nactf66,NAC
Zm00001eb428890,glk41,G2-like
Zm00001eb060810,bzip41,bZIP
Zm00001eb215910,chb101a,MYB_related
Zm00001eb042020,wrky25,WRKY
Zm00001eb259870,abi49,B3
Zm00001eb314500,hb11,HD-ZIP
Zm00001eb067160,c3h16,C3H
Zm00001eb172100,mybr83,MYB_related
Zm00001eb146420,rz538b,C2H2
Zm00001eb340790,gata2,GATA
Zm00001eb100770,hsftf1,HSF
Zm00001eb355240,rap2,AP2
Zm00001eb126430,fea3,non_TF
Zm00001eb275820,bhlh142,bHLH
Zm00001eb278470,bhlh5,bHLH
Zm00001eb403880,nactf57,NAC
Zm00001eb356490,hdt102,C2H2
Zm00001eb416530,mybr26,MYB_related
Zm00001eb292830,arftf23,ARF
Zm00001eb333750,c3h42,C3H
Zm00001eb402950,gata10,GATA
Zm00001eb234690,myb50,MYB
Zm00001eb118760,wrky93,WRKY
Zm00001eb369560,ereb83,ERF
Zm00001eb075080,thx32,Trihelix
Zm00001eb301520,bhlh39,bHLH
Zm00001eb389540,col13,CO-like
Zm00001eb420370,mbd113,MBD
Zm00001eb049650,mterf3,mTERF
Zm00001eb037670,hb129,HD-ZIP
Zm00001eb135750,cpp10,CPP
Zm00001eb203940,wrky8,WRKY
Zm00001eb089380,e2f5,E2F/DP
Zm00001eb197620,ca5p9,NF-YC
Zm00001eb118970,arftf7,ARF
Zm00001eb429330,r1,bHLH
Zm00001eb051370,abi25,B3
Zm00001eb123510,smh5,MYB_related
Zm00001eb369280,obf4,bZIP
Zm00001eb134600,mbd105,MBD
Zm00001eb380460,conz1,CO-like
Zm00001eb181960,mybr38,MYB_related
Zm00001eb289860,nfy2,NF-YB
Zm00001eb373390,gbptf4,GeBP
Zm00001eb092480,ns1,WOX
Zm00001eb352240,bzip96,bZIP
Zm00001eb229050,arid7,ARID
Zm00001eb291470,ca5p10,NF-YC
Zm00001eb008010,bnlg1953,C2H2
Zm00001eb400130,drl2,YABBY
Zm00001eb399440,ereb161,AP2
Zm00001eb179960,zhd7,ZF-HD
Zm00001eb041450,myb78,MYB
Zm00001eb312160,myb159,MYB
Zm00001eb274340,ca5p3,NF-YC
Zm00001eb019930,lbd5,LBD
Zm00001eb430240,zfl1,LFY
Zm00001eb042980,glk38,G2-like
Zm00001eb145660,zmm16,MIKC_MADS
Zm00001eb043940,yab10,YABBY
Zm00001eb186770,gras80,GRAS
Zm00001eb062460,ts6,AP2
Zm00001eb110960,bbx7,CO-like
Zm00001eb237460,myb157,MYB
Zm00001eb316260,ca5p16,NF-YC
Zm00001eb032060,mbd106,MBD
Zm00001eb033590,mbd119,MBD
Zm00001eb102090,mbd111,MBD
Zm00001eb199140,mbd121,MBD
Zm00001eb405850,lbd44,LBD
Zm00001eb399930,nactf102,NAC
Zm00001eb361750,abi20,B3
Zm00001eb433020,arftf29,ARF
Zm00001eb404260,rld1,HD-ZIP
Zm00001eb252640,arid5,ARID
Zm00001eb024680,ocl4,HD-ZIP
Zm00001eb320870,hmg13,HMG_box
Zm00001eb082150,abi17,ARF
Zm00001eb250190,Zm00001eb250190,non_TF
Zm00001eb360340,e2f9,E2F/DP
Zm00001eb209480,bhlh128,bHLH
Zm00001eb284250,c3h39,C3H
Zm00001eb006360,abi7,B3
Zm00001eb312620,zhd2,ZF-HD
Zm00001eb143110,sbp22,SBP
Zm00001eb101920,sbp23,SBP
Zm00001eb416980,hb18,HD-ZIP
Zm00001eb309370,glk7,G2-like
Zm00001eb232050,sbp27,SBP
Zm00001eb275690,arid8,ARID
Zm00001eb403770,bhlh131,bHLH
Zm00001eb332590,bzip72,bZIP
Zm00001eb036170,bbr1,BBR-BPC
Zm00001eb057410,hxa102,MYB_related
Zm00001eb301280,hsftf4,HSF
Zm00001eb385620,hb87,HB-other
Zm00001eb071190,ereb97,ERF
Zm00001eb079510,mybr93,MYB_related
Zm00001eb215870,gras55,GRAS
Zm00001eb349860,mterf27,mTERF
Zm00001eb429870,ereb2,ERF
Zm00001eb432090,ereb156,ERF
Zm00001eb033910,ca5p13,NF-YC
Zm00001eb021750,bzip78,bZIP
Zm00001eb376730,dbb11,DBB
Zm00001eb370850,voz5,VOZ
Zm00001eb416370,mybr84,MYB_related
Zm00001eb107920,wrky116,WRKY
Zm00001eb363140,gras2,GRAS
Zm00001eb248560,myb26,MYB
Zm00001eb388050,bzip60,bZIP
Zm00001eb320200,grftf3,GRF
Zm00001eb330680,bzip58,bZIP
Zm00001eb085420,camta1,CAMTA
Zm00001eb128930,dof8,Dof
Zm00001eb244400,thx24,Trihelix
Zm00001eb420440,bhlh108,bHLH
Zm00001eb250280,glk20,G2-like
Zm00001eb001670,zag6,MIKC_MADS
Zm00001eb253150,col5,CO-like
Zm00001eb335690,mybr21,MYB
Zm00001eb427380,mybr113,MYB
Zm00001eb189840,bzip97,bZIP
Zm00001eb321680,camta2,CAMTA
Zm00001eb214850,mybr106,MYB_related
Zm00001eb311180,ereb109,ERF
Zm00001eb372960,mads74,M-type_MADS
Zm00001eb152350,tcptf30,TCP
Zm00001eb133000,arftf8,ARF
Zm00001eb371020,hox4,HB-PHD
Zm00001eb153100,hox3,HB-PHD
Zm00001eb151240,mrpi2,C2H2
Zm00001eb193790,tu1,MIKC_MADS
Zm00001eb001460,nactf78,NAC
Zm00001eb363810,arftf25,ARF
Zm00001eb041850,hmga102,AT_hook
Zm00001eb198700,nfd106,HMG_box
Zm00001eb370810,arftf26,ARF
Zm00001eb066770,thx35,Trihelix
Zm00001eb171720,ocl5a,HD-ZIP
Zm00001eb058480,dof25,Dof
Zm00001eb122470,gl13,non_TF
Zm00001eb185110,nactf17,NAC
Zm00001eb036990,bhlh173,bHLH
Zm00001eb373670,grftf12,GRF
Zm00001eb199940,pza02421,AT_hook
Zm00001eb256730,grf9,GRF
Zm00001eb249730,IDP7496,MYB_related
Zm00001eb255670,mads73,MIKC_MADS
Zm00001eb000690,rld2,HD-ZIP
Zm00001eb059460,bhlh47,bHLH
Zm00001eb378820,si606013h03,GRF
Zm00001eb188950,arid3,ARID
Zm00001eb216060,zhd4,ZF-HD
Zm00001eb095290,bzip86,bZIP
Zm00001eb331250,bzip92,bZIP
Zm00001eb208830,bzip71,bZIP
Zm00001eb284910,mybr62,MYB
Zm00001eb353470,gata32,GATA
Zm00001eb113220,bhlh96,bHLH
Zm00001eb286490,wrky83,WRKY
Zm00001eb124790,mads54,M-type_MADS
Zm00001eb135400,wrky110,WRKY
Zm00001eb288060,bzip34,bZIP
Zm00001eb055990,bhlh27,bHLH
Zm00001eb246440,mterf17,mTERF
Zm00001eb145040,mads53,M-type_MADS
Zm00001eb300940,cchh7,non_TF
Zm00001eb095690,myb139,MYB
Zm00001eb352580,ereb92,ERF
Zm00001eb227830,dbb5,DBB
Zm00001eb255490,bhlh161,bHLH
Zm00001eb245040,myb126,MYB
Zm00001eb249290,ereb195,ERF
Zm00001eb127850,c3h35,C3H
Zm00001eb382780,mads47,M-type_MADS
Zm00001eb051900,hb33,HB-other
Zm00001eb369190,myb74,MYB
Zm00001eb073130,gras52,GRAS
Zm00001eb194220,ereb17,ERF
Zm00001eb381600,c3h5,C3H
Zm00001eb035030,ub2,SBP
Zm00001eb095110,nactf5,NAC
Zm00001eb368850,wrky90,WRKY
Zm00001eb237820,wrky2,WRKY
Zm00001eb221620,arftf17,ARF
Zm00001eb219490,qm1,MYB_related
Zm00001eb130510,ereb193,ERF
Zm00001eb291730,ereb196,ERF
Zm00001eb303620,nactf4,NAC
Zm00001eb419910,pco088744,C3H
Zm00001eb074930,ereb198,ERF
Zm00001eb148820,pco075454,C3H
Zm00001eb169130,bzip119,bZIP
Zm00001eb170530,bhlh130,bHLH
Zm00001eb242030,thx45,Trihelix
Zm00001eb243450,mybr28,MYB_related
Zm00001eb287060,srs6,SRS
Zm00001eb324660,c3h32,C3H
Zm00001eb120750,bzr2,BES1
Zm00001eb126140,ocl1,HD-ZIP
Zm00001eb171080,abi14,B3
Zm00001eb088080,abi28,B3
Zm00001eb332860,myb60,MYB
Zm00001eb329910,ddt4,non_TF
Zm00001eb071990,zfl2,LFY
Zm00001eb113710,ca5p8,NF-YC
Zm00001eb315910,bhlh106,bHLH
Zm00001eb429720,sbp21,SBP
Zm00001eb214840,mybr106,MYB_related
Zm00001eb327230,ca2p15,NF-YA
Zm00001eb299300,ereb114,AP2
Zm00001eb142540,arftf10,ARF
Zm00001eb228620,hmg1,HMG_box
Zm00001eb359990,hb113,HB-other
Zm00001eb264080,gbptf1,GeBP
Zm00001eb251390,glk47,G2-like
Zm00001eb255160,ereb18,ERF
Zm00001eb005690,nfya1,NF-YA
Zm00001eb315330,bhlh107,bHLH
Zm00001eb405630,IDP103,C3H
Zm00001eb315610,bhlh105,bHLH
Zm00001eb032780,hb84,TALE
Zm00001eb248590,myb89,MYB
Zm00001eb138920,myb8,MYB
Zm00001eb366690,bzip44,bZIP
Zm00001eb052150,bhlh114,bHLH
Zm00001eb340140,ereb148,ERF
Zm00001eb370960,wrky111,WRKY
Zm00001eb403750,mads1,M-type_MADS
Zm00001eb278670,grftf11,GRF
Zm00001eb317060,nactf79,NAC
Zm00001eb367660,myb36,MYB
Zm00001eb183200,mads39,MIKC_MADS
Zm00001eb337810,nfd110,HMG_box
Zm00001eb264930,lip15,bZIP
Zm00001eb038320,bhlh170,bHLH
Zm00001eb119340,myb117,MYB
Zm00001eb019090,umc2227,bHLH
Zm00001eb316310,wrky52,WRKY
Zm00001eb101040,bhlh169,bHLH
Zm00001eb170540,arftf13,ARF
Zm00001eb428400,bhlh134,bHLH
Zm00001eb424290,grf2,non_TF
Zm00001eb252180,zhd12,ZF-HD
Zm00001eb228320,bhlh127,bHLH
Zm00001eb246010,nactf13,NAC
Zm00001eb289320,myb85,MYB
Zm00001eb002310,glk48,G2-like
Zm00001eb117830,ereb41,AP2
Zm00001eb215190,wrky113,WRKY
Zm00001eb050220,mbd115,MBD
Zm00001eb175840,nactf12,NAC
Zm00001eb056760,bhlh103,bHLH
Zm00001eb194770,e2f13,E2F/DP
Zm00001eb292380,cpp4,CPP
Zm00001eb199970,sbp7,SBP
Zm00001eb101130,zhd16,ZF-HD
Zm00001eb118950,nlp6,Nin-like
Zm00001eb202260,bzip110,bZIP
Zm00001eb250240,iddp10,C2H2
Zm00001eb365080,hdt104,C2H2
Zm00001eb184870,toc1,Pseudo_ARR-B
Zm00001eb089580,c3h10,C3H
Zm00001eb353990,cchh1,C2H2
Zm00001eb188380,bhlh11,bHLH
Zm00001eb201290,nactf125,NAC
Zm00001eb225570,arftf19,ARF
Zm00001eb402220,hb22,HD-ZIP
Zm00001eb391190,dbf2,ERF
Zm00001eb058610,IDP2395,G2-like
Zm00001eb101980,umc2380,AT_hook
Zm00001eb055830,bhlh137,bHLH
Zm00001eb118010,glk27,G2-like
Zm00001eb143430,c3h13,C3H
Zm00001eb078590,nlp3,Nin-like
Zm00001eb121380,nactf16,NAC
Zm00001eb187720,bhlh13,bHLH
Zm00001eb092230,TIDP3698,Pseudo_ARR-B
Zm00001eb432450,farl15,FAR1
Zm00001eb403060,Zm00001eb403060,non_TF
Zm00001eb042400,hb112,HD-ZIP
Zm00001eb408520,wrky15,WRKY
Zm00001eb050660,hb124,HD-ZIP
Zm00001eb239680,hbtf2,TALE
Zm00001eb128760,myb43,MYB
Zm00001eb219100,lbd27,LBD
Zm00001eb182260,arftf14,ARF
Zm00001eb038070,ereb172,ERF
Zm00001eb099550,zhd20,ZF-HD
Zm00001eb123570,bhlh104,bHLH
Zm00001eb042490,cadtfr11,NF-YB
Zm00001eb098960,hb34,HD-ZIP
Zm00001eb139970,ereb141,ERF
Zm00001eb099960,arid2,ARID
Zm00001eb218610,ca2p10,NF-YA
Zm00001eb190840,TIDP7116,AT_hook
Zm00001eb111570,abi39,B3
Zm00001eb101410,bhlh157,bHLH
Zm00001eb218880,wrky109,WRKY
Zm00001eb104750,AY109722,C2H2
Zm00001eb369730,mrpi1,C2H2
Zm00001eb113950,grftf15,GRF
Zm00001eb180800,thx34,Trihelix
Zm00001eb207650,c3h1,C3H
Zm00001eb378270,bbr4,BBR-BPC
Zm00001eb108090,gras85,GRAS
Zm00001eb333470,c3h23,C3H
Zm00001eb288420,nactf112,NAC
Zm00001eb349010,nactf38,NAC
Zm00001eb417000,c3h24,C3H
Zm00001eb100410,hsftf2,HSF
Zm00001eb356650,phd10,zf-BED
Zm00001eb428940,nkd2,C2H2
Zm00001eb415730,nactf61,NAC
Zm00001eb032370,gata9,GATA
Zm00001eb178500,cadtfr3,NF-YB
Zm00001eb312600,myb162,MYB
Zm00001eb023160,mybr43,MYB_related
Zm00001eb053830,ca2p16,NF-YA
Zm00001eb403500,glk30,G2-like
Zm00001eb248780,gata3,GATA
Zm00001eb392530,TIDP2890,bHLH
Zm00001eb374830,ereb207,ERF
Zm00001eb139480,bzip8,bZIP
Zm00001eb035640,arftf1,ARF
Zm00001eb102580,bhlh23,bHLH
Zm00001eb295800,hb3,HB-other
Zm00001eb101190,bhlh33,bHLH
Zm00001eb330830,c3h20,C3H
Zm00001eb407120,e2f11,E2F/DP
Zm00001eb216910,c3h27,C3H
Zm00001eb364730,c3h49,C3H
Zm00001eb051120,wrky102,WRKY
Zm00001eb103730,myb31,MYB
Zm00001eb411700,bzip37,bZIP
Zm00001eb431760,bzip113,bZIP
Zm00001eb195850,gl3,MYB
Zm00001eb332400,pif3,bHLH
Zm00001eb031210,bzip111,bZIP
Zm00001eb307550,ereb177,ERF
Zm00001eb045640,arftf2,ARF
Zm00001eb032670,bhlh115,bHLH
Zm00001eb270270,hb60,HD-ZIP
Zm00001eb078490,col11,CO-like
Zm00001eb006180,ereb180,ERF
Zm00001eb423100,npi264,ERF
Zm00001eb204110,bhlh24,bHLH
Zm00001eb248800,dbb7,DBB
Zm00001eb107280,mterf8,mTERF
Zm00001eb292980,lbd33,LBD
Zm00001eb298580,wrky85,WRKY
Zm00001eb358700,hsftf25,HSF
Zm00001eb321620,mterf26,mTERF
Zm00001eb185560,tcptf25,TCP
Zm00001eb147710,myb34,MYB
Zm00001eb250540,ereb10,ERF
Zm00001eb198030,c2,non_TF
Zm00001eb280600,col10,CO-like
Zm00001eb000880,thx18,Trihelix
Zm00001eb075250,thx12,Trihelix
Zm00001eb103330,hb126,HD-ZIP
Zm00001eb220250,thx19,Trihelix
Zm00001eb315850,bzip74,bZIP
Zm00001eb006160,ereb179,ERF
Zm00001eb048440,hb49,HD-ZIP
Zm00001eb326210,gras11,GRAS
Zm00001eb123060,ra2,LBD
Zm00001eb015120,myb75,MYB
Zm00001eb349060,zmm29,M-type_MADS
Zm00001eb025650,hb121,HD-ZIP
Zm00001eb398670,lbd42,LBD
Zm00001eb370010,bhlh79,bHLH
Zm00001eb025220,wrky60,WRKY
Zm00001eb172020,cadtfr5,NF-YB
Zm00001eb136360,mterf10,mTERF
Zm00001eb295810,nactf87,NAC
Zm00001eb412510,bzip107,bZIP
Zm00001eb207450,arftf16,ARF
Zm00001eb315870,bhlh86,bHLH
Zm00001eb102440,sbp5,SBP
Zm00001eb395380,nactf29,NAC
Zm00001eb143990,mterf11,mTERF
Zm00001eb179290,kan3,G2-like
Zm00001eb157450,hmg4,HMG_box
Zm00001eb316660,bhlh146,bHLH
Zm00001eb035050,mybr103,MYB_related
Zm00001eb427600,dbb12,DBB
Zm00001eb189510,dof9,Dof
Zm00001eb031300,cpp2,CPP
Zm00001eb127840,c3h12,C3H
Zm00001eb335900,gl26,non_TF
Zm00001eb379300,mybr69,MYB_related
Zm00001eb427470,yab14,YABBY
Zm00001eb271500,znfn1,C2H2
Zm00001eb131420,gata27,GATA
Zm00001eb197370,abi40,B3
Zm00001eb249440,ereb30,ERF
Zm00001eb249450,ereb66,ERF
Zm00001eb159390,hsftf23,HSF
Zm00001eb080700,nactf32,NAC
Zm00001eb163680,zhd9,ZF-HD
Zm00001eb354920,c3h7,C3H
Zm00001eb098330,wrky38,WRKY
Zm00001eb336500,myb76,MYB
Zm00001eb391130,mybst1,MYB_related
Zm00001eb254990,mterf19,mTERF
Zm00001eb375580,ereb122,ERF
Zm00001eb015570,nactf11,NAC
Zm00001eb413920,wrky33,WRKY
Zm00001eb012440,dof30,Dof
Zm00001eb035740,mterf2,mTERF
Zm00001eb258400,nactf104,NAC
Zm00001eb212930,bhlh159,bHLH
Zm00001eb279120,bzip125,bZIP
Zm00001eb286420,mads58,M-type_MADS
Zm00001eb152810,bzip53,bZIP
Zm00001eb385610,bzip80,bZIP
Zm00001eb186480,ereb5,ERF
Zm00001eb349120,nactf88,NAC
Zm00001eb191020,nactf26,NAC
Zm00001eb157950,ereb208,ERF
Zm00001eb256070,ereb136,ERF
Zm00001eb365420,arr7,ARR-B
Zm00001eb385190,gata29,GATA
Zm00001eb287710,mterf22,mTERF
Zm00001eb360750,abi33,RAV
Zm00001eb372490,tcptf9,TCP
Zm00001eb186200,thx16,Trihelix
Zm00001eb223300,hb98,HD-ZIP
Zm00001eb124630,myb81,MYB
Zm00001eb379950,col4,CO-like
Zm00001eb002660,nactf53,NAC
Zm00001eb101280,hb54,HD-ZIP
Zm00001eb061300,bhlh17,bHLH
Zm00001eb337410,mybr24,MYB_related
Zm00001eb370720,bzip20,bZIP
Zm00001eb010050,cchh25,C2H2
Zm00001eb234620,thx13,Trihelix
Zm00001eb357780,mybr35,MYB_related
Zm00001eb104260,nlp17,Nin-like
Zm00001eb270470,why1,Whirly
Zm00001eb023330,gata16,GATA
Zm00001eb372660,ereb31,ERF
Zm00001eb015440,eil3,EIL
Zm00001eb248270,tcptf16,TCP
Zm00001eb319390,hb128,HD-ZIP
Zm00001eb202140,hb6,TALE
Zm00001eb145340,nactf95,NAC
Zm00001eb248900,thx20,Trihelix
Zm00001eb069140,bzip27,bZIP
Zm00001eb254600,tcptf26,TCP
Zm00001eb129490,myb128,MYB_related
Zm00001eb216410,col8,CO-like
Zm00001eb391280,gata28,GATA
Zm00001eb028160,bzip45,bZIP
Zm00001eb058460,glk44,G2-like
Zm00001eb252100,bhlh29,bHLH
Zm00001eb258290,gata24,GATA
Zm00001eb215740,bhlh18,bHLH
Zm00001eb122500,d1,non_TF
Zm00001eb313350,ereb143,AP2
Zm00001eb359500,ereb80,ERF
Zm00001eb235510,bzip61,bZIP
Zm00001eb178450,mterf33,mTERF
Zm00001eb080690,myb49,MYB
Zm00001eb279580,tcptf10,TCP
Zm00001eb101360,bhlh151,bHLH
Zm00001eb048370,dof40,Dof
Zm00001eb157080,thx17,Trihelix
Zm00001eb413930,ereb54,ERF
Zm00001eb009550,hb45,HD-ZIP
Zm00001eb315750,hb120,HD-ZIP
Zm00001eb160120,umc2152,C2H2
Zm00001eb294180,wrky82,WRKY
Zm00001eb354510,myb30,MYB
Zm00001eb101880,bhlh6,bHLH
Zm00001eb142960,tcptf8,TCP
Zm00001eb432460,ereb190,ERF
Zm00001eb061430,hb65,HB-other
Zm00001eb209880,thx21,Trihelix
Zm00001eb062640,dof27,Dof
Zm00001eb373970,arftf27,ARF
Zm00001eb106630,ms32,bHLH
Zm00001eb211700,dof33,Dof
Zm00001eb349900,mterf4,mTERF
Zm00001eb431080,bhlh7,bHLH
Zm00001eb108460,AC233952.1_FG008,C2H2
Zm00001eb135200,glk42,G2-like
Zm00001eb224800,nactf113,NAC
Zm00001eb417620,myb149,MYB_related
Zm00001eb179000,hb7,HD-ZIP
Zm00001eb217440,cl53605_1,GRF
Zm00001eb128310,dof6,Dof
Zm00001eb353030,tcptf7,TCP
Zm00001eb240100,gata15,GATA
Zm00001eb368970,wox13b,WOX
Zm00001eb142500,bhlh175,bHLH
Zm00001eb251200,bhlh53,bHLH
Zm00001eb432140,wox4,WOX
Zm00001eb252160,mybr78,MYB_related
Zm00001eb055540,myb77,MYB
Zm00001eb067800,ereb45,ERF
Zm00001eb394180,gbptf9,GeBP
Zm00001eb022070,abi34,B3
Zm00001eb289080,bzip101,bZIP
Zm00001eb105640,sbp13,SBP
Zm00001eb195650,scro1,GRAS
Zm00001eb320600,idd7,C2H2
Zm00001eb393690,abi38,B3
Zm00001eb015750,glk17,G2-like
Zm00001eb415520,bhlh116,bHLH
Zm00001eb198470,bzip43,bZIP
Zm00001eb208910,bzr5,BES1
Zm00001eb265630,cchh26,C2H2
Zm00001eb141310,gras4,GRAS
Zm00001eb185290,arftf15,ARF
Zm00001eb041610,bhlh42,bHLH
Zm00001eb316580,mmp46,C2H2
Zm00001eb280090,e2f12,E2F/DP
Zm00001eb309360,glk101,G2-like
Zm00001eb319460,dbb10,DBB
Zm00001eb234170,glk24,ARR-B
Zm00001eb188410,zhd17,ZF-HD
Zm00001eb323880,bhlh90,bHLH
Zm00001eb086280,wrky105,WRKY
Zm00001eb256420,hb71,HB-other
Zm00001eb056780,wrky107,WRKY
Zm00001eb093560,wri1,AP2
Zm00001eb064730,ca5p4,NF-YC
Zm00001eb056620,gata34,GATA
Zm00001eb200840,IDP8537,C2H2
Zm00001eb011370,bhlh56,bHLH
Zm00001eb218120,lbd26,LBD
Zm00001eb234120,wrky48,WRKY
Zm00001eb255860,ereb139,ERF
Zm00001eb317460,bhlh136,bHLH
Zm00001eb368640,wrky115,WRKY
Zm00001eb074320,b1,bHLH
Zm00001eb392440,AY110782,CAMTA
Zm00001eb275130,bzip76,bZIP
Zm00001eb281570,cpp12,CPP
Zm00001eb010770,ca5p11,NF-YC
Zm00001eb041070,ereb60,AP2
Zm00001eb430640,ereb205,ERF
Zm00001eb257650,AY110182,C3H
Zm00001eb117560,tcptf43,TCP
Zm00001eb248680,nactf10,NAC
Zm00001eb010190,bzip115,bZIP
Zm00001eb093670,gras37,GRAS
Zm00001eb101630,ca5p12,NF-YC
Zm00001eb175150,tga1,SBP
Zm00001eb328900,hsftf27,HSF
Zm00001eb430800,mbd123,MBD
Zm00001eb395640,bzip105,bZIP
Zm00001eb193330,hb83,HB-other
Zm00001eb395300,c3h6,C3H
Zm00001eb399390,bhlh9,bHLH
Zm00001eb255520,mterf21,mTERF
Zm00001eb099470,bhlh88,bHLH
Zm00001eb361200,smh3,MYB_related
Zm00001eb040700,arid9,ARID
Zm00001eb150360,obf3,bZIP
Zm00001eb206080,c3h38,C3H
Zm00001eb427970,abi2,B3
Zm00001eb056630,gata34,GATA
Zm00001eb174990,bbr3,BBR-BPC
Zm00001eb421100,abi21,B3
Zm00001eb218710,smh6,MYB_related
Zm00001eb202410,thx38,Trihelix
Zm00001eb319350,hsftf10,HSF
Zm00001eb250560,ereb16,ERF
Zm00001eb216950,ca2p1,NF-YA
Zm00001eb317770,zmm7,MIKC_MADS
Zm00001eb231040,bzip14,bZIP
Zm00001eb389960,mybr86,MYB_related
Zm00001eb008690,zmm14,MIKC_MADS
Zm00001eb099390,bhlh138,bHLH
Zm00001eb215440,zim2,GATA
Zm00001eb418630,gbptf11,GeBP
Zm00001eb136080,ca2p12,NF-YA
Zm00001eb084300,thx26,Trihelix
Zm00001eb434360,cchh46,C2H2
Zm00001eb406610,glk4,G2-like
Zm00001eb034940,bhlh112,bHLH
Zm00001eb413540,nactf110,NAC
Zm00001eb176680,bzip68,bZIP
Zm00001eb152420,cpp11,CPP
Zm00001eb055620,chb101b,MYB_related
Zm00001eb084940,ba2,non_TF
Zm00001eb229400,thx22,Trihelix
Zm00001eb342580,myb91,MYB_related
Zm00001eb292690,tcptf23,TCP
Zm00001eb371980,glk1,G2-like
Zm00001eb136350,gras50,GRAS
Zm00001eb217350,hb37,TALE
Zm00001eb383050,bhlh34,bHLH
Zm00001eb312870,wrky53,WRKY
Zm00001eb069700,umc1961,bHLH
Zm00001eb062130,bhlh48,bHLH
Zm00001eb001720,knox1,TALE
Zm00001eb037290,bzip62,bZIP
Zm00001eb282210,bhlh123,bHLH
Zm00001eb250580,c3h34,C3H
Zm00001eb253350,bhlh156,bHLH
Zm00001eb433840,dof41,Dof
Zm00001eb182650,hb56,HD-ZIP
Zm00001eb000470,gras53,GRAS
Zm00001eb122550,glk14,G2-like
Zm00001eb011550,ereb4,ERF
Zm00001eb060980,myb80,MYB
Zm00001eb256290,gbptf17,GeBP
Zm00001eb395560,wrky65,WRKY
Zm00001eb417490,wrky126,WRKY
Zm00001eb266360,myb62,MYB
Zm00001eb359740,wrky42,WRKY
Zm00001eb185920,myb166,MYB
Zm00001eb320820,nactf18,NAC
Zm00001eb370600,dof45,Dof
Zm00001eb129520,bhlh68,bHLH
Zm00001eb214190,glk8,G2-like
Zm00001eb157260,nactf82,NAC
Zm00001eb169140,pco137632,NAC
Zm00001eb296830,zhd6,ZF-HD
Zm00001eb316730,eil4,EIL
Zm00001eb146230,myb32,MYB
Zm00001eb299540,mterf23,mTERF
Zm00001eb433050,c3h52,C3H
Zm00001eb209070,bzip84,bZIP
Zm00001eb384820,bzr1,BES1
Zm00001eb288730,mybr3,MYB
Zm00001eb377500,hb4,HD-ZIP
Zm00001eb144450,bhlh132,bHLH
Zm00001eb130740,thx41,Trihelix
Zm00001eb168720,Zm00001d049079,MYB
Zm00001eb104640,thx46,Trihelix
Zm00001eb293740,gata25,GATA
Zm00001eb367300,myb79,MYB
Zm00001eb039810,iddp1,C2H2
Zm00001eb233310,glk53,G2-like
Zm00001eb384320,nactf98,NAC
Zm00001eb398110,ereb173,ERF
Zm00001eb153470,ereb134,ERF
Zm00001eb193550,ereb13,ERF
Zm00001eb360120,thx14,Trihelix
Zm00001eb171050,ereb209,ERF
Zm00001eb395580,myb29,MYB
Zm00001eb433430,c3h14,C3H
Zm00001eb015490,glk26,G2-like
Zm00001eb165340,gras82,GRAS
Zm00001eb041540,myb125,MYB
Zm00001eb324600,gras54,GRAS
Zm00001eb366540,myb163,MYB
Zm00001eb417610,bhlh117,bHLH
Zm00001eb252220,dof29,Dof
Zm00001eb399180,cchh2,C2H2
Zm00001eb066260,myb133,MYB
Zm00001eb062820,mterf5,mTERF
Zm00001eb190160,myb142,MYB
Zm00001eb002010,bzip114,bZIP
Zm00001eb002490,nlp7,Nin-like
Zm00001eb377480,hb77,HD-ZIP
Zm00001eb204490,bzip120,bZIP
Zm00001eb332030,myb11,MYB
Zm00001eb045780,myb121,MYB
Zm00001eb155410,bhlh57,bHLH
Zm00001eb332640,mybr107,MYB_related
Zm00001eb289480,hb76,TALE
Zm00001eb012280,gras67,GRAS
Zm00001eb189900,hb115,HD-ZIP
Zm00001eb187250,mecs1,MYB_related
Zm00001eb158520,gras46,GRAS
Zm00001eb386830,knox2,TALE
Zm00001eb387370,myb112,MYB
Zm00001eb213430,tcptf44,TCP
Zm00001eb292790,dof10,Dof
Zm00001eb224680,arftf18,ARF
Zm00001eb218500,yab6,YABBY
Zm00001eb328650,gbptf12,GeBP
Zm00001eb322390,dof14,Dof
Zm00001eb187450,mybr58,MYB_related
Zm00001eb071110,gl2,non_TF
Zm00001eb384760,hsftf28,HSF
Zm00001eb059920,tcptf5,TCP
Zm00001eb366900,bzip75,bZIP
Zm00001eb409460,mads34,MIKC_MADS
Zm00001eb023620,hb78,HD-ZIP
Zm00001eb178160,wrky94,WRKY
Zm00001eb384240,hb21,TALE
Zm00001eb143520,bhlh32,bHLH
Zm00001eb379460,nactf46,NAC
Zm00001eb107900,mterf9,mTERF
Zm00001eb266370,myb21,MYB
Zm00001eb027860,hb127,HD-ZIP
Zm00001eb186490,ereb176,ERF
Zm00001eb190120,gl4,non_TF
Zm00001eb074830,hb53,HD-ZIP
Zm00001eb427020,tcptf14,TCP
Zm00001eb397240,prrtf1,Pseudo_ARR-B
Zm00001eb238140,bhlh139,bHLH
Zm00001eb105770,dof34,Dof
Zm00001eb188100,wrky11,WRKY
Zm00001eb149360,lbd20,LBD
Zm00001eb327140,ca3p4,NF-YB
Zm00001eb210530,hsftf22,HSF
Zm00001eb195920,wri2,AP2
Zm00001eb346880,wrky34,WRKY
Zm00001eb107800,hb107,HD-ZIP
Zm00001eb233790,col18,CO-like
Zm00001eb044660,dof13,Dof
Zm00001eb216610,d9,GRAS
Zm00001eb212120,nactf6,NAC
Zm00001eb103490,prrh1,Pseudo_ARR-B
Zm00001eb253280,dof42,Dof
Zm00001eb181760,thx40,Trihelix
Zm00001eb181510,e2f16,E2F/DP
Zm00001eb395100,bzip124,bZIP
Zm00001eb075510,nactf131,NAC
Zm00001eb265410,phd12,zf-MIZ
Zm00001eb398190,bhlh143,bHLH
Zm00001eb061930,bzip29,bZIP
Zm00001eb247330,toc2,Pseudo_ARR-B
Zm00001eb273390,ereb19,ERF
Zm00001eb073010,abi12,B3
Zm00001eb181970,yy1,C2H2
Zm00001eb265240,mybr63,MYB_related
Zm00001eb326020,gras19,GRAS
Zm00001eb053560,pap25,E2F/DP
Zm00001eb147220,lg2,bZIP
Zm00001eb232000,glk18,G2-like
Zm00001eb102780,bzip65,bZIP
Zm00001eb110370,bzip91,bZIP
Zm00001eb300360,yab3,YABBY
Zm00001eb064880,wrky10,WRKY
Zm00001eb408080,tcptf12,TCP
Zm00001eb036040,bhlh81,bHLH
Zm00001eb254860,ereb187,AP2
Zm00001eb281290,si606058e04,AT_hook
Zm00001eb311960,mwp1,G2-like
Zm00001eb241300,hsftf29,HSF
Zm00001eb242480,hsftf6,HSF
Zm00001eb122740,bzip6,bZIP
Zm00001eb415660,c3h31,C3H
Zm00001eb386770,bzip93,bZIP
Zm00001eb101420,dof2,Dof
Zm00001eb325550,bes1,BES1
Zm00001eb080570,grf1,non_TF
Zm00001eb268180,ereb72,ERF
Zm00001eb364360,sbp18,SBP
Zm00001eb189080,col9,CO-like
Zm00001eb365340,jmj11,C2H2
Zm00001eb041890,kan1,G2-like
Zm00001eb338940,ereb96,ERF
Zm00001eb193920,bhlh36,bHLH
Zm00001eb084180,s1fa1,S1Fa-like
Zm00001eb390910,thx28,Trihelix
Zm00001eb388180,c3h18,C3H
Zm00001eb146650,ereb174,ERF
Zm00001eb407530,bzip10,bZIP
Zm00001eb222650,e2f18,E2F/DP
Zm00001eb423330,thx2,Trihelix
Zm00001eb054670,gbptf3,GeBP
Zm00001eb179590,bhlh40,bHLH
Zm00001eb143080,mads69,M-type_MADS
Zm00001eb157620,gata35,GATA
Zm00001eb087050,gl14,non_TF
Zm00001eb406660,glk5,G2-like
Zm00001eb018020,gbptf18,GeBP
Zm00001eb371070,gata13,GATA
Zm00001eb020740,lbd6,LBD
Zm00001eb279090,ereb27,ERF
Zm00001eb309590,ereb94,ERF
Zm00001eb107170,c3h15,C3H
Zm00001eb145580,nactf109,NAC
Zm00001eb275490,myb158,MYB
Zm00001eb407990,cchh35,C2H2
Zm00001eb050760,IDP7202,LSD
Zm00001eb237340,cpp9,CPP
Zm00001eb058370,TIDP3413,C2H2
Zm00001eb108240,lbd14,LBD
Zm00001eb384950,mads71,M-type_MADS
Zm00001eb310270,wrky79,WRKY
Zm00001eb150140,myb138,MYB
Zm00001eb353230,lbd38,LBD
Zm00001eb410950,myb109,MYB_related
Zm00001eb148190,glk54,G2-like
Zm00001eb073560,ereb68,ERF
Zm00001eb192920,mterf14,mTERF
Zm00001eb188460,dof43,Dof
Zm00001eb240740,arid6,HMG_box
Zm00001eb075300,dbb2,DBB
Zm00001eb328570,tcptf38,TCP
Zm00001eb231360,bzip160,bZIP
Zm00001eb250390,dof22,Dof
Zm00001eb372610,mads60,M-type_MADS
Zm00001eb428830,dof23,Dof
Zm00001eb250760,abi16,B3
Zm00001eb424710,wrky59,WRKY
Zm00001eb118900,g2,G2-like
Zm00001eb168870,abi36,B3
Zm00001eb068530,ereb47,ERF
Zm00001eb172290,TIDP2780,LSD
Zm00001eb255970,bzip4,bZIP
Zm00001eb233420,bzip104,bZIP
Zm00001eb037480,tcptf21,TCP
Zm00001eb266750,dof3,Dof
Zm00001eb066640,arftf3,ARF
Zm00001eb432100,ereb212,AP2
Zm00001eb152630,dof37,Dof
Zm00001eb319090,ocl3,HD-ZIP
Zm00001eb226740,zim36,GATA
Zm00001eb027720,gras21,GRAS
Zm00001eb074460,gras31,GRAS
Zm00001eb320470,thx48,Trihelix
Zm00001eb208150,sbp20,SBP
Zm00001eb273840,arftf22,ARF
Zm00001eb429830,myb68,MYB
Zm00001eb001990,nactf33,NAC
Zm00001eb024330,myc7,bHLH
Zm00001eb002830,bhlh35,bHLH
Zm00001eb193670,ereb7,ERF
Zm00001eb364850,bhlh55,bHLH
Zm00001eb174000,mads32,MIKC_MADS
Zm00001eb050790,bhlh43,bHLH
Zm00001eb071590,wrky50,WRKY
Zm00001eb051350,abi24,B3
Zm00001eb148290,gras23,GRAS
Zm00001eb064180,farl3,FAR1
Zm00001eb246520,bhlh176,bHLH
Zm00001eb134520,yab12,YABBY
Zm00001eb273540,arftf21,ARF
Zm00001eb184110,dbb4,DBB
Zm00001eb251530,wrky46,WRKY
Zm00001eb238570,bzip89,bZIP
Zm00001eb283990,Zm00001eb283990,non_TF
Zm00001eb028430,obf1,bZIP
Zm00001eb349450,glk3,G2-like
Zm00001eb086370,bhlh144,bHLH
Zm00001eb158610,c3h21,C3H
Zm00001eb259650,bzip38,bZIP
Zm00001eb136460,dof46,Dof
Zm00001eb183160,mterf13,mTERF
Zm00001eb337530,nactf47,NAC
Zm00001eb330910,nactf2,NAC
Zm00001eb390330,bhlh91,bHLH
Zm00001eb136980,bzip48,bZIP
Zm00001eb310260,wrky37,WRKY
Zm00001eb200970,tcptf2,TCP
Zm00001eb073830,nkd1,C2H2
Zm00001eb146690,bzip95,bZIP
Zm00001eb033570,thx8,Trihelix
Zm00001eb120740,dbb3,DBB
Zm00001eb301170,cpp1,CPP
Zm00001eb155280,smh4,MYB_related
Zm00001eb153520,voz4,VOZ
Zm00001eb355710,dof5,Dof
Zm00001eb011070,farl1,FAR1
Zm00001eb273020,zim20,GATA
Zm00001eb399830,arr1,ARR-B
Zm00001eb161460,mybr17,MYB_related
Zm00001eb324750,znf10,C2H2
Zm00001eb249840,gras10,GRAS
Zm00001eb259370,tcptf4,TCP
Zm00001eb117090,mads62,M-type_MADS
Zm00001eb362240,glk56,G2-like
Zm00001eb017630,mterf1,mTERF
Zm00001eb319590,GRMZM2G179024,Pseudo_ARR-B
Zm00001eb359300,c3h9,C3H
Zm00001eb415010,ereb163,AP2
Zm00001eb387280,gl15,AP2
Zm00001eb001630,bhlh140,bHLH
Zm00001eb284010,zag1,MIKC_MADS
Zm00001eb031700,arftf34,ARF
Zm00001eb067740,lg1,SBP
Zm00001eb243730,nactf133,NAC
Zm00001eb064860,hsftf5,HSF
Zm00001eb170920,col17,CO-like
Zm00001eb291140,glk43,G2-like
Zm00001eb302890,ereb82,ERF
Zm00001eb370470,cpp7,CPP
Zm00001eb075170,wrky101,WRKY
Zm00001eb245030,nactf30,NAC
Zm00001eb374110,ereb160,ERF
Zm00001eb040160,myb167,MYB_related
Zm00001eb187260,mybr64,MYB_related
Zm00001eb073550,ereb105,ERF
Zm00001eb163520,gfa1,FAR1
Zm00001eb271520,ereb25,ERF
Zm00001eb219990,mybr99,MYB_related
Zm00001eb065440,mybr95,MYB_related
Zm00001eb071780,thx23,Trihelix
Zm00001eb195490,ereb155,ERF
Zm00001eb249470,ereb104,ERF
Zm00001eb199430,ca5p14,NF-YC
Zm00001eb234870,ereb138,ERF
Zm00001eb024300,nactf43,NAC
Zm00001eb101350,bzip82,bZIP
Zm00001eb273570,myb115,MYB
Zm00001eb318060,ereb116,ERF
Zm00001eb154070,hsftf31,HSF
Zm00001eb006680,bhlh160,bHLH
Zm00001eb006700,hb5,HD-ZIP
Zm00001eb389660,bzip17,bZIP
Zm00001eb037530,ereb79,ERF
Zm00001eb164360,umc2278,C2H2
Zm00001eb397720,gras1,GRAS
Zm00001eb187310,gras76,GRAS
Zm00001eb135910,nactf108,NAC
Zm00001eb227200,glk10,G2-like
Zm00001eb294560,myb99,MYB
Zm00001eb100800,ereb211,ERF
Zm00001eb335680,mybr18,MYB_related
Zm00001eb288080,glk51,G2-like
Zm00001eb296340,gbf1,bZIP
Zm00001eb153330,wrky103,WRKY
Zm00001eb333460,c3h28,C3H
Zm00001eb160100,c3h2,C3H
Zm00001eb056050,grftf1,GRF
Zm00001eb192430,bhlh12,bHLH
Zm00001eb409800,jmj8,C2H2
Zm00001eb428070,mybr111,MYB_related
Zm00001eb016100,bzip98,bZIP
Zm00001eb295830,arftf24,ARF
Zm00001eb054480,d8,GRAS
Zm00001eb320950,nlp13,Nin-like
Zm00001eb348760,myb25,MYB
Zm00001eb068520,ereb197,AP2
Zm00001eb187120,dof17,Dof
Zm00001eb234270,knox6,TALE
Zm00001eb038010,bzip49,bZIP
Zm00001eb256690,mybr67,MYB_related
Zm00001eb109820,myb7,MYB
Zm00001eb364110,tcptf20,TCP
Zm00001eb371000,hstf2,HSF
Zm00001eb256160,gbptf16,GeBP
Zm00001eb333350,nactf97,NAC
Zm00001eb149820,ppr191,NAC
Zm00001eb246270,gl8,non_TF
Zm00001eb319530,srs7,SRS
Zm00001eb372360,nlp14,Nin-like
Zm00001eb261760,AY110100,LSD
Zm00001eb406520,ddt6,non_TF
Zm00001eb393510,ereb67,ERF
Zm00001eb270930,dbb8,DBB
Zm00001eb335200,ereb118,ERF
Zm00001eb030990,wrky3,WRKY
Zm00001eb081720,thx15,Trihelix
Zm00001eb257810,lrl3,bHLH
Zm00001eb363940,nactf9,NAC
Zm00001eb176840,nactf92,NAC
Zm00001eb336820,bzip122,bZIP
Zm00001eb206360,ereb8,ERF
Zm00001eb393300,wrky61,WRKY
Zm00001eb023210,ereb44,ERF
Zm00001eb102540,nactf35,NAC
Zm00001eb350280,wrky92,WRKY
Zm00001eb296640,c3h3,C3H
Zm00001eb330490,ereb200,ERF
Zm00001eb379340,gras32,GRAS
Zm00001eb274210,mybr77,MYB_related
Zm00001eb293840,hb47,HB-PHD
Zm00001eb175540,bhlh165,bHLH
Zm00001eb129860,sbp24,SBP
Zm00001eb215560,grftf14,GRF
Zm00001eb099980,ereb202,ERF
Zm00001eb009170,hsftf14,HSF
Zm00001eb122050,ca5p15,NF-YC
Zm00001eb107910,gras75,GRAS
Zm00001eb344600,zhd11,ZF-HD
Zm00001eb009140,crr8,ARR-B
Zm00001eb317890,nactf63,NAC
Zm00001eb063390,sbp17,SBP
Zm00001eb151260,LOC103651133,MYB_related
Zm00001eb156040,ereb126,RAV
Zm00001eb029220,dof11,Dof
Zm00001eb374760,arr2,ARR-B
Zm00001eb433460,arftf30,ARF
Zm00001eb010280,mybr59,MYB_related
Zm00001eb349820,mbd101,MBD
Zm00001eb193180,grftf10,GRF
Zm00001eb023780,mybr32,MYB_related
Zm00001eb344160,wrky106,WRKY
Zm00001eb285760,ereb69,ERF
Zm00001eb136720,myb6,MYB
Zm00001eb020850,gras58,GRAS
Zm00001eb028820,myb56,MYB
Zm00001eb063930,cchh5,C2H2
Zm00001eb136130,arftf9,ARF
Zm00001eb063940,mterf6,mTERF
Zm00001eb313510,gl1,non_TF
Zm00001eb011300,pza03344,AP2
Zm00001eb171140,mbd122,MBD
Zm00001eb051480,lbd10,LBD
Zm00001eb278680,pl1,MYB
Zm00001eb051310,glk23,G2-like
Zm00001eb288970,bzip87,bZIP
Zm00001eb185160,myb39,MYB
Zm00001eb314630,gbptf7,GeBP
Zm00001eb174220,bhlh85,bHLH
Zm00001eb348560,ereb113,ERF
Zm00001eb150010,bzip102,bZIP
Zm00001eb070890,mads9,MIKC_MADS
Zm00001eb293010,hb2,non_TF
Zm00001eb011560,gras61,GRAS
Zm00001eb037440,bhlh145,bHLH
Zm00001eb356430,wrky68,WRKY
Zm00001eb175500,nactf75,NAC
Zm00001eb103370,bbx6,DBB
Zm00001eb268690,hb38,TALE
Zm00001eb121610,wrky56,WRKY
Zm00001eb294830,ereb162,RAV
Zm00001eb168040,ereb106,ERF
Zm00001eb312120,myb66,MYB
Zm00001eb416800,bhlh162,bHLH
Zm00001eb082700,gras25,GRAS
Zm00001eb003470,myb120,MYB
Zm00001eb288360,nactf20,NAC
