BIN	# in LD	PDF	CDF_asc	CDF_desc
-1.000000	3950	0.002474	0.002474	0.000000
-0.990000	6672	0.004179	0.006654	0.997526
-0.980000	7784	0.004876	0.011529	0.993346
-0.970000	8780	0.005500	0.017029	0.988471
-0.960000	9256	0.005798	0.022827	0.982971
-0.950000	9538	0.005975	0.028802	0.977173
-0.940000	9414	0.005897	0.034699	0.971198
-0.930000	9572	0.005996	0.040694	0.965301
-0.920000	9590	0.006007	0.046702	0.959306
-0.910000	9752	0.006109	0.052810	0.953298
-0.900000	9396	0.005886	0.058696	0.947190
-0.890000	9512	0.005958	0.064654	0.941304
-0.880000	9642	0.006040	0.070694	0.935346
-0.870000	9496	0.005948	0.076642	0.929306
-0.860000	9110	0.005706	0.082349	0.923358
-0.850000	9506	0.005955	0.088303	0.917651
-0.840000	9536	0.005973	0.094276	0.911697
-0.830000	9232	0.005783	0.100059	0.905724
-0.820000	9166	0.005742	0.105801	0.899941
-0.810000	8952	0.005608	0.111408	0.894199
-0.800000	9200	0.005763	0.117171	0.888592
-0.790000	9066	0.005679	0.122850	0.882829
-0.780000	8966	0.005616	0.128466	0.877150
-0.770000	8476	0.005309	0.133776	0.871534
-0.760000	8400	0.005262	0.139038	0.866224
-0.750000	8454	0.005296	0.144333	0.860962
-0.740000	8328	0.005217	0.149550	0.855667
-0.730000	8234	0.005158	0.154707	0.850450
-0.720000	7962	0.004987	0.159695	0.845293
-0.710000	8050	0.005042	0.164737	0.840305
-0.700000	7918	0.004960	0.169697	0.835263
-0.690000	8130	0.005093	0.174790	0.830303
-0.680000	7924	0.004964	0.179753	0.825210
-0.670000	7656	0.004796	0.184549	0.820247
-0.660000	7508	0.004703	0.189252	0.815451
-0.650000	7642	0.004787	0.194039	0.810748
-0.640000	7424	0.004650	0.198689	0.805961
-0.630000	7278	0.004559	0.203248	0.801311
-0.620000	7342	0.004599	0.207847	0.796752
-0.610000	7016	0.004395	0.212242	0.792153
-0.600000	7138	0.004471	0.216713	0.787758
-0.590000	6932	0.004342	0.221055	0.783287
-0.580000	7034	0.004406	0.225462	0.778945
-0.570000	6680	0.004184	0.229646	0.774538
-0.560000	6602	0.004135	0.233781	0.770354
-0.550000	6550	0.004103	0.237884	0.766219
-0.540000	6522	0.004085	0.241970	0.762116
-0.530000	6306	0.003950	0.245920	0.758030
-0.520000	6474	0.004055	0.249975	0.754080
-0.510000	6566	0.004113	0.254088	0.750025
-0.500000	6138	0.003845	0.257933	0.745912
-0.490000	6206	0.003887	0.261820	0.742067
-0.480000	6326	0.003963	0.265783	0.738180
-0.470000	6054	0.003792	0.269575	0.734217
-0.460000	5980	0.003746	0.273321	0.730425
-0.450000	6004	0.003761	0.277082	0.726679
-0.440000	5702	0.003572	0.280653	0.722918
-0.430000	5910	0.003702	0.284355	0.719347
-0.420000	6042	0.003785	0.288140	0.715645
-0.410000	5650	0.003539	0.291679	0.711860
-0.400000	5720	0.003583	0.295262	0.708321
-0.390000	5636	0.003530	0.298793	0.704738
-0.380000	5664	0.003548	0.302340	0.701207
-0.370000	5590	0.003502	0.305842	0.697660
-0.360000	5918	0.003707	0.309549	0.694158
-0.350000	5668	0.003550	0.313099	0.690451
-0.340000	5406	0.003386	0.316486	0.686901
-0.330000	5362	0.003359	0.319845	0.683514
-0.320000	5402	0.003384	0.323228	0.680155
-0.310000	5460	0.003420	0.326648	0.676772
-0.300000	5268	0.003300	0.329948	0.673352
-0.290000	5396	0.003380	0.333328	0.670052
-0.280000	5402	0.003384	0.336712	0.666672
-0.270000	5244	0.003285	0.339997	0.663288
-0.260000	5122	0.003208	0.343205	0.660003
-0.250000	5236	0.003280	0.346485	0.656795
-0.240000	5340	0.003345	0.349830	0.653515
-0.230000	5108	0.003200	0.353030	0.650170
-0.220000	5202	0.003259	0.356288	0.646970
-0.210000	5064	0.003172	0.359460	0.643712
-0.200000	5002	0.003133	0.362594	0.640540
-0.190000	5018	0.003143	0.365737	0.637406
-0.180000	5112	0.003202	0.368939	0.634263
-0.170000	5004	0.003134	0.372073	0.631061
-0.160000	4978	0.003118	0.375192	0.627927
-0.150000	4836	0.003029	0.378221	0.624808
-0.140000	4986	0.003123	0.381344	0.621779
-0.130000	4802	0.003008	0.384352	0.618656
-0.120000	4922	0.003083	0.387435	0.615648
-0.110000	5120	0.003207	0.390642	0.612565
-0.100000	4996	0.003129	0.393772	0.609358
-0.090000	5036	0.003155	0.396926	0.606228
-0.080000	4952	0.003102	0.400028	0.603074
-0.070000	4906	0.003073	0.403101	0.599972
-0.060000	5138	0.003218	0.406320	0.596899
-0.050000	5148	0.003225	0.409545	0.593680
-0.040000	5054	0.003166	0.412710	0.590455
-0.030000	5138	0.003218	0.415929	0.587290
-0.020000	4966	0.003111	0.419039	0.584071
-0.010000	5160	0.003232	0.422272	0.580961
0.000000	4800	0.003007	0.425278	0.577728
0.010000	5126	0.003211	0.428489	0.574722
0.020000	4704	0.002947	0.431436	0.571511
0.030000	4892	0.003064	0.434500	0.568564
0.040000	4914	0.003078	0.437578	0.565500
0.050000	4856	0.003042	0.440620	0.562422
0.060000	4900	0.003069	0.443689	0.559380
0.070000	5300	0.003320	0.447009	0.556311
0.080000	5148	0.003225	0.450234	0.552991
0.090000	5186	0.003248	0.453483	0.549766
0.100000	5142	0.003221	0.456703	0.546517
0.110000	5278	0.003306	0.460010	0.543297
0.120000	5360	0.003357	0.463367	0.539990
0.130000	5322	0.003334	0.466701	0.536633
0.140000	5282	0.003309	0.470009	0.533299
0.150000	5238	0.003281	0.473290	0.529991
0.160000	5270	0.003301	0.476592	0.526710
0.170000	5454	0.003416	0.480008	0.523408
0.180000	5406	0.003386	0.483394	0.519992
0.190000	5598	0.003507	0.486901	0.516606
0.200000	5582	0.003497	0.490397	0.513099
0.210000	5622	0.003522	0.493919	0.509603
0.220000	5504	0.003448	0.497367	0.506081
0.230000	5748	0.003601	0.500967	0.502633
0.240000	5628	0.003525	0.504493	0.499033
0.250000	5890	0.003689	0.508182	0.495507
0.260000	5828	0.003651	0.511833	0.491818
0.270000	5856	0.003668	0.515501	0.488167
0.280000	5824	0.003648	0.519149	0.484499
0.290000	6024	0.003773	0.522922	0.480851
0.300000	6164	0.003861	0.526783	0.477078
0.310000	5868	0.003676	0.530459	0.473217
0.320000	6132	0.003841	0.534300	0.469541
0.330000	6174	0.003867	0.538168	0.465700
0.340000	6452	0.004042	0.542209	0.461832
0.350000	6520	0.004084	0.546293	0.457791
0.360000	6400	0.004009	0.550302	0.453707
0.370000	6690	0.004191	0.554493	0.449698
0.380000	6576	0.004119	0.558612	0.445507
0.390000	6948	0.004352	0.562964	0.441388
0.400000	6916	0.004332	0.567296	0.437036
0.410000	6724	0.004212	0.571508	0.432704
0.420000	6914	0.004331	0.575839	0.428492
0.430000	7172	0.004493	0.580332	0.424161
0.440000	6996	0.004382	0.584714	0.419668
0.450000	7434	0.004657	0.589371	0.415286
0.460000	7090	0.004441	0.593812	0.410629
0.470000	7436	0.004658	0.598470	0.406188
0.480000	7514	0.004707	0.603176	0.401530
0.490000	7434	0.004657	0.607833	0.396824
0.500000	7928	0.004966	0.612799	0.392167
0.510000	7892	0.004944	0.617743	0.387201
0.520000	8222	0.005150	0.622893	0.382257
0.530000	8094	0.005070	0.627963	0.377107
0.540000	8430	0.005281	0.633243	0.372037
0.550000	8358	0.005235	0.638479	0.366757
0.560000	8372	0.005244	0.643723	0.361521
0.570000	8556	0.005359	0.649082	0.356277
0.580000	8984	0.005628	0.654710	0.350918
0.590000	9218	0.005774	0.660484	0.345290
0.600000	9092	0.005695	0.666179	0.339516
0.610000	9310	0.005832	0.672011	0.333821
0.620000	9334	0.005847	0.677858	0.327989
0.630000	9768	0.006119	0.683977	0.322142
0.640000	9794	0.006135	0.690111	0.316023
0.650000	9966	0.006243	0.696354	0.309889
0.660000	10054	0.006298	0.702652	0.303646
0.670000	10402	0.006516	0.709168	0.297348
0.680000	10976	0.006875	0.716043	0.290832
0.690000	10986	0.006882	0.722925	0.283957
0.700000	11346	0.007107	0.730032	0.277075
0.710000	11386	0.007132	0.737164	0.269968
0.720000	11572	0.007249	0.744413	0.262836
0.730000	11808	0.007396	0.751809	0.255587
0.740000	11984	0.007507	0.759316	0.248191
0.750000	12318	0.007716	0.767032	0.240684
0.760000	12682	0.007944	0.774976	0.232968
0.770000	13162	0.008245	0.783220	0.225024
0.780000	13574	0.008503	0.791723	0.216780
0.790000	13540	0.008481	0.800204	0.208277
0.800000	13912	0.008714	0.808919	0.199796
0.810000	14228	0.008912	0.817831	0.191081
0.820000	14538	0.009107	0.826938	0.182169
0.830000	14920	0.009346	0.836284	0.173062
0.840000	15064	0.009436	0.845720	0.163716
0.850000	15474	0.009693	0.855413	0.154280
0.860000	15942	0.009986	0.865399	0.144587
0.870000	16166	0.010126	0.875525	0.134601
0.880000	16204	0.010150	0.885675	0.124475
0.890000	16632	0.010418	0.896093	0.114325
0.900000	17212	0.010782	0.906875	0.103907
0.910000	17404	0.010902	0.917777	0.093125
0.920000	17310	0.010843	0.928620	0.082223
0.930000	17870	0.011194	0.939813	0.071380
0.940000	17896	0.011210	0.951023	0.060187
0.950000	17984	0.011265	0.962288	0.048977
0.960000	17948	0.011243	0.973531	0.037712
0.970000	16902	0.010587	0.984118	0.026469
0.980000	15382	0.009635	0.993754	0.015882
0.990000	9968	0.006244	0.999997	0.006246
1.000000	4	0.000003	1.000000	0.000003
